/*!40101 SET NAMES utf8 */;

/*!40101 SET SQL_MODE=''*/;

/*!40014 SET @OLD_UNIQUE_CHECKS=@@UNIQUE_CHECKS, UNIQUE_CHECKS=0 */;
/*!40014 SET @OLD_FOREIGN_KEY_CHECKS=@@FOREIGN_KEY_CHECKS, FOREIGN_KEY_CHECKS=0 */;
/*!40101 SET @OLD_SQL_MODE=@@SQL_MODE, SQL_MODE='NO_AUTO_VALUE_ON_ZERO' */;
/*!40111 SET @OLD_SQL_NOTES=@@SQL_NOTES, SQL_NOTES=0 */;
CREATE DATABASE /*!32312 IF NOT EXISTS*/`air_monitor` /*!40100 DEFAULT CHARACTER SET utf8 COLLATE utf8_bin */;

USE `air_monitor`;
/*
Navicat MySQL Data Transfer

Source Server         : localMysql
Source Server Version : 50636
Source Host           : 127.0.0.1:3306
Source Database       : air_monitor

Target Server Type    : MYSQL
Target Server Version : 50636
File Encoding         : 65001

Date: 2017-05-16 11:39:30
*/

SET FOREIGN_KEY_CHECKS=0;

-- ----------------------------
-- Table structure for act_evt_log
-- ----------------------------
DROP TABLE IF EXISTS `act_evt_log`;
CREATE TABLE `act_evt_log` (
  `LOG_NR_` bigint(20) NOT NULL AUTO_INCREMENT,
  `TYPE_` varchar(64) COLLATE utf8_bin DEFAULT NULL,
  `PROC_DEF_ID_` varchar(64) COLLATE utf8_bin DEFAULT NULL,
  `PROC_INST_ID_` varchar(64) COLLATE utf8_bin DEFAULT NULL,
  `EXECUTION_ID_` varchar(64) COLLATE utf8_bin DEFAULT NULL,
  `TASK_ID_` varchar(64) COLLATE utf8_bin DEFAULT NULL,
  `TIME_STAMP_` timestamp NOT NULL DEFAULT CURRENT_TIMESTAMP ON UPDATE CURRENT_TIMESTAMP,
  `USER_ID_` varchar(255) COLLATE utf8_bin DEFAULT NULL,
  `DATA_` longblob,
  `LOCK_OWNER_` varchar(255) COLLATE utf8_bin DEFAULT NULL,
  `LOCK_TIME_` timestamp NULL DEFAULT NULL,
  `IS_PROCESSED_` tinyint(4) DEFAULT '0',
  PRIMARY KEY (`LOG_NR_`)
) ENGINE=InnoDB DEFAULT CHARSET=utf8 COLLATE=utf8_bin;

-- ----------------------------
-- Records of act_evt_log
-- ----------------------------

-- ----------------------------
-- Table structure for act_ge_bytearray
-- ----------------------------
DROP TABLE IF EXISTS `act_ge_bytearray`;
CREATE TABLE `act_ge_bytearray` (
  `ID_` varchar(64) COLLATE utf8_bin NOT NULL DEFAULT '',
  `REV_` int(11) DEFAULT NULL,
  `NAME_` varchar(255) COLLATE utf8_bin DEFAULT NULL,
  `DEPLOYMENT_ID_` varchar(64) COLLATE utf8_bin DEFAULT NULL,
  `BYTES_` longblob,
  `GENERATED_` tinyint(4) DEFAULT NULL,
  PRIMARY KEY (`ID_`),
  KEY `ACT_FK_BYTEARR_DEPL` (`DEPLOYMENT_ID_`),
  CONSTRAINT `ACT_FK_BYTEARR_DEPL` FOREIGN KEY (`DEPLOYMENT_ID_`) REFERENCES `act_re_deployment` (`ID_`)
) ENGINE=InnoDB DEFAULT CHARSET=utf8 COLLATE=utf8_bin;

-- ----------------------------
-- Records of act_ge_bytearray
-- ----------------------------
INSERT INTO `act_ge_bytearray` VALUES ('172f53a940b04fd5aa379b82c097be64', '1', 'source', null, 0x7B226964223A2263616E766173222C227265736F757263654964223A2263616E766173222C2270726F70657274696573223A7B2270726F636573735F617574686F72223A226A656573697465227D2C227374656E63696C736574223A7B226E616D657370616365223A22687474703A2F2F62336D6E2E6F72672F7374656E63696C7365742F62706D6E322E3023227D7D, null);
INSERT INTO `act_ge_bytearray` VALUES ('3e3251e6be2f4aab810fd78cd55907a7', '1', 'test_audit.png', '34411cf3b46d4f22acf265969ad256c8', 0x89504E470D0A1A0A0000000D49484452000003DC0000017C08060000003DD3B3DA000053E24944415478DAEDDD0B7C54F59DFFFF53A08AB7BF68A9CBB2FC6CEA6581D5AE5A31868B17349658A0E2AD4B5D8AAC525656A922D40B5A2FC0221A318518110C1711630AC4809186909A442E4908E112638C3166A5980245C4D218631CE3F77F3EDF39E730339949324998CC4C5ECFC7E3F3C85CCE5C32E7FB3E733E73CE9C310C000000000000000000000000000000000000000000000080EEA70F2F0100000000009D2BC12C65FD0500000000009D20DEAC2FCC4AB2FE8EE1250100000000A0739A6DBBC9962DDC9FD1740300000000D079CD766B970300000000805624B4D254DBD7F39D6E0000000000826CB65B6BA6D9D20D00000000401BC51BC16DB90E767A0000000000BA6DB33DA61DB7ABA3E90600000000A0F39AEDCEBA3D000000000051A7B503A485FA7E0000000000889A66BBB37607674B3700000000A0DBF33DE0D9F7CCBAD3FA1B0CDFDB7120350000000040B76FB6C77834CDCBCC52D6DFB636DD816E47D30D00000000E8F6CDB6B8D36A9A55104DB767B36DD7448FEBF94E3700000000A0DB08D404FB6B9E5B6ABAFD4D9FEA677ABED30D00000000E836CD7642104DB4BFA6BBADCDB66FD3CDEEE50000000080A8D3D6A6B7B5A63BD866DBF3F13F33D8D20D0000000088C266BBADCD6EA0A6BB473B9B6D1BDFE9060000000074DB66BBA5A6BBAA03CD76479F0F000000000061A3A35B94FD35DD1D69B67D9B6EBED30D000000005D2CCEACC7CDCA366BA7D5AC29AA4D95D4C1D75E7623F7DDB25D655DDE1149CC1B8AA2288AA2282ACAAACEAC6AB372CD7AC6706F68EA453B8770D4D71AA49F9A5564D61CB3C69975B1597D7879DAA4B5A392B7A6A52DDC6DF99DEE40D8C20D00008068247DCA20C3BD87A9F4325BCD3A68B83736F5E3E541B8986C35DA8BCDBA8097A343A4B9AD334ECC77B8DBD374F31D6E000000742703CC4AB6D68167F272A02BC9EE166F98956FB8B764A3F39AEE60B62807FAE92F7F47290FA6E9E628E5000000E8AE64CB77B9E1FE9AECE9BC1CE80AD26C67197CCFE14436DDAD35BBADFDCE766BBFD31DC81083DFE106000040F7D6C7EA77B2E979106AB21B793E03EF846A6D0B736BCDB6D1CEA6DBDEAD7D1CB30000000034DD7A4BF723BC14081539409A7C679BDDC84FBC405BBADBDA6C07DB74DB8F47B30D000000B8C9EEE5B2F72707524348C811FC9279194226C168BE7BF79D46F0BFB3EDAFE99EE8F3387C671B000000684EFA9F245E0684826CDDE668E4A16FBA3D0FA4E6D93CB7A5D9365AB91D3FFD050000000426472F979F0CE32BB538A1E20CF7EF6C23F47C772F976679A211FC4F7DF9DEAEA3BFFF0D00000074075B5967C689F69459737819C2A6E9EE287FBBAB03000000684EFAA06778197022C921F139A0567434DD9DDDBC03000000D14CD69B7379197022ED34383A7938E8E86EE0EC460E00000004478E565ECDCB8013499AB43EBC0C61D57407BB859A03A401000000C1933EA88E97012792E225082BC1EE16CE6EE400000000FD101860E8E4267A88E1FE448EEFE003000000F4436080A18D12AC663AA185EB3FA3D906000000E887C00043F0026DE9663772000000807E080C307472D34DB30D000000D00F8101864E6EBA9368B601000000FA2130C0D0B9A659F38A9FFE02000000E887C0004327CAB2E6552F5E0A000000807E080C30748E38B35C065BB801000000FA2130C0D0A932ADF924B5939703000000A01F02030C1D37C438BE75DB2E0E9A06000000D00F8101860ECAF269B6EDADDC7C971B000000A01F02030CEDE46FEBB65DE3787900000000FA2130C0D03ED9019A6DA9225E1E000000807E080C3004AFA5ADDB7C971B000000A01F02030CED94D54AB3CD11CB01000000FA2130C0C0BC0200000058C706030CCC2B00000080756C8001C6BC02000000C03A361860605E01000000AC63830106E615000000C03A36C000635E01000000601D1B0C3030AF00000000D6B1C10003F30A000000601D1B608031AF00000000B08E0D0618985700000000EBD86080817905000000B08E0D30C098570000000058C706030CCC2B00000080756C30C0C0BC0200000058C7061860CC2B00000000AC63830106E615000000C03A361860605E01000000AC63030C30E61500000000D6B1C10003F30A000000601D1B0C3030AF00000000D6B1010618F30A00000000EBD86080817905000000B08E0D0618985700000000EBD800038C7905000000B08E0D30C09857BC0400000000EBD86080817905000000B08E0D0618985700000000EBD800038C790500000080756C30C0C0BC0200000058C706030CCC2B00000080756C8001C6BC02000000C03A361860605E01000000AC63830106E615000000C03A36C000635E01000000601D1B0C3030AF00000000D6B1C10003F30A000000601D1B608031AF00000000B08E0D0618985700000000EBD86080817905000000B08E0D30C098570000000058C706032CA4FFB052BD535252664E9C38716F6C6C6C43EFDEBD95F53A509D503D7BF6FCEEFCF3CFFF6CF8F0E11BCDBF238918000000E887C000EB06962D5B76CFC89123EB636262D49C39B3557E7E9E6A68F8CAECC1BFA33AA9E4F52C2A2A548989CFA981030736F6EFDF7FAFF9D25F4CD4000000403F040658944A4D7D657DBF7EFD5452D20BCAE56A349BC3262A04959CBC48F5E9D3E7AB534F3DF526E206000000FA2130C0A2B0D9BEE0820B5451D176B309FC960A71959797A9BE7DFBFEC39C1563881C000000E887C0008B12CB962DBD47B66C17156D339B3F97572D5DFA921A3326418D1A75BDBAFEFA6BD40DF12355F2A2A466D3511DAFF2F2BDEA94534EF9C260F772000000D00F81011605FF9C52BD478EBCA63E29E979F3E4375EB562F95235FAE7A3D4ADB78CD53576CC8D2A3EFE5A3574E8156A916EBABFA13AB91213E77FDEAB57AF3C6207000000FA2130C0225C4ACAC29931313F522E57BDD9F0357A55C2A878DD68DF70C348A77EF6B3EBD4F061579A4D776CB3E9A9CEA9B3CF3EFB5373D6C4113D000000D00F810116C1264E9CB077CE9C27CD46EFEB663562789C7A61C17C95F556864A7931496FD9BE6AC4507DB99C76B9BEF47B3BAA63356DDABD3BCD599348F4000000403F040658048B8D1DD2909F9F63367A0DCDEAEEBB27AA837FFD546DDDF28ECAFED306B5EAD554B53E738DFAB8FA43F53F5327AB6FBFFDD2EFEDA88ED5BBEFE61E3067CD4EA207000000FA2130C02258EFDEBD5543C3E766A357DFAC1E9BF5902A2EDAA276146F55BB7795E892D33B766C578F3DF690DFDB501D2F991FE6AC71113D000000D00F810116E1FF9F525F362B97EBEF6AD6AC996ACA6F26A992924255FEDE1E5DBB76ED50D3EEFB6F35E3C1FBD4D75F7FEEF7B654C78B051B000000E887C0008B8A86BBCEAB1A1B3F57EBD6BDA662637FAAAA3FAA540F4EBFCFAB4A4B8BD590CB2F55AFAF4E550D0D9F35BB3DD5F162C106000000FA2130C0A2A2E1FE8753DF7D774CBDB5215D0D1B1AAB6AAAABD47B65BB55EEE68D2AF3CD3FAAB4D757AAD4575E329BF134BD7BF995575EAED2D357A86FBFFDC2EB3EA88E170B36000000D00F810116150DF731A7B66ED9A47F6B5B9AECBCBCCDEACD8C74DD68AF58BE44BDBC78914A7AE159F5CCBCA7F501D416BFB4505D7BCD08B5F1ED355EF74175BC58B0010000807E080CB0A868B8FFEED463B37EA78F442E8DF5B2D4C5BA96BC9CAC92172D50CF27CE53FF3BF749F5C4EF1F513367FC563DF9C4A366B39DA97E37F37EAFFBA03A5E2CD8000000403F0406585434DC5F38250DB7FC04D8EDB7DDACDE487B5537DAD27C3F3B7F8E9A3BE709F5DCB37375D32D4DF898D1096A73CEDB56C3FD05D589C5820D000000F44360804545C37DD4A9BD7BB7A9471F99A17E79FB38DD50CBAEE4FE2A2E6E88FAF584F17A6B7769E9BB5EF74175BC58B0010000807E080CB0A868B83FF72AD7377F535F7EF9A94A7CEE699530EA3A3562F8956AE8D02B54DC9543D450B3D1BEE6EAE1EA81FBEF51C78EFD454FEB7B7BAAE3C5820D000000F44360804545C37D840AB362C106000000FA2130C0A2A2E1FE8C0AB362C106000000FA2130C0A2A2E13E4C8559B16003000000FD10186051D170FF8D0AB362C106000000FA2130C0A2A2E13E448559B16003000000FD10186051D1701FA4C2AC58B0010000807E080CB0A868B80F5061566D18774F98D5403C010000403F0406585837DC7FA5C2AC5A1877D2687F6D5DCFC20F000000F44360808577C35DEBB7E4BA850B67ABC4C4C775EDDB57AC2F2B29D918F036C196DC5F6666AA733A27E7757DBABA7A5BC0DB9497BFA3F6ECC9F17A1EBECF4BCECF9A35ADD963CD9F3F4B9F3E74688FD77555555BF4F5478E94377BBCDADAD26697555616E8E96B6A0AF5F90D1B96AB33CE38BDDDFFBBBFEB5A69B469B8010000403F040658F837DC9FFAADE30DA1F76559592BBC2EBBF9E6043579F2AFCC86BC48979CBEF7DE3B9DF3729BB9731F72A6EFD9B3A74A4E9EE35CE76EE6DDA7CBCBFF6C36CE6FAB33CF3C434F5B5DBD553F9EDD606EDCF8AA1A3FFE176AC2845BF469B9ACB676A7FE2BD37A3ECF952B5F704EEFDFBF43FFADACCC5705056BF569794CCFE967CF9EA98E1E7D5FFFCF727ECA94FF741EC3BE2FCFE91F7FFCB75EE72FBFFC277AFAD1A3AFD7CFCFBEEEC61B47AAE9D37FA31FEFDC73FF45CD9831C56CF0DFD5B7A9A8C80BF8DA5BF3679EE1DE755C0528000000807E080CB0F06DB8F7FB2DBBA94C4C7C4C97DD146FD9B22EE06DA42EBCF0C72A36F6D216A7B1EF5F9ACFC387F7E8F3070E94EABF7979E9FABAFAFA2A7D5E1E5BCE9F724A6FDD7C8F1D1B6F36C37798CDED4A7DF9B1631F585BB8B3D4A143BB9DCB972C99AF9F4B46C612B560C1EFF565757595FA6F41C11AE77948132E973535EDD37FABAADC5BAFE5F9AC59B3586DD8B0CCEB79DBD36567AF52A5A51B556E6E9A7ECE725EFE17FBB1FDFDCFF23FC8EB77CE393F50C3865DAE9FABFD7CF7EF2FF67A6D0CFF5BB469B8010000403F040658E434DC7F695665659BD49E3DD9AAB1F163AFAAADDDA11B447FB7B1EB78C3EDFFFA82823FAA6BAF8D533939AFA9949439EAB4D34E359BE60A75F2C927A93BEEB8C96C62DF369BDA4F9CE9EDE652A6ADABFB40A5A7BFA8060E3C4F2D5CF894BE5CA67737D31F78DD46A697D32E578D2A2FDFAC2F4B4D7D4E3F5645C59FF575870EEDD297A7A52D5283075FA09B79FBF6F6FDCAEB20A7EDFB5EB52AC9DAFABF54DD7CF328E771ECE7939BFB7AC0FF5DB6DCCBF5329DBCC6F663C97D794ED786469BA2288AA22877D599B5C7AC6CB39E312BDEAC5EACC202F44360808549C3BDAF592D59324F5D74D1BFAA2D5BD6A8D5ABFFA0AEBB6E989A3DFB417D5E6E5358F8A6DFDB49B91BEE4B025E2F65E82DC9EE2DCBF3E63DA48E1CD963ED1E5EACAF97F39ED326253DA1060CF867B3A9AE50C9C94FEBCBA64E9D607D57FB5EBD9BBA3D7D6363B5F3265C5D5DA0B2B296A98D1B5778955CB76DDB3A3D7D76F6ABAAA6668BD7E31B7A2BF81FF56DFBF63D5B6F8D96CB8F1E2D536BD6A4E8867FFAF4BB557CFC087DD94F7E32488D1E7D9DBE6F792EF2E1815C6EDF974C27D7C5C40C50975C32D86CBA577B3D965CE7FBFA58F3E715B3BE35C2730B771FB3069935C6ACC7CDCA35EBA0594966F563D101049D236914B6922380F723807E080CB0A86AB83F695672F95D77FD529F4E4B5BA8B7427B5E9799B9C4EFEDA42EBC30C66AB89B5F575FFF81F55DE7E5FA7E648BB69C2E2BCB76EEF7ACB3CED4BB5CEFDF5FE83C9E34A90505E9BAD996A6559ADB55AB5EB0BE8BBDCDF92BD3A7A6CEB7B64C6FB41AEBB57EFF3FFB7F387A74AFF57DEACDFA7C6D6D91F3DCEC6957AF4ED2A70F1FDEE55C26CDF88D375EAB1F4F2E5BB8F049DD6837347CA8FF4FCFC7CAC858EC9C970F0D9A9A6A9C0F040CFDDDF59C66CFCF673EBD1AA0F10E3703ACA6415674EE61F101B43B47C9667D61D64C5E0E80F723807E080CB0886EB8FFAF59B91BEEDB9DD3D3A7DFE5755D66E6CB7E6F2775BCE1F67F7D71F19BFAF676232BBB725757BBB776BB5CD5CDEE5FCE2F5E2CBB93BFAF0E1C2856E9E98BCCA6FD625553E36E560F1D2AB1BEC3BDDE6C643F562929B3AD03A4E5EADB6FD8B05437F59326DDA6CB6EF6E5FA86864AA77995E90A0BD7A98B2EBA5037E9EE263CC76AE6B7367B7DC68EBD5EDD7A6B82D92C6FD2FFF39123BB5476F60AEB68EBAF7A4DEB6EB8BD5F87C4C447F5070B5959A97E5FFF00F3CB778B77B8922D0DB28561AD59A7B31801DA9DA372C3BD9B2C3902783F02E887C0008BCC86BBA65919FA27C19E50F5F5EF5B074A4B379BD03566435B6D36ACCBFCDEC6AEE30DB7FFEB6B6B0BD5F2E5CF5A3FD3F590D96CE7A9F3CEFB7F6AEEDC079DC77637DCC79F4B72F293BAA1DDB76F8B6EB8E5B2C6C60FADADC479D62EE0696613BDD96CDA3FB29AF917023E07CFC73876ACCC795E72FF863E605A91D948675BDF057FDAEFEDA5E1B6FF4F795CF97EF61D77FC42DF56AE5FB0609633AD5C7FF4E86E75D965FFA666CF9EAE2F97D7D4D0DFF95EE5F7FE5B996FF616EF7026DF9FCBB2567200B44F1F2B47D906DF4905783F02E887C0008BC486FB63BF75E448A9F5B35D8FE8F315159B9CADC10D0D15FAB2C3874BD44D37C5EB9A3265BCD93CBEAAB7DA9E7B6E7F7D5A2A2D2DC93A08D97A7D1B437F577ABBD52CBFA31B5A431F25FC23E7FACCCCC5CEF390F3C386FDD46CF4535546468A4A4D7D463F867D9DDC87A177F15EEA759BF2F23FA9C2C2B5BA09969A34E9565D723FEE2638C76C82DD074DEBD7EF87AAACCC7D90B4BCBCD5CEF35BBC78B6B5F57B89D76B63E803B03D6336FD95FAB9DD7BEF0475E850B19A376FA6FAFEF77BE9FBF29C566AD5AAE79DFF511E431E535E1FFB317DEF3F8A567264CB02BBF3011D6BBA654BF723BC1400EF4700FD10186011D770577B554ECE0ADDBCF6EF7F8ED974EF6C76BDDC66DAB489CEF98686F79B4D13A81A1B3FD0D3CBFDCBFD1C3EBCC36A385FF3BA7F77F37CFC7C4949863EED727D681DE13B4B9F6F6AAA72A6292878DDEB360B163CAAA7F7F73CE4FAE2E275FAF4BE7D05FAAF7C77BCA6264FDFCFE0C1E73BD3CA63B93F30C8F4BAFD810385FABA6DDBD2D5E8D1D7AA5B6F1DE5F7F1E4B9DB97575464ABABAFBE4237F2BEF7BF7AF502AFFB8FA23126BBF37D6A70E01AA0A339FA8C1C01BC1F01F4436080455CC3FD51445553D3879D324DA89E4B7BA68FC2712707AE496271027448323902783F02E887C0008BB886BB8A0AB38AC27127478B9523C5F21D54801C01E408A01F02BA53C3FD21156615A5E34EBE3B97C02205E890ADE408E0FD08A01F02032CA21AEE4A2ACC2A4AC7DDE3867B573E00ED37871C01BC1F01F44360804554C3FD01156615A5E36E8CE1FE6923001DCB512E2F03C0FB11403F040658C434DC15549855948E3B393AEC1E162940877354CDCB00F07E04D00F810116310DF7FB549855948E3BF92DE13A1629003902C811403F0474A386BB9C0AB38AE271C7021B2047003902C80BD09D1AEEF7A8302B1A6E00E4082047007901032C2A1AEE322ACC8A861B003902C811405EC0008B8A867B2F156645C30D801C01E408202F60804545C3BD870AB3A2E106408E007204901730C0A2A2E1DE4D8559D170032047003902C80B186011EEE4934FFAAEA1A1C86CF2765161525F7D55B8CF9C352EF204801C01E408202F608045B0C1837F7C283F7F89D9E895526152EBD73FFFB6396B76922700E4082047007901032C825D75D565EBE6CC994AA31B463576EC5569E6AC49244F00C811408E00F2020658041B30E007B103069CF38DCBB58366373CEA931E3D7A5498B3268E3C012047003902C80B186011AE7FFF1F9626253D48B31B063566CC554BCD59924B9E009023801C01E4050CB0E830E8CC334FAB2F2A5A41D3DB85959FBF74BD392F0E9A75317902408E007204901730C0A247FC39E79CFD779AEEAE6BB67BF4E85163CE8731E409003902C811405EC0008BC2A6FBA493BE7F6CDEBCFB3EE73BDDA1FBCEB6B51BF9C16ED06CB3C006C811408E00F20274EB0136A867CFEFE59C7EFAA987A74CB965F7A64D2F1E6C6828A431EEC4FAEAABEDFBE4A7BFE468E4D601D2E43BDB17932700E408204700790103AC7BB8D4AC39666D35ABC17A1DA8CE2997E1FE9D6DF9E9AF38F204801C01E408202F6080219C6559F3AA172F057902C811007204901730C0D039642BB1CB9A5709BC1CE409204700C811405EC00043E7C8348EEFAEBD9397833C01E408003902C80B1860E8B821C6F1ADDB768DE165214F003902408E00F20206183A26CB687E5032D9CACD77B9C913408E00902380BC80018676F2B775DBAE71BC3CE409204700C811405EC00043FB641B817F7AAB8897873C01E408003902C80B1860085E4B5BB7F92E377902C811007204901730C0D04E59AD34DB1CB19C3C01E408003902C80B1860605E318F009023801C01E4050C3030AFC03C02C811408E00F20230C09857601E01E408003902C80B1860605E318F009023801C01E4050C3030AFC03C02C811408E00F20230C09857601E01E408003902C80B1860605E318F009023801C01E4050C3030AFC03C02C811408E00F20230C09857601E01E408204700C80B1860605E318F009023801C01E4050C3030AFC03C02C811408E00F20230C09857601E01E408204700C80B1860605E318F009023801C01E4050C3030AFC03C02C811408E00F20230C09857601E01E408204700C80B1860605E318F007204801C01E4050C3030AFC03C02C811408E00F20230C09857601E01E408204700C80B4E882C6B40B5543B799958188079049023801C01E40508CE10B35CAD34DC63789958188079049023801C01E405085E760BCD769159BD788958188079049023801C01E40508DE90161AEE71BC3C2C0CC03C02C811408E00F202B49FBFEF72CB77B7D9BACDC200CC23801C01E408202F4007F8FB2E37DFDD666100E611408E0072049017A013641A6CDD666100E611408E0072049017A0D3C57934DC09BC1C2C0CC03C02C811408E00F202741EFBBBDC6CDD666100E611408E0072049017A0130D6180B13000F3082047003902C80B22678E29D53B252565E6C48913F7C6C6C636F4EEDD3BD0CF70512D54CF9E3DBF3BFFFCF33F1B3E7CF846F3EF4846160B03E611408E00902380BC7463CB962DBB67E4C891F53131316ACE9CD92A3F3F4F35347C65F6E0DF514196BC6E4545852A31F1393570E0C0C6FEFDFBEF355FE28B5918807904902300E408202FDD4C6AEA2BEBFBF5EBA792925E502E57A3D93436519D58C9C98B549F3E7DBE3AF5D4536F626100E611408E00902380BC74A366FB820B2E504545DBCDE6F05BEA0455797999EADBB7EF3F8CEEF9BBE12C0C9847003902408E00F2D2BD2C5BB6F41ED9B25D54B4CD6C0A5D5EB574E94B6ACC9804356AD4F5EAFAEBAF5137C48F54C98B929A4D47B5BDCACBF7AA534E39E50BA3FBED5ECEC2807904902300E408202FDD68EE28D57BE4C86BEA93929E374F7EE3552B962F55A37F3E4ADD7ACB585D63C7DCA8E2E3AF5543875EA116E9A6FB1BAA9D959838FFF35EBD7AE5B13000F308204700C811405EA2544ACAC29931313F522E57BDD908367A55C2A878DD68DF70C348A77EF6B3EBD4F061579A4D776CB3E9A9E0EAECB3CFFED49C05712C0CC03C02C8110072049097283471E284BD73E63C6936805F37AB11C3E3D40B0BE6ABACB73254CA8B497ACBF6552386EACBE5B4CBF5A5DFDB516DAB69D3EEDD69CE82441606601E01E408003902C84B148A8D1DD2909F9F6336800DCDEAEEBB27AA837FFD546DDDF28ECAFED306B5EAD554B53E738DFAB8FA43F53F5327AB6FBFFDD2EFEDA8B6D5BBEFE61E3067C14E1606601E01E408003902C84B14EADDBBB76A68F8DC6C00EB9BD563B31E52C5455BD48EE2AD6AF7AE125D727AC78EEDEAB1C71EF27B1BAAED25AFBB390B5CDD64A825580B830452C7021B204700C811405EBACD0C52EACB66E572FD5DCD9A35534DF9CD24555252A8CADFDBA36BD7AE1D6ADA7DFFAD663C789FFAFAEBCFFDDE966A7B759380C49B2547654FB2FE8E21762CB0017204801C01E4A59B34DC755ED5D8F8B95AB7EE35151BFB5355FD51A57A70FA7D5E555A5AAC865C7EA97A7D75AA6A68F8ACD9EDA9B657370848BC4F932D5BB83FA3E966810D902300E408202FDDA4E1FE8753DF7D774CBDB5215D0D1B1AAB6AAAABD47B65BB55EEE68D2AF3CD3FAAB4D757AAD4575E329BF134BD7BF995575EAED2D357A86FBFFDC2EB3EA8B6579407C4B7D96EED72B0C006C8110072049097686BB88F39B575CB26FD5BDBD264E7E56D566F66A4EB467BC5F225EAE5C58B54D20BCFAA67E63DAD0FA0B6F8A585EADA6B46A88D6FAFF1BA0FAAED15C5014968A5A9B6AFE73BDD2CB0017204801C01519A970166DD67D65AB3AACDAAB39E7083599F989569D64C6BBA286EB8FFEED463B37EA78F442E8DF5B2D4C5BA96BC9CAC92172D50CF27CE53FF3BF749F5C4EF1F513367FC563DF9C4A366B39DA97E37F37EAFFBA0DA5E51FA86D2D6669A2DDD2CB0017204801C015198977166E55A4DF62B66DD66D620B34EB7AE97BF31562390644D976FD684E86CB8BF704A1A6EF909B0DB6FBB59BD91F6AA6EB4A5F97E76FE1C3577CE13EAB967E7EAA65B9AF031A313D4E69CB7AD86FB0BAA1D15856F28F146705BAE839D1EACE000E408204700C2342FD244679B556E35D3BD82B8AD3404F29BC95BCDBA20BA1AEEA34EEDDDBB4D3DFAC80CF5CBDBC7E9865A7625F757717143D4AF278CD75BBB4B4BDFF5BA0FAAED15656F28EDDD622DB7ABA3E966810D902300E40888DCBC8C37EBA0E1DE45BC5707EEE73EEB7EA2656BB7D9F87DEE55AE6FFEA6BEFCF25395F8DCD32A61D4756AC4F02BD5D0A157A8B82B87A8A166A37DCDD5C3D503F7DFA38E1DFB8B9ED6F7F654DB2B8ADE503ABA7B38BB97B3C006C81100720444685E64255EBE931DD749F777A9757F93A3A3E13E42755145C91B4A6B07480BF5FD80151C801C01E408202F2132DE6A8E633AF97E63ACFB8DF42DDD66E3F719D54515056F289D7DB471B674B38203902300E4088890BC48532CBB7FC79DA0FBBFD4BAFF4191DD701FA6BAA822FC0DC5F78067DF33EB4EEB6F307C6FC781D458C101C811408E0044405EE448E4334FF063C877BAB74676C3FD37AA8B2A82DF507CB7444BB3BCCCFA7F9605D17407BA1D4D372B38003902C8118030CE8BFCF4971C8DBC77081E6B8F11B9BB969B8DDF21AA8B2A42DF50FCEDF67DA7F5BFA8209A6ECF66DBAE891ED7F39D6E5670007204902300619A97DC10AEA84B0312A95BB9CDC6EF20D54515816F28819A607FCD734B4DB7BFE953FD4CCF77BA59C101C811408E0084595E0618EE039AF50AE163561B9D7F60B68E7EE030A26D0DF701AA8BAA8B02D2D6B111A8D94E08A289F6D774B7B5D9F66DBAD9BD9C151C801C01E4084018E445BE57BD38C48F99689CF8EF8B07FBC22BABB98A6BB9E1FE6B874AEE23337399733A27274D9FAEAEDE1EF036E5E5EFA83D7B36AB92928D5EF7E379DEAE7DFB76A8934F3EA94DCF63FCF89B9A5DB666CD12BFD36767AF56679E7946BBFFE79494799DF2DA85F1D8684FD3DB5AD31D6CB3EDF9F89F196CE96605072047003902D0E579596BD66D217E4C6904B2C2B0E1B62BDBF0BF55D36CFC6A83AE9E3D7BAAE4E43966335CACEF3F31F171E7B434D3D238BB9BD95AB3F1DEA6B2B2563ACF65E3C655BA319E30E1167D5A2EABAD2DD57F655A7F8F27D79D724AEF80CFE7D0A13D7A9A0103FE59DF67FFFEFFA4D2D25E349BE2FF55175DF4AFCEE31C3B56D9EC7E2B2AF2544D4DA19EE6D65B7FAE264FFE95337D7171969EAEB07083BE6CD2A45FEABFF23871713FD5A7A5366C58AECE3BEFDCA05FC72E6EB85B1B1BBECD765B9BDD404D778F7636DB36BED3CD0A0E408E007204200CF222BB775F10E2C78C31EBD3306EB83DB76A8EF06EB83F6D77C9ED67CC98A20E1FDEABCF1F38B04BFFCDCBFBA3BEAEBEFE237D5E1A72BB69CECA5AA1C68EBD414D99F29F66B3FAAAD3081B7A0BF7DB7AFAF2F23FEBE6574AA691E6B95FBF1FEAC7B26F3371E26D7A5A97EB13DDF0CA6969B40B0BD7AB6BAF1DAAE6CD7BD8798ED278DBCFF9C891F7D4B06143F4FDD8CFCB7EDE86DE5A9FEA9CCEC858EA9C5EB366B1731FB2C55D6E6B9FFFFEF77BA9C71FFF6DBB5EBF301E1BED69B65B6ABAAB3AD06C77F4F980151C801C01E408202F9DA4CEACD343FC98F2780D11D0707B6ED58C7337DCFB83AE828235BAA9CDC9596D36B373D569A79D6A36CD1FE846F48E3BC6A9D2D28DAAA9699F33BDFDB8326D5D5DA54A4F4F5103079EAF162E7C5A5F2ED3CB5FB9CEDFE35D78E18F556CECA5019F8F3CEEE8D1D7A949936E371BE9956AF1E2797A0BB434E8F66572FF6969C9CE6DE4F9C9659595F9AAAC2CC76CDCFF4F9FCFCE5EE53C67799E72BAA1A15A9597E79ACD7A992EB96EE5CA17F4E99A9A6DBAD16FCFEB18660DB7EFD8E8E816657F4D77479A6DDFA69BEF74B382039023801C01E4A51B8554456229F5977695DCB6AA2A5FFF9D37EF21B3F9DC6BED1EBE435F2FE73DA74D4A7A42EF8A5D57F7814A4E9EAD2F9B3AF5D7FAEFAC59F7E9DDD4033DD6F186BBF975F6E3EEDF5FA4FF8E1D1BEF34D95959CBF58701FBF615AA8A8A3F7BDDEE8927EED75BDC6FBF7DB4DAB265ADAAAE7E57DFFED0A15DCE73CEC858E2F53FA4A52D528D8D1F5B5BC297EAD3D9D9AFEAC768EF6B18E695D4C14CC86EE4BE5BB6ABACCB3B22C9BAAF3E2C6359C101C811408E00F2125A6CE10EDC40ED34DC5B2CED23B89B8DDFBEA0AABEBE525D7EF94FCC867685BECF3BEEB8499F2E2BDBE434A2679D75A63AE79C1FE826586E23975F72C9605550F047B3D97E5AC5C40CD05BA457AD7A415FB76FDF76E7AFFD38DBB6AD5393278F57B9B9ABF5EEE452F238CB9727EA695DAE8F9B3D37FBF1EDF38D8DD5FA32B90FDFE92A2A729DD7E5E8D132B3A1BF44C5C78FF09A2623E365AFF323465CE1FCDFF2DCE4B46CDDBEF9E65141BF8EF67D86F1D868EDA8E4AD69690B775B7EA73B10B670B382039023801C01E8C2BCF01DEED69B29E378C3FD49D0555C9C6936B64BF47DAF5E9DA4060FBE40555717388DB0BBF15DE24C2FE7172F96DDC92BD481033B547A7AB26EDA6B6AECADCA3BADEF706F706ED3D8F89173FAC20B637443DCDAF392FB90E9264DBACD6C8697ABACAC65EA8C334EF39A66DFBE6DFABEA50C7D54F5552A2F2FCD6AF8B7398F6DE8DDCB577ADDB7FD3F19FAE06FCBF56969E6DD07880BFE750C93863BD0D8B09BDB3AE3C47C87BB3D4D37DFE16605072047003902D0C579E128E5C79B9A22B3C619817F93DC6CFCFE2FE8AAAD2D54CB973FA71F63FEFC87CC663B5F1FA57BEEDC19FA7A7773FAB233BD9C4F4E7E4A1D39B2CB6C6AB79A0DF7227D59636395757472F7AEE905056FF87DBCE30D77CBCF4BEEE3E187EFD18F6197BB715ED16C5AFBB16B6A0AD4E1C3A5CEF390EBAAAADE71AEF3BCEFF8F8E1BAD136F416EEFFD0A7FBF63D4BCD9831B95DAF631737DCAD8D0DDF26B7AD5B9403FDF497BFA39407D37473947256700072049023006190177E87BBE5AD963E0D774DD065E8EF6A175A4D6A9E4A49711FFCACA9A9DAB9DEDD701F9F7ED830F919AD652A23E325959AFA8CDEE5DCBE4EEE43FE6665BDE2F7F18E37DCEEF32ED747D6AEE0BB9B3D2FCFC7B52FF377BFF5F5EF5B5BB5B758DF01DFA69F875C2EBBBCCBF36DE9FF97FFA53DAF9DEFFD84F1D8F0D774B7D6ECB6F63BDBADFD4E7720430C7E879B151C801C01E4084058E46580599F04D9507494ECC61E13893348A98F83AAC6C64AD5D0506136B14B75C374F87089FE9B97B7DA99C6DDE42EF53A5F52F2A63EED72B9B72C9795BDADCF37357DE44C5350906636BCE5EAE69B7FA6E6CE7D5025263E6236C4EFAAA953FF534D9B36519F962A2C5CAB4E3BED1475ECD85EAFE76638BB94DFAA6BE3C654ABA17FA7D9FF5157F79E75E0B6FFD4CFC97E2EF26180EFFFE35B86DE6ABE3CE8D7CEDFFD44D058696D0B736BCDB6D1CEA6DBDEAD7D1CCB535670007204902300E191975C23745BC3A421D81AA93348A9EA905753535544DDEF897A9C087C4309B4A5BBADCD76B04DB7FD7834DBACE000E408204700C2282FB2825E6E84662BB7ECA23B21721BEE8FA82EAA087D43912DDDBEBB77DF6904FF3BDBFE9AEE893E8FC377B659C101C811408E0084695EF28D13FFBD6AF9BEF85623B4BBAF7772C35D45755145F01B8AEF4F867936CF6D69B68D566EC74F7FB182039023801C0108F3BCC49875D0ACB81374FF975AF73F28926790521F525D5411FE86E2BB7BB934CB138DE07FEACBF7761DFDFD6FB082039023801C01E42544C61BEE03A8C59C80665EEE7742A4CF20A52AA92EAA287843E9ECDFC5F6B7BB3A58C101C811408E0084715E2659CD71676DE9BED4BABF47A2610629F501D54515256F289DD5747776F30E5670007204902380BC84886CE9962D67F29DEE8E7CDF5ABEB37DD06AE2A36206295541755145D11B4A47770367377216D8003902408E8008CF4B8CE1FEB9B0F276ACD8CBD6B722C37D80B441D13483947A9FEAA28AB23794F61E559C03A4B1C006C81100720444515E6EB31A6FD92D7CB1E1FE09B10BCC3ADDBAFE74AB39970620D1AC6AABD19E6444EED1C85B68B8CBA92EAA287C430976B770762367810D902300E40888D2BC0C30EB01B3D65ACD7783F584E5EFA7666519EE5DD063A2790629F51ED54515A56F286D6DA2879855677DE00516D8003902408E00F2128D0D7719D54515C50149B09AE98416AEFF8C669B0536408E00902380BC4479C3BD97EAA28AF28004DAD2CD6EE42CB0017204801C01E4A5BB34DC7BA82EAA6E1010DFE69A669B0536408E00902380BC740F279F7CD2770D0DC566F3B79B0A717DF555E13E7316B8BAC130B39BEC249A6D16D8003902408E00F2D26D0C1EFCE343F9F94BCD06701715E25ABFFE85B7CD59B0B39B0CB5046B61C04F7FB1C006C8110072049097EEE1AAAB2E5B3767CE54B3012CA5425C63C75E9566B87F768E85019847003902408E00F2126D060CF841EC8001E77CE372EDA0090E6D7DD2A3478F0A7316C4B13000F308204700C811405EA254FFFE3F2C4D4A7A902638843566CC554BCD973E9785019847003902408E00F212DD069D79E669F545452B68864350F9F94BD79BAFF941B32E666100E611408E00902380BC44BFF873CE39FBEF34DD27BED9EED1A3478DD13D8FD4CDC2807904902300E408202FDDB7E93EE9A4EF1F9B37EFBECFF94E77E77F67DBDA8DFCA0D17D7F168B8501F308204700C811405EBAB5413D7B7E2FE7F4D34F3D3C65CA2DBB376D7AF1604343210D733BEAABAFB6EF5BBFFEF9B7E568E4D601D2E43BDB17B33000F308204700C811405EBAB74BCD9A63D656B31AAC194905572EC3FD3BDBF2D35F710C291606CC23801C012047007901C0C2807904801C01E408202F0058188079049023801C01E405000B03308F007204801C01E405000B03E611007204902380BC00606100E611408E0072049017002C0CC03C02C8110072049017002C0C984700C811408E00F2028085019847003902C811405E00B03000F308204700C811405E00B030601E012047003902C80B001606601E01E4082047007901C0C200CC23801C012047007901C0C2807904801C01E408202F0058188079049023801C01E405000B03308F007204902300E405000B03E611007204902380BC00606100E611408E0072049017002C0CC03C02C811408E009017002C0C984700C811408E00F2028085019847003902C811405E00B03000F3082047003902405E00B030601E01E408003902C80B001606601E01E4082047007901C0C200CC23801C01E408007901C0C2807904902300E408202F005818308F7809007204902380BC00606100E611408E0072049017006061C03C02C8110072049017002C0C984700C811408E00F2028085019847003902C811405E00B03000F308204700C811405E00B45B9615FE966A272F130B6C801C012047007901109C2166B95A69B8C7F032B1C006C811007204901700C1CB6EA1D92E32AB172F110B6C801C01204700790110BC212D34DCE37879586003E408003902C80B80F6F3F75D6EF9EE365BB7596003E408003902C80B800EF0F75D6EBEBBCD021B204700C811405E0074824C83ADDB2CB0017204801C01E40540A78BF368B8137839586003E408003902C80B80CE637F979BADDB2CB0017204801C01E40540271AC2C2800536408E00902380BC00E19F2AA57AA7A4A4CC9C3871E2DED8D8D886DEBD7B07FAF92D2A88EAD9B3E777E79F7FFE67C3870FDF68FE1DC9029B1C51E4881C912372448EC81139222F4037B26CD9B27B468E1C591F1313A3E6CC99ADF2F3F35443C357E6B2FA3BAA8325AF635151A14A4C7C4E0D1C38B0B17FFFFE7BCD97FC625670C811458EC811392247E4881C9123F20244B9D4D457D6F7EBD74F2525BDA05CAE467361D2449DC04A4E5EA4FAF4E9F3D5A9A79E7A132B38E4882247E4881C912372448EC8117901A278A17CC10517A8A2A2EDE642E35B2A44555E5EA6FAF6EDFB0FA37BFC7EB8224714392247E4881C912372448EC80BD0AD2C5BB6F41EF904B4A8689BB9B07079D5D2A52FA9316312D4A851D7ABEBAFBF46DD103F52252F4A6A361DD5FE2A2FDFAB4E39E5942F8CE8DF9D4F912372448EC811392247E4881C9123F202741B72208D9123AFA94F4A7ADE3CF98D57AD58BE548DFEF92875EB2D63758D1D73A38A8FBF560D1D7A855AA417CEDF509D548989F33FEFD5AB571E2B38E4882247E4881C912372448EC8117901A2444ACAC29931313F522E57BDB98068F4AA8451F17A817CC30D239DFAD9CFAE53C3875D692E9C639B4D4F75ACCE3EFBEC4FCD5912C70A0E39A2C811392247E4881C912372445E80283071E284BD73E63C692E18BE6E562386C7A91716CC57596F65A8941793F427A0578D18AA2F97D32ED7977E6F47B5AFA64DBB77A7394B1259C1214714392247E4881C912372448EC80B100562638734E4E7E7980B86866675F7DD13D5C1BF7EAAB66E794765FF69835AF56AAA5A9FB9467D5CFDA1FA9FA993D5B7DF7EE9F77654FBEADD77730F98B364272B38E4882247E4881C912372448EC8117901A240EFDEBD5543C3E7E682A1BE593D36EB21555CB445ED28DEAA76EF2AD125A777ECD8AE1E7BEC21BFB7A1DA5F321FCC59E26205871C51E4881C912372448EC81139222F4094BCE928F565B372B9FEAE66CD9AA9A6FC66922A292954E5EFEDD1B56BD70E35EDBEFF56331EBC4F7DFDF5E77E6F4BB5BFA27CA1A6C811392247E4881C912372448EC8117901BA59C35DE7558D8D9FAB75EB5E53B1B13F55D51F55AA07A7DFE755A5A5C56AC8E597AAD757A7AA8686CF9ADD9E6A7FB182438E2872448EC811392247E4881C911720AA16CCFF70EABBEF8EA9B736A4AB614363554D75957AAF6CB7CADDBC5165BEF94795F6FA4A95FACA4BE6423B4DEF8674E59597ABF4F415EADB6FBFF0BA0FAAFDC50A0E39A2C811392247E4881C912372445E80A85A301F736AEB964DFA371965619C97B759BD9991AE17C82B962F512F2F5EA4925E78563D33EF697DA08DC52F2D54D75E33426D7C7B8DD77D50ED2F5670C811458EC811392247E4881C9123F20244D582F9EF4E3D36EB77FA8895B2005E96BA58D792979355F2A205EAF9C479EA7FE73EA99EF8FD236AE68CDFAA279F78D45C2867AADFCDBCDFEB3EA8F6172B38E4882247E4881C912372448EC8117901A26AC1FC8553B260969F8AB8FDB69BD51B69AFEA05B22CA49F9D3F47CD9DF3847AEED9B97AE12C0BEB31A313D4E69CB7AD05F3175427142B38E4882247E4881C912372448EC8117901A26AC17CD4A9BD7BB7A9471F99A17E79FB38BDE0955D8EFC555CDC10F5EB09E3F5A7A2A5A5EF7ADD07D5FE6205871C51E4881C912372448EC81139EA2259D6736EA9761A00825D307FEE55AE6FFEA6BEFCF25395F8DCD32A61D4756AC4F02BD5D0A157A8B82B87A8A1E602F99AAB87AB07EEBF471D3BF6173DADEFEDA9F6172B38E4882247E4881C912372448EC851171962B87F3BBCA5867B0CED1310F482F9081526C50A0E39A2C81139A2C811392247E4A80B65B7D06C1799D58BF609087AC1FC191526C50A0E39A2C81139A2C811392247E4A80B0D69A1E11E47EB04B46BC17C980A938AE2958004EB7F4B204714392247E4881C912372448EC29ABFEF72CB77B7D9BA0DB46FC1FC372A4C2A4A5770E2CDFAC2AC24EBEF187244912372448EC811392247E4286CF9FB2E37DFDD06DABF603E44854945E10A4EBCCF4A8D6C51F82C0A17DA8C5F72448EC811392247E4888AA61C651A6CDD063A6BC17C900A938AB2159CF8005B10E2A370CB02E3971C912372448EC81139A2A22947711E0D77B47E050308D582F900152615452B3809ADACC4D8D72790238A1C912372448EC81139224761C9FE2E375BB7818E2D98FF4A854945C90A4E5B575EA269CB02E3971C912372448EC81139A2223D4703CCBACFACB566559B556FFD0F0D667D62B877339F694D07A0ED0BE65A2A4C2A0A5670E283DC5210ECF4E4882247E4882247E4881C91A3CE253FF7956B35D6AA8D956FD6045A29A04D0BE64FA930A9085FC169EF1602B95D5D84AFE4307EC911392247E4881C91232AD27214635676104DB6BFDA6AD605B454408B0BE6FD54985404AFE0747477BC48DF9D8FF14B8EC811392247E4881C519194A3F186FB48FD9ECDB3CB6AC0279B75B1597DAD69FB9835C8BA8DEC6EEEBB255C3EA8626B371078C1FC172A4C2A4257705A3B204DA8EF871C912372448E2872448E287214D818C3FB77B6E574A2E1DEE2DD16FDACE97D7FAB7B32AD15E077C1BC8F0A938AC0159CCE3EBA6BA46E5960FC922372448EC8113922475424E468BC4FA35C69B8B766B787DCAEDCA7E9664B37D07CC1FC499B4BA6DFB66DADAAACFCB33E7DE0C00EBFD3E5E5A5A9112386A8C993FF434D9A749B576DDCB85C65652D532D3DB65C376DDA9D6D7E5EAB5727A9F3CE3B37E0F53535EFEAFBACAFFF40D7860DAFA88103CF73AEDFB76F9BD7F425251B545959B63E2D7F1B1B3F6A56727F0505E9CD9EF7F2E5CF39E7EBEA2A827E7D2368ECF81E60E67B66DD69FD0D86EFED22F1C035E4881C91A310E7883AB1458EC8111595398A31BC772397EF5FF7EDE07DCAEEE6B986F7EEE58368B100AF05F3FFB5A94A4BDFD241BAF9E6517A655F4EDF7BEFAFF5E933CF3C432D5CF88433AD9C97E93C6FDFBFFF3FA96BAF8DD3A71B1BAB544B8F2DD7DD74D30D6D7E6EFDFAFD505D7D756C8BD3486320D35457E7EBFB8F8F1F6E362CA9CEFFE25EC1F77E0E05056FE8BF1327DEA2B66CF9A39E46CE3FF5D4FDEA8E3B7EA172735FD3D39694ACD7D72F58F098BE5E2ECFC858AC2EBAE8427D9B7DFBB6EACB172F9ED3E2738CA0151CDF4FFE65E56499F5FC9705B19213E87691B692438EC811390A618EA8135FE4881C51519923CFC6B8B2139A6DCFA6BBDCA79107707CC15CD36A1D3B56A60374F9E5173B97C9F9CCCC97F5E93D7BB2BCA677370A3FF3BA2C3D7D91B952BECC5C69DE62360A1FAA961E5BAE93C622D0F54D4DD5FA3EEC3AE38CD3D4E8D1239DF3478FEE568585EB9CE94B4A327533515C9CA12EBBECDFF4ED7BF6ECA957E4E5F9D4D7BFEF4CEB727DA4FFCA6532BD3C97C38777AAD4D467D469A79DAAFF87356B92554CCC00E73672BDBC06F6E3CB6DF6EFDFA6FFCAF4F6EBE7FB3AF9FBBF2370E5C6B0B60878EE4ED496951CCF951BBB267A5C1F49DFA12347E4881C85284754688A1C91232AEA7234CEF0FECEF6C59D7CFF171BDEBBAAB36B39707CC1FC718B5557F79E1A30A09FCACA5AAA4E39A5B77AFCF17B556EEEAB3A4C9326DDAA4F9F7B6E7FAFDBF4ED7B96CACE5EAE468DBA4A4D9932DE5C594ED5D39F76DA2966C3B0505557BFA3023D7653937B375369365A7A4EB2ABEDD8B1D739CF65C2849BF469A979F3667ADD7F69E97A6BE57DAB3E9F93B3529FB71B8123474A9D692B2A36E9CB6A6BB7ABBCBCD5CEF5EEC668B19E461EC3F7F9C9F577DD75BBAAACCCD1A71B1B2BF5DF7DFBDCBBE1CA7368EDB58E80159C402B1DFE56565A5AC9F1377DAA9FE923E53B74E4881C91A310E4880A5D91237244455D8E3CB76E279EA0C778C6602B37E06FC15CDD62D5D595E9BF1B37BEA21B829C9C15E6CA6F810E5361E11A555EBE519D77DEFFF3BACDF12D73EEF37979AF59BBB7C6EBF38D8D1FA8408FBD67CF5BD696B973CCA6A1AAD5E72725D3A7A7FFC139BF61C3CB2A26E65F9CF31919296AE0C01FABAAAACDEA924B06A9D9B31F70AE2B2E5EA76F2F5BEC3CEFEF77BF9B6C36347FB69A06F756B659B3A6EAFF3D2D2DC9B97F797D6263FF5D4D9B36D16C0632F5E3C834A9A9F3D459679D6936193BF56DEDD7B1B5FF23440BDC111D58B9490862A5C5DF4A4E5B576E7C5772BA6277BEB6BE56E4881C91A310E4880A5D9123724445558E0618C7B73EBBACF327821CBDDCF327C36268B500BD60FEA84D9599F9923AF9E49374C3B06AD5737A57D2871F9EA2CF7FFFFBBDF45F7B5A77A370833EBD6F5FBED324D8D3343656A8408F2D978F1E7DADB902BF569F6E6AFAB0C5E765DF7F65E526E732D9923862C4E55ED365652DD1BBCC4E9FFE5F6AD2A45B74C9F391DB6664BCE8F7791C3A54E8DCB7FC9586406E234D8CFDFF49B95C95EAC081EDCEF9D2D237F5F3B6EFFBC89112EBE058DB5BFC5F42B460B61F4716D0716DBC4D5B57325A5BC90976E5C6F3F13FEB822D0B6D7DADC81139224721CC1175E28B1C91232AAA72749FC7745927F8F9ACF578AC99B45A805E3057B558070E6C53B9B92BD4B5D7C6AA1B6FBC5A9F9E3BF7011DA479F31E5453A6FC87BE4CCE9794ACD3B7B11B85CACA6C6B65BF526FC992FB90EB1B1BDF57FE1E5BA693CBD3D216E8F3727AC182475A7C7E32CDFCF9339B5D76FBED095E976DDCB8547FD7D4BEFEEAABAF704E6FD8B0D8996EFFFE023DAD5CDED0F09EFE5B5595A3F2F25639CF3B31F121B389D8EEDCA6BE7EAFBEDC7E7DECDBC8DFECEC54E7713233535AFD5F42B860B62BBB954F4683DD8D2ED04A4E8F76AEDCF86ED108E54A4E5B5F2B72448EC8510872E4398FB76D7BC3C986E4CBDF7432DEE443A3C9936F773E203AFE41D1529595F5B2DF0CD5D66ED1B7F57C3CC9A9BFC7282F7F5B5FEF727DA0EAEAF638555DBD597F68D4D2FF218FE3795E325053F3E716FFEF9494275B7D6D1E7EF837CE69CFECECD9B33EA8D7981C45778EDA3206ECE5AD9CCEC959A64FCBD80E741BC9838C33FB7DCCBEADEFF959B3EE09F81EE4F9BE2065BF0F1C39B2A3D50CD925CFD5F379CAEDE5EB53819EB7BC4F1D3DBA531516A6AB2D5B5E57D3A6FD5AFF953DCF5ACB7184E4C8B3099E74829FCFF81036F740A434DC1FB6584D4D1F982B1215CE7959E9902D7437DD74BDB5F06D7E1B690A2EBAE802BDB03B7AB4C45C60BF68ED5E7AB7BEBEB1B15CF97B6CB96CEAD45F39E7ABAA3679340ECD1F47763B95C7F1773FAB563DEB7599AC58FDE427FFDAEC7AF70AC92BCD6E3F6CD865E64236435FB77F7FBEB5F2EF7E3EFDFAF5D5D7D9D3DBFF4F6EEE72E7F695957FD27FB76C59AD2F97D37979AFB6F85A77D182D9F393D1111D5CB9696925A7AA032B371D7D3E27FAB52247E4881C8520475232660C7DA4FF1BCCA6798975A4FFFFD4A7DD47FA7FCC99F6F85E22C76F2F7B56B83FB40A9C217B1CC963D5D5EDB69AD5CC80D33DFEF8547DBAA464AD3A76ACD4B9CDF8F1A39DE98E1C2956E9E92FE84C4816972F9FA7A7B19BFE29537EE964DC5E56C8CABFFC5F9326DDACFFCA5E27717197E8D3521B36BC647D15C5FBF9AC5C39DF39BD66CD1F9A9D6E4B91A3E8CE51A092BDAE92937FAFF6EDCB733E18B54F979767E931EE3EF6C687FABDC91EBF863EB8E5123DE6274CF88593CDDA5AF7F137DCCDAFFF316ABF37C8F2BEA0E035EBB81D795ED3CF9EFD5BAFF741C98BFD18F67D05CAB0DCCEFD215D9AD7F592D3B2B20DFABA279EB857FF6F86FE9A57BA5E36D8CB07C96D7B5FCF30CA51B5C7E5179FE0E733C8E3B13EA5D502F482B9B24D555DEDFE84B1A2E26DBD9093DD42ED85A4AC0C34355538D3BA5772E29DF3870E6DB316D66FE9F38D8DEF29DFC736F4019B7ED1EC71376C48B18EEC7C91AAAFDFE35C2ECFE1ACB3FE3FE7FC912345E6827FB1B9B05E65AD94AFF4BA1F790E2ED7FBE60A47926E74CACAD6EBEFA18E1E7D8DAAA9D9DCECB9A4A53DAF0F5A75ECD84EEB08CBDBF5E3CB69995EFE26253DAAA76F68D86B6DED1BE2F1265360BD69BC63BE193C633655A9ADBEC65DBC60F6FC6434AE133EC1F7B792D391951BDF959C84307AADC81139224721C8913D8E641C7BCE6F590997D3EEA6B8326086A464E559C6978C297F199231BD7AF5737A5CCB74729042F97BEEB9FFACE6CD9BEE35AD64D1BEBDA1B73E3FA14F9F73CE0FACAF63F81F9F727FF6695916C85F79CC0307B6585BF28A9CEB256BF66D25738989BF73CECBD750DCCD7EA55E8ED8B9B9EEBA389591B1C86A74729CFBAAACDCA8FFBFB62CABC851F4BF1FB536FF67CCF82FBDCC96F33236E5AFBC27C875F6FB888C47392F070395F78EB163477A35C376664B4AD6E8F70FFBF2254B9E56175EF8233D4E172C78D83A46C72EEBA7245739CF43C6ACA1F7F0AAB03EB0B5F76AD9A2B321EF6DBECF5DDE5BE472B97FFB83DAECECA53ACB727B7FFFABBD0CB17362BFEFD8B7EDC8EB182663E32B8FF37D4FF0F3E9E3F1580DB45A805E307FD062D5D6E6EB1596A953C73B976DDCF8B2B93232D0392F2B0AF60A837D5E5688A64FBF5337119E25B7B557FE65DAC387B7E99586C2C2B480CF41AE73AF7CE79B0BF9DD7ACBDF534FDDDB6CBAD2D2B5CE279F9E9797976F50DBB6ADD65BE6162C78C8EBBA3D7BDE74DE583CA79715B5BABA5273656593BEECC08177ADEFD05EA7CFDB974B3534D80D448E3E9F9BBB4CFF35F4774F17B6FA1ADBD5868566A82BA983E3AB879F2D0955D6E51D91146EAF15392247E4E8C4E648C6D18001FF64AED4BF641DE9FF1E3D46EC0FABE4B434C59EB7711FE97FA91A356A84D504BCEC71A4FF057AFCF93EAEDC8F64C9F7F18F37EFEEF3FBF7E7390DB1EC21121F3F545F9E9696A84FCB5F799C4387B6361B9FF23C1A1BCBACAD670B3CB67027EB2DF09E99901C1D3952A8CBBD356F9E3E2D39F19CD6F3FE651AFBB47CA0662F2BECD7CBDDA490A3EEFA7ED4521514BCAAF700C9C97945A5A4FC5E8FE163C74AF4873D77DC3146BF3F3435BDDF6C9CC8B4925119CFB2D7D4C285B3AC2DCC6BAD66BAD4EB3632BD9C76B9CAF51897CB5253E7E8C7AAA8C8D2D74976DC1FDC26AAC183CFD3CDBC7D7BFB7EE5BD474E7BFE0FF27EE8DE529DD66C4CCBF3F337D6172F7ED2790FB2970BF23C827DFF89801C85EAA8E9A17E3C20DC1BEE8AA0ABA9A9BC5DB7A35AAE2EFE2474A7B5F5A097355D6B4781EDC81685B6FC2E6A386F51F07DADC81139224727384775753BF5DF8D1B17EBC65A1A827DFB72AD15EBD7CD95F6F5EABCF30678DDE67893EC3E9F97B7C2E3039F0AB3E9DDAB7C1F373737D56AB82B5ABCAF03070AF474F673D8BFFF1D6B97F6479D69CACA32AD2D762BF5636566BAB73A2F5F3ED76C381EB71A919D56E3FE82D9486FB70E34B8C56B3C4BC3613F57B90F399D9DEDDEFAEE6FFC4BC3633F7669E91AE7F2CB2E1B4C8E783F6AD3BCAFAADA681DBBE001675CD6D6E6E9EBE5BCE7B449490FEB0FC3642C27273F667DAD69BCF55DED297A37757B7A7B1CBB1BDB6CFD019A64DAB30CBDFBF76A3DBD8C73F970C9F3F1ED4CC96DE543B561C32EF57AFEF6F3B5EFC3F3B9BA9BE7E3CB94F4F4E7F5E5B7DE7A835E86B8B79EBBF7ACB233E4799B087E3FAA630B37D0A50DF7FB549854172D987DDFAC7D5726EA8C13F39DB9F6ACE474F577E602BD568C5F72448E4294A3CCCC85D691FE5F52AB563D63AECCF7500F3F7CB73EEF3ED2FF4BCEB4679E79BAD9245FAF4FEFDBB7D969B6ED691A1BF728DFC7CDCD7DC5DA0A9CACEEB863B4BAEBAE9BF5F4863E18D9DD5ED31E3D5A68ED365B6CAEE4CBD72DCAF47DDA9593B3D45C79CF6F363EEDC77737D00BADADF4E3F4E96DDB5E6B36FD88113F759EC3E4C9B7EAD3EEA3FC5FEF4C575C9CA6264C18E334239EF76F9FCEC8F80339224701ABBEBE545D7EF9BF39634DC6BF9C2E2B7BD3194BB2C7C439E79CADF6EFFFB3334E644F2D1973C9C9B3F49E53A3475FADB369E8DDB2373B7F65FAD4D4D9D696E9755653FC9ADFB1678F5B3B6315151BF47969BAEDE7664FBB7AF57CAFDBD7D4B8B750CB8700CB97CFD15F535AB2E449E7715B7A3C43EF529EE5DCAFA1BFC695190DEF477C871BE8DA86BB3CE4E5FE847F8E73BEAE6E47ABD3AF59B3C039DFD8B8DB3A90D2ABADDE2E25E5B156A791152ADFFBCEC959D225AF4B0817CC45668D0BB062D3914FF003FDD48ABFA3C206B392D39547856DEDB5EAD431909DBD5867424E1F3DBA3DE074E3C7DFD8624E3CEBC0813CE7FECACA32F44AD4860D8BF4A7FAF6CA5546469233FDB5D75EA16EBC7184B99294A3121367E892D3BED90DC7DC91A3E8CC918C616986EDB129A7E7CE9D666D85BB5F4D99729BD32C9794BCA16F6337DC95956F59DF032D331B82FEFA3E3CC79DE7E3D4D6BEA357B0F7EFCFD5CDBC9D33C9CEE1C35B9CE9E4BEE4B6D2FCA7A7279A2BF9D96AD6ACDF388F252BEB478E6C359B989DCDC6A7DCB7FC3F721F9ED93D76AC485FEE3BBDBB1928F768D6CBF5FF2AFF9F3D9DCBB5D7596ED8CB01DFDBCA73B31F931CF17EE4AF8A8B5F773E0492312CBB7257576FB40EE6B7D76B4CD9E364F1E2DFEBB1276357B2204DBBE4C1D07B6B14389994B127EF0DF65894DBCBFB908CE949936ED265BF1FC9F50D0DA5CEFC91E90A0B57EBAF6F6CDBB6CA6AC2D75BCD7C8ED7FF60E7CED05BD137EAEF72C7C7C739635FEED777ACCBE3C97396BD46E4B9CE9F3FDDDACDFDE968793FE228E540D736DCEF85AC4A4AD2CC2679A55AB060A6F57DB2A5E64AFE0BE602F47C73257EB6B9D0DC642DBC1FF7BA9D5C969CFCA83EED72B9B748C89B80EFFD1716BE662EAC53AC85768AFE74332EEEDFF569295960BB7739F4BE6F59F1AFAB2BD6CF4DCAD0BB43FDD2392DD785E2F509D182B9A52D081DFD24BFB5DF356DED775103196274CDEF9EB6F5B5EA94F95F559565359D2F3BE3A1B434BDD974870EE53B9FDECBB8EEDFFF872A2DED59BD22235992CBDC5BDD0A9DDB24263EA87F3FBBA6E64FCE65329D1C29DCDF73912D18B282E26F8CA6A73F17D6B92347D199A3A6A6BD7AF96F9F9F37EFB7D691FE473A99F12D69AE2513D5D56F9B0DF336B351F88375A4FF49FAFAC6C65DCAF371F7EC59A33FF0928641A691C774370DF96613FEA6B912FE807E4C7B7ACF8C555464EAE9ED3128EF6DBECF47F26CE8ADEC23F57392C7B2F32AF991AC48C3E33B9E258BF6749327DFA24FF7EDDB47CD9871A7DFF1BF72E55CE7B4FC4FF2DE6BE85D65DFB17617CE2247BC1FF9ADDADA3FEBF53143FF4CD7037A9CCAF25B3EDCB2C785E4C877FDECC8912D7A1D4EDE1FE4323B5B727B43EF75B1DC6C6A3738EB70AB573FD3E2D8B31FC3CE983C2F7B1D51C6B1E4F1F887BB81EF471EF3F8876CC7DFB3ECF549C9A0FB03EC04AFFCDA99B11F53FE46F8FB11BFC30D746DC35D16B23A7CB840BFF9373696EA727FD29F637D6AFFA25EB0DA2B089EB7B3177E478EBC6BFD4CC5837EEFDFFDC97EA273DE7D44D7E3D3BA8FE83A459F6E6828515959C9FA3673E7DE67ADE017990BF10CE7F1ECE7D9D4B42724AF8F11DE079768ED13FDD6566E8C76AEE4D8BB118E8BF61CB9B7D4FDD6392F5BAFA401F59CC6E5DA6DAE942FD4A7A5D12E2C5C65AE480C716EE75E0199E5759BFAFA1D5E2B0E999949FA3BB013278ED597D9974BC360DF46569A64D741693A8E6F7978D15A81CAB28E6C1E9EB92347D19D23197FF6789531191B7BB1F33E22E3D473DCB8B7705FE79C3F74C8FE79A30C7DDE7E1F92D3478F6E75DE7FE4C3A9DB6FFF59B371653FB69CAFAD757F775BB22479713706C7A77537DC65D6D1F90B9CC7DEB265458BEF5DF6F481C6B6FCCFFEAE93C7B71B6AC9B8BC0E867310AD32E7FF36F4AEF1779123DE8F02CE777B6CCB7897F71343EF1DB2C7B95EC697E7F4F21D6A199732E653539FD21FD8FA664696FB9EB791B128EF5F77DCF1735DBEEF339595EB9D4CCA07C365656BAD5FCE48759E9F6C9C31F4D6EF857EFF0F3BC30307C6A8CB2E1BE475DDFCF9F77BFD9F72B99D99BBEE1AE74C27CFC3D0BBBEBF1AE9EF4703CC7259CFC7659D3F11FA19EEEF6DDBFF7B0CAD16A017CC7B435AF6C2ACB232D3FA1474A7D50C645B5BF4D2FCDE66F5EA79D6016202DF7743C30E7321BE4E37E67673BE72E51C7DBAA6E66DDDA0F8BBEFB163AFF13A2FF7216F04EE159FFC90BE36613E5E026D5968EBCA4DB02B39F6E38D8BF61C19FA3B6937FABD7CC488CBBC2E938676F4E8ABCC95935FE89593C58B1FD35B9467CC98E85C66E8032D3DE3DC4759D91A7345E5157305668BD9FCFEC6FA5997623DCEED69B2B216398F215B347C1F57AAA969B7932DB9AF70CC1D398ACE1CD5D66ED6CDB3FB4328F76532D62FB9E45F9DF3F23E61BF5FD8E7656BF5F4E91374363C4B6EBB61C31F94BFC795F7A369D37EA51B072977037E83DFE7649F96C771EFD9E1BE5FF92B75F5D597377B5F93EC48032039966924FBF2BE28A7870DBB44E5E62E0938B6B3B35302BE46729DE7FBA8BB393F7EDDA851C3F463B6255FE4A8FBBD1FC9FA982CCFE5BDC05E0EBB9BDC57BCC685E77B85FB83D2D7F569976B97F37E63BF5FD8D314142CF3BACD820533F4F481C65E71F16B4E16E5AF7CC82BEF27723F8307FFD899561ECB1EF3727F921D69B03D7322FFC7C30FFF97DE2B44EAA9A7EE71DEBFECAAA878D3790CCFE7B170E143CEDF28783FCAF518E38927E8319EF1788CADB45980B360DE1392AAABDBAEB7444C9B365E2F186581B86FDF9F546AEA937A2177E44881B5B56BBB9E5ECEDF7AEBF57A1A43EF66FB925E495AB2E4719598385D5F9E97B7D45AF17FD7791CBBD1686C2CB13E897D419F9685AFBB613FFE9C5CAEE3DF0F92DBC88A956C2D2C2E5E65BDA92C0CD9EB633FF7081833B265C17777BA3B8DE07FD7D4DF4ACEC420B660444D8E72735F3657CA7FAAC7DBAA557375B33B63C6AFCD9565F796606916ECB16CE764FFFE6CA76975370FC9FAF632C6251B151519FABE65BA030772BDB2619FB63FF42A2F5FDB6CBC5755AD779A7D5949979CC6C5FD44FF9506DABD05604F58E68E1C759F1C3535ED0AE932BAAB2B94FF2F39EA9EEF47A118A3E198DB13F59CC22C47E33CC6B76CE5EEEC83A75D6C1CDF8A2E3581360B7016CCBB43562ED74E73E57FB373BEB4F4757321576AED7EF7BCD94CE45BDFCFD9EC753BF727A8AF998DC4466B57A5C08FE16E1264F7A645D6F7DD6ED6A7A549B8F9E6915ED3AE5E3DD7FAE4F515B3317851DFBF7D1F7BF6BCE1B1D53134AF8F1139BF57E8FB132D9E2B2B6D59B9315AB95D287F6AA54B735457B74D8F7BFBFC860D49CE18B7B35155956936AF3BFC8E97CCCC05CE7999C6D0C74658EC355D6DED26B3015FA7AAAB37E8FB96F1EEDE7AF18ED578BFE9D1E8B63C3EA74CB945DF6ECB9665619B3B72D4FD7244F17E448EC811396A937C8F86B8D2E8BC9F08939F022B37BCB76EF73200D80BE65D21ABFA7AF76F23DE78E370B32978C96A26DEB476934BD6D31C6F228EDFCED007E578C8393D75EA6D011FC3F3F686FEBEDB227D5A1ECF7D44D7E3D32E5FFEA4DE7D6FDEBCFBF4F9868622EBFB3CEBCDE6E30FD6C1727243F6FA44D00A8EE74AC8188F95958946F03FADE27BBB8EFEDE6A44E7C8D0DF6DFE1F7DBAAE6EABD540BF1470DAD8D88BD4A44963F53897317BC619A706BCEFA626FBEB1B6F5BDF815DEB8C77437F0F4EB64A17ABCB2F1FACEFAF5FBF1FA8FBEFFF9573FF32CDE8D12374BE7EF2930BC23677E4881C51BC1F91238A1CF91563B8F70AF16C8C3BDA744BB3EDB9BBBA1CE760102D16E0B5602E0D59353616793410A5D6D6B575D681645E719AF0BCBC97BD6E77BCE12E55478FBA0F3C73CA29279B0DC996668F61E823BAC69A2BFC0BAD2D6DE3F469F7115D2738D3D5D6FE49B95C3BF4CFBEC83435351BACA3CF96EAC6C3D0DF215A19D2D727C25670FCADE474C6968AAE38FA6B58E4E8C891779C2CC8F96DDB9659CDE7E680E3E5E187EF341BE82CA7DC1F5E2D6A76BFAB56CD562B573EA5EAEBB7E9CB0A0A969A0DF2F3BA41974C55576736BB7F791E9E8F6FE803B23D1CF0B9844BEEC851F7CE11C5FB113962FC92A316C9CF7679EEFA2D5BBADBBB7BB9DCCE73CB36BB92035DBD606E68701F855CBEAF6AAF98CB0AB87BAB5B966E0872725EF4BBC092EF81CAC171EC662423E33927DC070E6C0AB8A093C7696D613861C2CF9DE7274754BEFDF678E73AF7EEB0ACE0846025A7B35796222A477636D2D3E7A9A6A6127D991CDB60D8B07F6F71BC48D3EC7B59565652B3690F1FCEF5D87A5EAA9B683B3B923B43EFCE9DE6F731162C98AE1B7543FF26E9EFDB348EBB3277E4A8FBE688E2FD881C912372D426937C9A6E392D0752EBD7C6DBCB74CFF8DC87D423B456409834DCB2554BCE7B6EE99606DADF6DA4F990EBA74DFB0FBFD7FBDBCAEDB9A0F3DDDAE76F1A791EB2C5EFBCF3FE456F7DF3DD221FAA2DDD11BA82636F09E8C86E7791B8DB5EA7E5A8B4F435FDDD6A7BECC9DF59B3EE723E886A69BCD8BB94BB77FB5E68ED9A9DE9777AF9B04A1E4BFE0E1CF823AFEB240332FE03E53629E941EB006B7F6CD338EECADC91A3EE99238AF72372448EC85150C65B635DF934DE5956432E5BAFEDDDCD65B7F141D66DDE30DCBB8D7BDEAECEBA0D80EEB660B6B71476741A16CC41ADA404BB4520D20E481336390AA7B11B4EB92347E4882247E48822476D1263787FFFBA3DB5D5E03BDB000B6616CC2113EC6E7891BCDB1E392247E4881C912372448EA868C8D16D56E3ED0AB2D19E647034728005330BE6B05DC91962B877411A478E2872448EC811392247E4881C75B901663D60D65AB33E31ABC1FA1FE4EFA7867B77F399867BCB380016CC2C98BB5082B5F292D0C2F59F45C9CA0D392247E4881C912372448EA868CE110016CC2C982368CB42B4ECB6478EC811392247E4881C91238A861B000B6616CC61B392138D2B37E4881C912372448EC81139A268B801B06066C1DCA52B394951BA72438EC811392247E4881C91238A861B000B6616CC5D26C1FADF12C811458EC811392247E4881C91230034DC140BE6CED5871C51E4881C912372448EC811390240C34DB160063922472047E408E4882247005830B3600639A2C81139A2C811C8113902C0829962C14C8E28720472448E408EC8110016CC140B669023720472448E408E2872048005330B66902372448EC811458EC811458E00B060A6583093238A1C811C912390237204800533C58219E4881C811C912390238A1C0160C1CC8219E4881C811C51E4881C51E408000B668A053339A2C81118BFE408E4881C01882E279F7CD2770D0D852C14C3A0BEFA6AFB3E7396B81895E4882247E48822472047E4084014183CF8C787F2F397B0600C835ABFFEF9B7CD59B29351498E2872448E28720472448E004481ABAEBA6CDD9C3953593086418D1D7B559A394B121995E4882247E48822472047E40840141830E007B103069CF38DCBB5838563D7D6273D7AF4A83067491CA3921C51E4881C319EC911C81139021025FAF7FF616952D2832C1CBBB0C68CB96AA9392B72198DE4882247E4881C91239023720420BA0C3AF3CCD3EA8B8A56B090EC82CACF5FBADE9C0707CDBA98A1488E2872448EC811390239224700A24FFC39E79CFD7716CEA15F28F7E8D1A3C67CFDC73004C911458E408EC811C811390210C50BE7934EFAFEB179F3EEFB9CEFFE9CF8EFF658BB1B1D64A14C8E28720472448E408EC81180EE6150CF9EDFCB39FDF4530F4F9972CBEE4D9B5E3CC8EF3976DEEF31CA4F44C8512BAD0369C8777BD8DD881C51E408E4881C811C912300DDCCA566CD316BAB590D6629AAC3E532DCBFC7283F11C1512BC911458E408EC811C8113902000000000000000000000000000000000000000000000000000000000000000000000000000000000000000000000000000000A2DFFF0FF0398BADE63642580000000049454E44AE426082, '0');
INSERT INTO `act_ge_bytearray` VALUES ('5c8a9ec70df04e15ac1650e4d9c3f466', '1', 'test_audit.bpmn20.xml', '34411cf3b46d4f22acf265969ad256c8', 0x3C3F786D6C2076657273696F6E3D27312E302720656E636F64696E673D275554462D38273F3E0D0A3C646566696E6974696F6E7320786D6C6E733D22687474703A2F2F7777772E6F6D672E6F72672F737065632F42504D4E2F32303130303532342F4D4F44454C2220786D6C6E733A7873693D22687474703A2F2F7777772E77332E6F72672F323030312F584D4C536368656D612D696E7374616E63652220786D6C6E733A61637469766974693D22687474703A2F2F61637469766974692E6F72672F62706D6E2220786D6C6E733A62706D6E64693D22687474703A2F2F7777772E6F6D672E6F72672F737065632F42504D4E2F32303130303532342F44492220786D6C6E733A6F6D6764633D22687474703A2F2F7777772E6F6D672E6F72672F737065632F44442F32303130303532342F44432220786D6C6E733A6F6D6764693D22687474703A2F2F7777772E6F6D672E6F72672F737065632F44442F32303130303532342F44492220747970654C616E67756167653D22687474703A2F2F7777772E77332E6F72672F323030312F584D4C536368656D61222065787072657373696F6E4C616E67756167653D22687474703A2F2F7777772E77332E6F72672F313939392F585061746822207461726765744E616D6573706163653D22687474703A2F2F7777772E61637469766974692E6F72672F74657374223E0D0A20203C70726F636573732069643D22746573745F617564697422206E616D653D22E6B581E7A88BE5AEA1E689B9E6B58BE8AF95E6B581E7A88B2220697345786563757461626C653D2274727565223E0D0A202020203C73746172744576656E742069643D22737461727422206E616D653D22E590AFE58AA8E5AEA1E689B9222061637469766974693A696E69746961746F723D226170706C79222061637469766974693A666F726D4B65793D222F6F612F7465737441756469742F666F726D222F3E0D0A202020203C656E644576656E742069643D22656E6422206E616D653D22E7BB93E69D9FE5AEA1E689B9222F3E0D0A202020203C757365725461736B2069643D226D6F6469667922206E616D653D22E59198E5B7A5E896AAE985ACE6A1A3E7BAA7E4BFAEE694B9222061637469766974693A61737369676E65653D22247B6170706C797D222F3E0D0A202020203C757365725461736B2069643D22617564697422206E616D653D22E896AAE985ACE4B8BBE7AEA1E5889DE5AEA1222061637469766974693A61737369676E65653D227468696E6B67656D222F3E0D0A202020203C6578636C7573697665476174657761792069643D227369642D43323842423546362D303133442D343537302D423433322D363142333830433146343646222F3E0D0A202020203C757365725461736B2069643D2261756469743222206E616D653D22E99B86E59BA2E4BABAE58A9BE8B584E6BA90E983A8E983A8E995BFE5AEA1E6A0B8222061637469766974693A61737369676E65653D227468696E6B67656D222F3E0D0A202020203C6578636C7573697665476174657761792069643D227369642D45443436464534312D413046442D343936442D383644432D324339374146353733354630222F3E0D0A202020203C73657175656E6365466C6F772069643D227369642D45463246353142422D314439392D344630422D414346322D4236433133303041374432422220736F757263655265663D2261756469743222207461726765745265663D227369642D45443436464534312D413046442D343936442D383644432D324339374146353733354630222F3E0D0A202020203C757365725461736B2069643D2261756469743322206E616D653D22E99B86E59BA2E4BABAE58A9BE8B584E6BA90E983A8E58886E7AEA1E9A286E5AFBCE5AEA1E6A0B8222061637469766974693A61737369676E65653D227468696E6B67656D222F3E0D0A202020203C6578636C7573697665476174657761792069643D227369642D46453438354232442D394132332D343233362D424430442D443738384341364533304534222F3E0D0A202020203C73657175656E6365466C6F772069643D227369642D33444243443636312D353732302D343438302D383135362D3734384245303237354645462220736F757263655265663D2261756469743322207461726765745265663D227369642D46453438354232442D394132332D343233362D424430442D443738384341364533304534222F3E0D0A202020203C757365725461736B2069643D2261756469743422206E616D653D22E99B86E59BA2E680BBE7BB8FE79086E5AEA1E689B9222061637469766974693A61737369676E65653D227468696E6B67656D222F3E0D0A202020203C6578636C7573697665476174657761792069643D227369642D33463533423642442D463846332D343936422D414330382D353036333042443131343737222F3E0D0A202020203C757365725461736B2069643D226170706C795F656E6422206E616D653D22E896AAE985ACE6A1A3E7BAA7E58591E78EB0222061637469766974693A61737369676E65653D227468696E6B67656D222F3E0D0A202020203C73657175656E6365466C6F772069643D227369642D30324442324144392D313333322D343139382D414338442D3232413335313639443135432220736F757263655265663D2261756469743422207461726765745265663D227369642D33463533423642442D463846332D343936422D414330382D353036333042443131343737222F3E0D0A202020203C73657175656E6365466C6F772069643D227369642D32414237433031412D353045452D344141432D384338462D4636453139333542334441372220736F757263655265663D22617564697422207461726765745265663D227369642D43323842423546362D303133442D343537302D423433322D363142333830433146343646222F3E0D0A202020203C73657175656E6365466C6F772069643D227369642D33364535304338422D364337432D343936382D423032442D4542414134323542463442452220736F757263655265663D22737461727422207461726765745265663D226175646974222F3E0D0A202020203C73657175656E6365466C6F772069643D227369642D37443732333139302D313433322D343131442D413441342D37373432323545353443443922206E616D653D22E698AF2220736F757263655265663D227369642D33463533423642442D463846332D343936422D414330382D35303633304244313134373722207461726765745265663D226170706C795F656E64223E0D0A2020202020203C636F6E646974696F6E45787072657373696F6E207873693A747970653D2274466F726D616C45787072657373696F6E223E3C215B43444154415B247B706173733D3D317D5D5D3E3C2F636F6E646974696F6E45787072657373696F6E3E0D0A202020203C2F73657175656E6365466C6F773E0D0A202020203C73657175656E6365466C6F772069643D227369642D44343443414434332D303237312D343932302D413532342D39423835333345353235353022206E616D653D22E698AF2220736F757263655265663D227369642D46453438354232442D394132332D343233362D424430442D44373838434136453330453422207461726765745265663D22617564697434223E0D0A2020202020203C636F6E646974696F6E45787072657373696F6E207873693A747970653D2274466F726D616C45787072657373696F6E223E3C215B43444154415B247B706173733D3D317D5D5D3E3C2F636F6E646974696F6E45787072657373696F6E3E0D0A202020203C2F73657175656E6365466C6F773E0D0A202020203C73657175656E6365466C6F772069643D227369642D35333235383530322D343345452D344445382D423141342D44424431313932324238414622206E616D653D22E590A62220736F757263655265663D227369642D43323842423546362D303133442D343537302D423433322D36314233383043314634364622207461726765745265663D226D6F64696679223E0D0A2020202020203C636F6E646974696F6E45787072657373696F6E207873693A747970653D2274466F726D616C45787072657373696F6E223E3C215B43444154415B247B706173733D3D307D5D5D3E3C2F636F6E646974696F6E45787072657373696F6E3E0D0A202020203C2F73657175656E6365466C6F773E0D0A202020203C6578636C7573697665476174657761792069643D227369642D35464544303244362D433338382D343843362D383730452D303937444232313331454130222F3E0D0A202020203C73657175656E6365466C6F772069643D227369642D31363344424336302D444243392D343338422D393731412D3637373338464237373135412220736F757263655265663D226D6F6469667922207461726765745265663D227369642D35464544303244362D433338382D343843362D383730452D303937444232313331454130222F3E0D0A202020203C73657175656E6365466C6F772069643D227369642D37323235384134312D323033452D343238432D423731442D43413335303632353244373322206E616D653D22E698AF2220736F757263655265663D227369642D43323842423546362D303133442D343537302D423433322D36314233383043314634364622207461726765745265663D22617564697432223E0D0A2020202020203C636F6E646974696F6E45787072657373696F6E207873693A747970653D2274466F726D616C45787072657373696F6E223E3C215B43444154415B247B706173733D3D317D5D5D3E3C2F636F6E646974696F6E45787072657373696F6E3E0D0A202020203C2F73657175656E6365466C6F773E0D0A202020203C73657175656E6365466C6F772069643D227369642D38343438454634412D423632452D343839392D414243322D30453244423241453638333822206E616D653D22E9878DE696B0E794B3E8AFB72220736F757263655265663D227369642D35464544303244362D433338382D343843362D383730452D30393744423231333145413022207461726765745265663D226175646974223E0D0A2020202020203C636F6E646974696F6E45787072657373696F6E207873693A747970653D2274466F726D616C45787072657373696F6E223E3C215B43444154415B247B706173733D3D317D5D5D3E3C2F636F6E646974696F6E45787072657373696F6E3E0D0A202020203C2F73657175656E6365466C6F773E0D0A202020203C73657175656E6365466C6F772069643D227369642D41373538393038342D343632332D344645412D413737342D30304137304444433144323022206E616D653D22E698AF2220736F757263655265663D227369642D45443436464534312D413046442D343936442D383644432D32433937414635373335463022207461726765745265663D22617564697433223E0D0A2020202020203C636F6E646974696F6E45787072657373696F6E207873693A747970653D2274466F726D616C45787072657373696F6E223E3C215B43444154415B247B706173733D3D317D5D5D3E3C2F636F6E646974696F6E45787072657373696F6E3E0D0A202020203C2F73657175656E6365466C6F773E0D0A202020203C73657175656E6365466C6F772069643D227369642D46413631383633362D333730382D344430432D383531342D32394134424238424339323622206E616D653D22E590A62220736F757263655265663D227369642D45443436464534312D413046442D343936442D383644432D32433937414635373335463022207461726765745265663D226D6F64696679223E0D0A2020202020203C636F6E646974696F6E45787072657373696F6E207873693A747970653D2274466F726D616C45787072657373696F6E223E3C215B43444154415B247B706173733D3D307D5D5D3E3C2F636F6E646974696F6E45787072657373696F6E3E0D0A202020203C2F73657175656E6365466C6F773E0D0A202020203C73657175656E6365466C6F772069643D227369642D31353235424646342D334539442D344438412D424638302D31463633414645313632383922206E616D653D22E590A62220736F757263655265663D227369642D46453438354232442D394132332D343233362D424430442D44373838434136453330453422207461726765745265663D226D6F64696679223E0D0A2020202020203C636F6E646974696F6E45787072657373696F6E207873693A747970653D2274466F726D616C45787072657373696F6E223E3C215B43444154415B247B706173733D3D307D5D5D3E3C2F636F6E646974696F6E45787072657373696F6E3E0D0A202020203C2F73657175656E6365466C6F773E0D0A202020203C73657175656E6365466C6F772069643D227369642D33354343384336432D313036372D343339382D393931432D43434639353531313539363522206E616D653D22E590A62220736F757263655265663D227369642D33463533423642442D463846332D343936422D414330382D35303633304244313134373722207461726765745265663D226D6F64696679223E0D0A2020202020203C636F6E646974696F6E45787072657373696F6E207873693A747970653D2274466F726D616C45787072657373696F6E223E3C215B43444154415B247B706173733D3D307D5D5D3E3C2F636F6E646974696F6E45787072657373696F6E3E0D0A202020203C2F73657175656E6365466C6F773E0D0A202020203C73657175656E6365466C6F772069643D227369642D42444230414142322D374535302D344433352D383045452D4345304245434444394635372220736F757263655265663D226170706C795F656E6422207461726765745265663D22656E64222F3E0D0A202020203C73657175656E6365466C6F772069643D227369642D34344146423943312D343035372D344334382D423146322D31454338393741353243423722206E616D653D22E99480E6AF812220736F757263655265663D227369642D35464544303244362D433338382D343843362D383730452D30393744423231333145413022207461726765745265663D22656E64223E0D0A2020202020203C636F6E646974696F6E45787072657373696F6E207873693A747970653D2274466F726D616C45787072657373696F6E223E3C215B43444154415B247B706173733D3D307D5D5D3E3C2F636F6E646974696F6E45787072657373696F6E3E0D0A202020203C2F73657175656E6365466C6F773E0D0A20203C2F70726F636573733E0D0A20203C62706D6E64693A42504D4E4469616772616D2069643D2242504D4E4469616772616D5F746573745F6175646974223E0D0A202020203C62706D6E64693A42504D4E506C616E652062706D6E456C656D656E743D22746573745F6175646974222069643D2242504D4E506C616E655F746573745F6175646974223E0D0A2020202020203C62706D6E64693A42504D4E53686170652062706D6E456C656D656E743D227374617274222069643D2242504D4E53686170655F7374617274223E0D0A20202020202020203C6F6D6764633A426F756E6473206865696768743D2233302E30222077696474683D2233302E302220783D2233302E302220793D223234352E30222F3E0D0A2020202020203C2F62706D6E64693A42504D4E53686170653E0D0A2020202020203C62706D6E64693A42504D4E53686170652062706D6E456C656D656E743D22656E64222069643D2242504D4E53686170655F656E64223E0D0A20202020202020203C6F6D6764633A426F756E6473206865696768743D2232382E30222077696474683D2232382E302220783D223937352E302220793D223335362E30222F3E0D0A2020202020203C2F62706D6E64693A42504D4E53686170653E0D0A2020202020203C62706D6E64693A42504D4E53686170652062706D6E456C656D656E743D226D6F64696679222069643D2242504D4E53686170655F6D6F64696679223E0D0A20202020202020203C6F6D6764633A426F756E6473206865696768743D2235382E30222077696474683D223130322E302220783D223230392E302220793D223133352E30222F3E0D0A2020202020203C2F62706D6E64693A42504D4E53686170653E0D0A2020202020203C62706D6E64693A42504D4E53686170652062706D6E456C656D656E743D226175646974222069643D2242504D4E53686170655F6175646974223E0D0A20202020202020203C6F6D6764633A426F756E6473206865696768743D2235372E30222077696474683D2239362E302220783D223130352E302220793D223233312E35222F3E0D0A2020202020203C2F62706D6E64693A42504D4E53686170653E0D0A2020202020203C62706D6E64693A42504D4E53686170652062706D6E456C656D656E743D227369642D43323842423546362D303133442D343537302D423433322D363142333830433146343646222069643D2242504D4E53686170655F7369642D43323842423546362D303133442D343537302D423433322D363142333830433146343646223E0D0A20202020202020203C6F6D6764633A426F756E6473206865696768743D2234302E30222077696474683D2234302E302220783D223234302E302220793D223234302E30222F3E0D0A2020202020203C2F62706D6E64693A42504D4E53686170653E0D0A2020202020203C62706D6E64693A42504D4E53686170652062706D6E456C656D656E743D22617564697432222069643D2242504D4E53686170655F617564697432223E0D0A20202020202020203C6F6D6764633A426F756E6473206865696768743D2238302E30222077696474683D223130302E302220783D223231302E302220793D223333302E30222F3E0D0A2020202020203C2F62706D6E64693A42504D4E53686170653E0D0A2020202020203C62706D6E64693A42504D4E53686170652062706D6E456C656D656E743D227369642D45443436464534312D413046442D343936442D383644432D324339374146353733354630222069643D2242504D4E53686170655F7369642D45443436464534312D413046442D343936442D383644432D324339374146353733354630223E0D0A20202020202020203C6F6D6764633A426F756E6473206865696768743D2234302E30222077696474683D2234302E302220783D223334352E302220793D223335302E30222F3E0D0A2020202020203C2F62706D6E64693A42504D4E53686170653E0D0A2020202020203C62706D6E64693A42504D4E53686170652062706D6E456C656D656E743D22617564697433222069643D2242504D4E53686170655F617564697433223E0D0A20202020202020203C6F6D6764633A426F756E6473206865696768743D2238302E30222077696474683D223130302E302220783D223432302E302220793D223333302E30222F3E0D0A2020202020203C2F62706D6E64693A42504D4E53686170653E0D0A2020202020203C62706D6E64693A42504D4E53686170652062706D6E456C656D656E743D227369642D46453438354232442D394132332D343233362D424430442D443738384341364533304534222069643D2242504D4E53686170655F7369642D46453438354232442D394132332D343233362D424430442D443738384341364533304534223E0D0A20202020202020203C6F6D6764633A426F756E6473206865696768743D2234302E30222077696474683D2234302E302220783D223535352E302220793D223335302E30222F3E0D0A2020202020203C2F62706D6E64693A42504D4E53686170653E0D0A2020202020203C62706D6E64693A42504D4E53686170652062706D6E456C656D656E743D22617564697434222069643D2242504D4E53686170655F617564697434223E0D0A20202020202020203C6F6D6764633A426F756E6473206865696768743D2238302E30222077696474683D223130302E302220783D223633302E302220793D223333302E30222F3E0D0A2020202020203C2F62706D6E64693A42504D4E53686170653E0D0A2020202020203C62706D6E64693A42504D4E53686170652062706D6E456C656D656E743D227369642D33463533423642442D463846332D343936422D414330382D353036333042443131343737222069643D2242504D4E53686170655F7369642D33463533423642442D463846332D343936422D414330382D353036333042443131343737223E0D0A20202020202020203C6F6D6764633A426F756E6473206865696768743D2234302E30222077696474683D2234302E302220783D223736352E302220793D223335302E30222F3E0D0A2020202020203C2F62706D6E64693A42504D4E53686170653E0D0A2020202020203C62706D6E64693A42504D4E53686170652062706D6E456C656D656E743D226170706C795F656E64222069643D2242504D4E53686170655F6170706C795F656E64223E0D0A20202020202020203C6F6D6764633A426F756E6473206865696768743D2238302E30222077696474683D223130302E302220783D223834302E302220793D223333302E30222F3E0D0A2020202020203C2F62706D6E64693A42504D4E53686170653E0D0A2020202020203C62706D6E64693A42504D4E53686170652062706D6E456C656D656E743D227369642D35464544303244362D433338382D343843362D383730452D303937444232313331454130222069643D2242504D4E53686170655F7369642D35464544303244362D433338382D343843362D383730452D303937444232313331454130223E0D0A20202020202020203C6F6D6764633A426F756E6473206865696768743D2234302E30222077696474683D2234302E302220783D223234302E302220793D2234352E30222F3E0D0A2020202020203C2F62706D6E64693A42504D4E53686170653E0D0A2020202020203C62706D6E64693A42504D4E456467652062706D6E456C656D656E743D227369642D33444243443636312D353732302D343438302D383135362D373438424530323735464546222069643D2242504D4E456467655F7369642D33444243443636312D353732302D343438302D383135362D373438424530323735464546223E0D0A20202020202020203C6F6D6764693A776179706F696E7420783D223532302E302220793D223337302E30222F3E0D0A20202020202020203C6F6D6764693A776179706F696E7420783D223535352E302220793D223337302E30222F3E0D0A2020202020203C2F62706D6E64693A42504D4E456467653E0D0A2020202020203C62706D6E64693A42504D4E456467652062706D6E456C656D656E743D227369642D34344146423943312D343035372D344334382D423146322D314543383937413532434237222069643D2242504D4E456467655F7369642D34344146423943312D343035372D344334382D423146322D314543383937413532434237223E0D0A20202020202020203C6F6D6764693A776179706F696E7420783D223238302E302220793D2236352E30222F3E0D0A20202020202020203C6F6D6764693A776179706F696E7420783D223938392E302220793D2236352E30222F3E0D0A20202020202020203C6F6D6764693A776179706F696E7420783D223938392E302220793D223335362E30222F3E0D0A2020202020203C2F62706D6E64693A42504D4E456467653E0D0A2020202020203C62706D6E64693A42504D4E456467652062706D6E456C656D656E743D227369642D38343438454634412D423632452D343839392D414243322D304532444232414536383338222069643D2242504D4E456467655F7369642D38343438454634412D423632452D343839392D414243322D304532444232414536383338223E0D0A20202020202020203C6F6D6764693A776179706F696E7420783D223234302E302220793D2236352E30222F3E0D0A20202020202020203C6F6D6764693A776179706F696E7420783D223135332E302220793D2236352E30222F3E0D0A20202020202020203C6F6D6764693A776179706F696E7420783D223135332E302220793D223233312E35222F3E0D0A2020202020203C2F62706D6E64693A42504D4E456467653E0D0A2020202020203C62706D6E64693A42504D4E456467652062706D6E456C656D656E743D227369642D41373538393038342D343632332D344645412D413737342D303041373044444331443230222069643D2242504D4E456467655F7369642D41373538393038342D343632332D344645412D413737342D303041373044444331443230223E0D0A20202020202020203C6F6D6764693A776179706F696E7420783D223338352E302220793D223337302E30222F3E0D0A20202020202020203C6F6D6764693A776179706F696E7420783D223432302E302220793D223337302E30222F3E0D0A2020202020203C2F62706D6E64693A42504D4E456467653E0D0A2020202020203C62706D6E64693A42504D4E456467652062706D6E456C656D656E743D227369642D33354343384336432D313036372D343339382D393931432D434346393535313135393635222069643D2242504D4E456467655F7369642D33354343384336432D313036372D343339382D393931432D434346393535313135393635223E0D0A20202020202020203C6F6D6764693A776179706F696E7420783D223738352E302220793D223335302E30222F3E0D0A20202020202020203C6F6D6764693A776179706F696E7420783D223738352E302220793D223136342E30222F3E0D0A20202020202020203C6F6D6764693A776179706F696E7420783D223331312E302220793D223136342E30222F3E0D0A2020202020203C2F62706D6E64693A42504D4E456467653E0D0A2020202020203C62706D6E64693A42504D4E456467652062706D6E456C656D656E743D227369642D45463246353142422D314439392D344630422D414346322D423643313330304137443242222069643D2242504D4E456467655F7369642D45463246353142422D314439392D344630422D414346322D423643313330304137443242223E0D0A20202020202020203C6F6D6764693A776179706F696E7420783D223331302E302220793D223337302E30222F3E0D0A20202020202020203C6F6D6764693A776179706F696E7420783D223334352E302220793D223337302E30222F3E0D0A2020202020203C2F62706D6E64693A42504D4E456467653E0D0A2020202020203C62706D6E64693A42504D4E456467652062706D6E456C656D656E743D227369642D37443732333139302D313433322D343131442D413441342D373734323235453534434439222069643D2242504D4E456467655F7369642D37443732333139302D313433322D343131442D413441342D373734323235453534434439223E0D0A20202020202020203C6F6D6764693A776179706F696E7420783D223830352E302220793D223337302E30222F3E0D0A20202020202020203C6F6D6764693A776179706F696E7420783D223834302E302220793D223337302E30222F3E0D0A2020202020203C2F62706D6E64693A42504D4E456467653E0D0A2020202020203C62706D6E64693A42504D4E456467652062706D6E456C656D656E743D227369642D32414237433031412D353045452D344141432D384338462D463645313933354233444137222069643D2242504D4E456467655F7369642D32414237433031412D353045452D344141432D384338462D463645313933354233444137223E0D0A20202020202020203C6F6D6764693A776179706F696E7420783D223230312E302220793D223236302E30222F3E0D0A20202020202020203C6F6D6764693A776179706F696E7420783D223234302E302220793D223236302E30222F3E0D0A2020202020203C2F62706D6E64693A42504D4E456467653E0D0A2020202020203C62706D6E64693A42504D4E456467652062706D6E456C656D656E743D227369642D44343443414434332D303237312D343932302D413532342D394238353333453532353530222069643D2242504D4E456467655F7369642D44343443414434332D303237312D343932302D413532342D394238353333453532353530223E0D0A20202020202020203C6F6D6764693A776179706F696E7420783D223539352E302220793D223337302E30222F3E0D0A20202020202020203C6F6D6764693A776179706F696E7420783D223633302E302220793D223337302E30222F3E0D0A2020202020203C2F62706D6E64693A42504D4E456467653E0D0A2020202020203C62706D6E64693A42504D4E456467652062706D6E456C656D656E743D227369642D46413631383633362D333730382D344430432D383531342D323941344242384243393236222069643D2242504D4E456467655F7369642D46413631383633362D333730382D344430432D383531342D323941344242384243393236223E0D0A20202020202020203C6F6D6764693A776179706F696E7420783D223336352E302220793D223335302E30222F3E0D0A20202020202020203C6F6D6764693A776179706F696E7420783D223336352E302220793D223136342E30222F3E0D0A20202020202020203C6F6D6764693A776179706F696E7420783D223331312E302220793D223136342E30222F3E0D0A2020202020203C2F62706D6E64693A42504D4E456467653E0D0A2020202020203C62706D6E64693A42504D4E456467652062706D6E456C656D656E743D227369642D30324442324144392D313333322D343139382D414338442D323241333531363944313543222069643D2242504D4E456467655F7369642D30324442324144392D313333322D343139382D414338442D323241333531363944313543223E0D0A20202020202020203C6F6D6764693A776179706F696E7420783D223733302E302220793D223337302E30222F3E0D0A20202020202020203C6F6D6764693A776179706F696E7420783D223736352E302220793D223337302E30222F3E0D0A2020202020203C2F62706D6E64693A42504D4E456467653E0D0A2020202020203C62706D6E64693A42504D4E456467652062706D6E456C656D656E743D227369642D33364535304338422D364337432D343936382D423032442D454241413432354246344245222069643D2242504D4E456467655F7369642D33364535304338422D364337432D343936382D423032442D454241413432354246344245223E0D0A20202020202020203C6F6D6764693A776179706F696E7420783D2236302E302220793D223236302E30222F3E0D0A20202020202020203C6F6D6764693A776179706F696E7420783D223130352E302220793D223236302E30222F3E0D0A2020202020203C2F62706D6E64693A42504D4E456467653E0D0A2020202020203C62706D6E64693A42504D4E456467652062706D6E456C656D656E743D227369642D35333235383530322D343345452D344445382D423141342D444244313139323242384146222069643D2242504D4E456467655F7369642D35333235383530322D343345452D344445382D423141342D444244313139323242384146223E0D0A20202020202020203C6F6D6764693A776179706F696E7420783D223236302E302220793D223234302E30222F3E0D0A20202020202020203C6F6D6764693A776179706F696E7420783D223236302E302220793D223139332E30222F3E0D0A2020202020203C2F62706D6E64693A42504D4E456467653E0D0A2020202020203C62706D6E64693A42504D4E456467652062706D6E456C656D656E743D227369642D31363344424336302D444243392D343338422D393731412D363737333846423737313541222069643D2242504D4E456467655F7369642D31363344424336302D444243392D343338422D393731412D363737333846423737313541223E0D0A20202020202020203C6F6D6764693A776179706F696E7420783D223236302E302220793D223133352E30222F3E0D0A20202020202020203C6F6D6764693A776179706F696E7420783D223236302E302220793D2238352E30222F3E0D0A2020202020203C2F62706D6E64693A42504D4E456467653E0D0A2020202020203C62706D6E64693A42504D4E456467652062706D6E456C656D656E743D227369642D42444230414142322D374535302D344433352D383045452D434530424543444439463537222069643D2242504D4E456467655F7369642D42444230414142322D374535302D344433352D383045452D434530424543444439463537223E0D0A20202020202020203C6F6D6764693A776179706F696E7420783D223934302E302220793D223337302E30222F3E0D0A20202020202020203C6F6D6764693A776179706F696E7420783D223937352E302220793D223337302E30222F3E0D0A2020202020203C2F62706D6E64693A42504D4E456467653E0D0A2020202020203C62706D6E64693A42504D4E456467652062706D6E456C656D656E743D227369642D31353235424646342D334539442D344438412D424638302D314636334146453136323839222069643D2242504D4E456467655F7369642D31353235424646342D334539442D344438412D424638302D314636334146453136323839223E0D0A20202020202020203C6F6D6764693A776179706F696E7420783D223537352E302220793D223335302E30222F3E0D0A20202020202020203C6F6D6764693A776179706F696E7420783D223537352E302220793D223136342E30222F3E0D0A20202020202020203C6F6D6764693A776179706F696E7420783D223331312E302220793D223136342E30222F3E0D0A2020202020203C2F62706D6E64693A42504D4E456467653E0D0A2020202020203C62706D6E64693A42504D4E456467652062706D6E456C656D656E743D227369642D37323235384134312D323033452D343238432D423731442D434133353036323532443733222069643D2242504D4E456467655F7369642D37323235384134312D323033452D343238432D423731442D434133353036323532443733223E0D0A20202020202020203C6F6D6764693A776179706F696E7420783D223236302E302220793D223238302E30222F3E0D0A20202020202020203C6F6D6764693A776179706F696E7420783D223236302E302220793D223333302E30222F3E0D0A2020202020203C2F62706D6E64693A42504D4E456467653E0D0A202020203C2F62706D6E64693A42504D4E506C616E653E0D0A20203C2F62706D6E64693A42504D4E4469616772616D3E0D0A3C2F646566696E6974696F6E733E, '0');

-- ----------------------------
-- Table structure for act_ge_property
-- ----------------------------
DROP TABLE IF EXISTS `act_ge_property`;
CREATE TABLE `act_ge_property` (
  `NAME_` varchar(64) COLLATE utf8_bin NOT NULL DEFAULT '',
  `VALUE_` varchar(300) COLLATE utf8_bin DEFAULT NULL,
  `REV_` int(11) DEFAULT NULL,
  PRIMARY KEY (`NAME_`)
) ENGINE=InnoDB DEFAULT CHARSET=utf8 COLLATE=utf8_bin;

-- ----------------------------
-- Records of act_ge_property
-- ----------------------------
INSERT INTO `act_ge_property` VALUES ('next.dbid', '1', '1');
INSERT INTO `act_ge_property` VALUES ('schema.history', 'create(5.15.1) upgrade(5.15.1->5.21.0.0)', '2');
INSERT INTO `act_ge_property` VALUES ('schema.version', '5.21.0.0', '2');

-- ----------------------------
-- Table structure for act_hi_actinst
-- ----------------------------
DROP TABLE IF EXISTS `act_hi_actinst`;
CREATE TABLE `act_hi_actinst` (
  `ID_` varchar(64) COLLATE utf8_bin NOT NULL,
  `PROC_DEF_ID_` varchar(64) COLLATE utf8_bin NOT NULL,
  `PROC_INST_ID_` varchar(64) COLLATE utf8_bin NOT NULL,
  `EXECUTION_ID_` varchar(64) COLLATE utf8_bin NOT NULL,
  `ACT_ID_` varchar(255) COLLATE utf8_bin NOT NULL,
  `TASK_ID_` varchar(64) COLLATE utf8_bin DEFAULT NULL,
  `CALL_PROC_INST_ID_` varchar(64) COLLATE utf8_bin DEFAULT NULL,
  `ACT_NAME_` varchar(255) COLLATE utf8_bin DEFAULT NULL,
  `ACT_TYPE_` varchar(255) COLLATE utf8_bin NOT NULL,
  `ASSIGNEE_` varchar(255) COLLATE utf8_bin DEFAULT NULL,
  `START_TIME_` datetime NOT NULL,
  `END_TIME_` datetime DEFAULT NULL,
  `DURATION_` bigint(20) DEFAULT NULL,
  `TENANT_ID_` varchar(255) COLLATE utf8_bin DEFAULT '',
  PRIMARY KEY (`ID_`),
  KEY `ACT_IDX_HI_ACT_INST_START` (`START_TIME_`),
  KEY `ACT_IDX_HI_ACT_INST_END` (`END_TIME_`),
  KEY `ACT_IDX_HI_ACT_INST_PROCINST` (`PROC_INST_ID_`,`ACT_ID_`),
  KEY `ACT_IDX_HI_ACT_INST_EXEC` (`EXECUTION_ID_`,`ACT_ID_`)
) ENGINE=InnoDB DEFAULT CHARSET=utf8 COLLATE=utf8_bin;

-- ----------------------------
-- Records of act_hi_actinst
-- ----------------------------

-- ----------------------------
-- Table structure for act_hi_attachment
-- ----------------------------
DROP TABLE IF EXISTS `act_hi_attachment`;
CREATE TABLE `act_hi_attachment` (
  `ID_` varchar(64) COLLATE utf8_bin NOT NULL,
  `REV_` int(11) DEFAULT NULL,
  `USER_ID_` varchar(255) COLLATE utf8_bin DEFAULT NULL,
  `NAME_` varchar(255) COLLATE utf8_bin DEFAULT NULL,
  `DESCRIPTION_` varchar(4000) COLLATE utf8_bin DEFAULT NULL,
  `TYPE_` varchar(255) COLLATE utf8_bin DEFAULT NULL,
  `TASK_ID_` varchar(64) COLLATE utf8_bin DEFAULT NULL,
  `PROC_INST_ID_` varchar(64) COLLATE utf8_bin DEFAULT NULL,
  `URL_` varchar(4000) COLLATE utf8_bin DEFAULT NULL,
  `CONTENT_ID_` varchar(64) COLLATE utf8_bin DEFAULT NULL,
  `TIME_` datetime DEFAULT NULL,
  PRIMARY KEY (`ID_`)
) ENGINE=InnoDB DEFAULT CHARSET=utf8 COLLATE=utf8_bin;

-- ----------------------------
-- Records of act_hi_attachment
-- ----------------------------

-- ----------------------------
-- Table structure for act_hi_comment
-- ----------------------------
DROP TABLE IF EXISTS `act_hi_comment`;
CREATE TABLE `act_hi_comment` (
  `ID_` varchar(64) COLLATE utf8_bin NOT NULL,
  `TYPE_` varchar(255) COLLATE utf8_bin DEFAULT NULL,
  `TIME_` datetime NOT NULL,
  `USER_ID_` varchar(255) COLLATE utf8_bin DEFAULT NULL,
  `TASK_ID_` varchar(64) COLLATE utf8_bin DEFAULT NULL,
  `PROC_INST_ID_` varchar(64) COLLATE utf8_bin DEFAULT NULL,
  `ACTION_` varchar(255) COLLATE utf8_bin DEFAULT NULL,
  `MESSAGE_` varchar(4000) COLLATE utf8_bin DEFAULT NULL,
  `FULL_MSG_` longblob,
  PRIMARY KEY (`ID_`)
) ENGINE=InnoDB DEFAULT CHARSET=utf8 COLLATE=utf8_bin;

-- ----------------------------
-- Records of act_hi_comment
-- ----------------------------

-- ----------------------------
-- Table structure for act_hi_detail
-- ----------------------------
DROP TABLE IF EXISTS `act_hi_detail`;
CREATE TABLE `act_hi_detail` (
  `ID_` varchar(64) COLLATE utf8_bin NOT NULL,
  `TYPE_` varchar(255) COLLATE utf8_bin NOT NULL,
  `PROC_INST_ID_` varchar(64) COLLATE utf8_bin DEFAULT NULL,
  `EXECUTION_ID_` varchar(64) COLLATE utf8_bin DEFAULT NULL,
  `TASK_ID_` varchar(64) COLLATE utf8_bin DEFAULT NULL,
  `ACT_INST_ID_` varchar(64) COLLATE utf8_bin DEFAULT NULL,
  `NAME_` varchar(255) COLLATE utf8_bin NOT NULL,
  `VAR_TYPE_` varchar(255) COLLATE utf8_bin DEFAULT NULL,
  `REV_` int(11) DEFAULT NULL,
  `TIME_` datetime NOT NULL,
  `BYTEARRAY_ID_` varchar(64) COLLATE utf8_bin DEFAULT NULL,
  `DOUBLE_` double DEFAULT NULL,
  `LONG_` bigint(20) DEFAULT NULL,
  `TEXT_` varchar(4000) COLLATE utf8_bin DEFAULT NULL,
  `TEXT2_` varchar(4000) COLLATE utf8_bin DEFAULT NULL,
  PRIMARY KEY (`ID_`),
  KEY `ACT_IDX_HI_DETAIL_PROC_INST` (`PROC_INST_ID_`),
  KEY `ACT_IDX_HI_DETAIL_ACT_INST` (`ACT_INST_ID_`),
  KEY `ACT_IDX_HI_DETAIL_TIME` (`TIME_`),
  KEY `ACT_IDX_HI_DETAIL_NAME` (`NAME_`),
  KEY `ACT_IDX_HI_DETAIL_TASK_ID` (`TASK_ID_`)
) ENGINE=InnoDB DEFAULT CHARSET=utf8 COLLATE=utf8_bin;

-- ----------------------------
-- Records of act_hi_detail
-- ----------------------------

-- ----------------------------
-- Table structure for act_hi_identitylink
-- ----------------------------
DROP TABLE IF EXISTS `act_hi_identitylink`;
CREATE TABLE `act_hi_identitylink` (
  `ID_` varchar(64) COLLATE utf8_bin NOT NULL DEFAULT '',
  `GROUP_ID_` varchar(255) COLLATE utf8_bin DEFAULT NULL,
  `TYPE_` varchar(255) COLLATE utf8_bin DEFAULT NULL,
  `USER_ID_` varchar(255) COLLATE utf8_bin DEFAULT NULL,
  `TASK_ID_` varchar(64) COLLATE utf8_bin DEFAULT NULL,
  `PROC_INST_ID_` varchar(64) COLLATE utf8_bin DEFAULT NULL,
  PRIMARY KEY (`ID_`),
  KEY `ACT_IDX_HI_IDENT_LNK_USER` (`USER_ID_`),
  KEY `ACT_IDX_HI_IDENT_LNK_TASK` (`TASK_ID_`),
  KEY `ACT_IDX_HI_IDENT_LNK_PROCINST` (`PROC_INST_ID_`)
) ENGINE=InnoDB DEFAULT CHARSET=utf8 COLLATE=utf8_bin;

-- ----------------------------
-- Records of act_hi_identitylink
-- ----------------------------

-- ----------------------------
-- Table structure for act_hi_procinst
-- ----------------------------
DROP TABLE IF EXISTS `act_hi_procinst`;
CREATE TABLE `act_hi_procinst` (
  `ID_` varchar(64) COLLATE utf8_bin NOT NULL,
  `PROC_INST_ID_` varchar(64) COLLATE utf8_bin NOT NULL,
  `BUSINESS_KEY_` varchar(255) COLLATE utf8_bin DEFAULT NULL,
  `PROC_DEF_ID_` varchar(64) COLLATE utf8_bin NOT NULL,
  `START_TIME_` datetime NOT NULL,
  `END_TIME_` datetime DEFAULT NULL,
  `DURATION_` bigint(20) DEFAULT NULL,
  `START_USER_ID_` varchar(255) COLLATE utf8_bin DEFAULT NULL,
  `START_ACT_ID_` varchar(255) COLLATE utf8_bin DEFAULT NULL,
  `END_ACT_ID_` varchar(255) COLLATE utf8_bin DEFAULT NULL,
  `SUPER_PROCESS_INSTANCE_ID_` varchar(64) COLLATE utf8_bin DEFAULT NULL,
  `DELETE_REASON_` varchar(4000) COLLATE utf8_bin DEFAULT NULL,
  `TENANT_ID_` varchar(255) COLLATE utf8_bin DEFAULT '',
  `NAME_` varchar(255) COLLATE utf8_bin DEFAULT NULL,
  PRIMARY KEY (`ID_`),
  UNIQUE KEY `PROC_INST_ID_` (`PROC_INST_ID_`),
  KEY `ACT_IDX_HI_PRO_INST_END` (`END_TIME_`),
  KEY `ACT_IDX_HI_PRO_I_BUSKEY` (`BUSINESS_KEY_`)
) ENGINE=InnoDB DEFAULT CHARSET=utf8 COLLATE=utf8_bin;

-- ----------------------------
-- Records of act_hi_procinst
-- ----------------------------

-- ----------------------------
-- Table structure for act_hi_taskinst
-- ----------------------------
DROP TABLE IF EXISTS `act_hi_taskinst`;
CREATE TABLE `act_hi_taskinst` (
  `ID_` varchar(64) COLLATE utf8_bin NOT NULL,
  `PROC_DEF_ID_` varchar(64) COLLATE utf8_bin DEFAULT NULL,
  `TASK_DEF_KEY_` varchar(255) COLLATE utf8_bin DEFAULT NULL,
  `PROC_INST_ID_` varchar(64) COLLATE utf8_bin DEFAULT NULL,
  `EXECUTION_ID_` varchar(64) COLLATE utf8_bin DEFAULT NULL,
  `NAME_` varchar(255) COLLATE utf8_bin DEFAULT NULL,
  `PARENT_TASK_ID_` varchar(64) COLLATE utf8_bin DEFAULT NULL,
  `DESCRIPTION_` varchar(4000) COLLATE utf8_bin DEFAULT NULL,
  `OWNER_` varchar(255) COLLATE utf8_bin DEFAULT NULL,
  `ASSIGNEE_` varchar(255) COLLATE utf8_bin DEFAULT NULL,
  `START_TIME_` datetime NOT NULL,
  `CLAIM_TIME_` datetime DEFAULT NULL,
  `END_TIME_` datetime DEFAULT NULL,
  `DURATION_` bigint(20) DEFAULT NULL,
  `DELETE_REASON_` varchar(4000) COLLATE utf8_bin DEFAULT NULL,
  `PRIORITY_` int(11) DEFAULT NULL,
  `DUE_DATE_` datetime DEFAULT NULL,
  `FORM_KEY_` varchar(255) COLLATE utf8_bin DEFAULT NULL,
  `CATEGORY_` varchar(255) COLLATE utf8_bin DEFAULT NULL,
  `TENANT_ID_` varchar(255) COLLATE utf8_bin DEFAULT '',
  PRIMARY KEY (`ID_`),
  KEY `ACT_IDX_HI_TASK_INST_PROCINST` (`PROC_INST_ID_`)
) ENGINE=InnoDB DEFAULT CHARSET=utf8 COLLATE=utf8_bin;

-- ----------------------------
-- Records of act_hi_taskinst
-- ----------------------------

-- ----------------------------
-- Table structure for act_hi_varinst
-- ----------------------------
DROP TABLE IF EXISTS `act_hi_varinst`;
CREATE TABLE `act_hi_varinst` (
  `ID_` varchar(64) COLLATE utf8_bin NOT NULL,
  `PROC_INST_ID_` varchar(64) COLLATE utf8_bin DEFAULT NULL,
  `EXECUTION_ID_` varchar(64) COLLATE utf8_bin DEFAULT NULL,
  `TASK_ID_` varchar(64) COLLATE utf8_bin DEFAULT NULL,
  `NAME_` varchar(255) COLLATE utf8_bin NOT NULL,
  `VAR_TYPE_` varchar(100) COLLATE utf8_bin DEFAULT NULL,
  `REV_` int(11) DEFAULT NULL,
  `BYTEARRAY_ID_` varchar(64) COLLATE utf8_bin DEFAULT NULL,
  `DOUBLE_` double DEFAULT NULL,
  `LONG_` bigint(20) DEFAULT NULL,
  `TEXT_` varchar(4000) COLLATE utf8_bin DEFAULT NULL,
  `TEXT2_` varchar(4000) COLLATE utf8_bin DEFAULT NULL,
  `CREATE_TIME_` datetime DEFAULT NULL,
  `LAST_UPDATED_TIME_` datetime DEFAULT NULL,
  PRIMARY KEY (`ID_`),
  KEY `ACT_IDX_HI_PROCVAR_PROC_INST` (`PROC_INST_ID_`),
  KEY `ACT_IDX_HI_PROCVAR_NAME_TYPE` (`NAME_`,`VAR_TYPE_`),
  KEY `ACT_IDX_HI_PROCVAR_TASK_ID` (`TASK_ID_`)
) ENGINE=InnoDB DEFAULT CHARSET=utf8 COLLATE=utf8_bin;

-- ----------------------------
-- Records of act_hi_varinst
-- ----------------------------

-- ----------------------------
-- Table structure for act_id_group
-- ----------------------------
DROP TABLE IF EXISTS `act_id_group`;
CREATE TABLE `act_id_group` (
  `ID_` varchar(64) COLLATE utf8_bin NOT NULL DEFAULT '',
  `REV_` int(11) DEFAULT NULL,
  `NAME_` varchar(255) COLLATE utf8_bin DEFAULT NULL,
  `TYPE_` varchar(255) COLLATE utf8_bin DEFAULT NULL,
  PRIMARY KEY (`ID_`)
) ENGINE=InnoDB DEFAULT CHARSET=utf8 COLLATE=utf8_bin;

-- ----------------------------
-- Records of act_id_group
-- ----------------------------

-- ----------------------------
-- Table structure for act_id_info
-- ----------------------------
DROP TABLE IF EXISTS `act_id_info`;
CREATE TABLE `act_id_info` (
  `ID_` varchar(64) COLLATE utf8_bin NOT NULL DEFAULT '',
  `REV_` int(11) DEFAULT NULL,
  `USER_ID_` varchar(64) COLLATE utf8_bin DEFAULT NULL,
  `TYPE_` varchar(64) COLLATE utf8_bin DEFAULT NULL,
  `KEY_` varchar(255) COLLATE utf8_bin DEFAULT NULL,
  `VALUE_` varchar(255) COLLATE utf8_bin DEFAULT NULL,
  `PASSWORD_` longblob,
  `PARENT_ID_` varchar(255) COLLATE utf8_bin DEFAULT NULL,
  PRIMARY KEY (`ID_`)
) ENGINE=InnoDB DEFAULT CHARSET=utf8 COLLATE=utf8_bin;

-- ----------------------------
-- Records of act_id_info
-- ----------------------------

-- ----------------------------
-- Table structure for act_id_membership
-- ----------------------------
DROP TABLE IF EXISTS `act_id_membership`;
CREATE TABLE `act_id_membership` (
  `USER_ID_` varchar(64) COLLATE utf8_bin NOT NULL DEFAULT '',
  `GROUP_ID_` varchar(64) COLLATE utf8_bin NOT NULL DEFAULT '',
  PRIMARY KEY (`USER_ID_`,`GROUP_ID_`),
  KEY `ACT_FK_MEMB_GROUP` (`GROUP_ID_`),
  CONSTRAINT `ACT_FK_MEMB_GROUP` FOREIGN KEY (`GROUP_ID_`) REFERENCES `act_id_group` (`ID_`),
  CONSTRAINT `ACT_FK_MEMB_USER` FOREIGN KEY (`USER_ID_`) REFERENCES `act_id_user` (`ID_`)
) ENGINE=InnoDB DEFAULT CHARSET=utf8 COLLATE=utf8_bin;

-- ----------------------------
-- Records of act_id_membership
-- ----------------------------

-- ----------------------------
-- Table structure for act_id_user
-- ----------------------------
DROP TABLE IF EXISTS `act_id_user`;
CREATE TABLE `act_id_user` (
  `ID_` varchar(64) COLLATE utf8_bin NOT NULL DEFAULT '',
  `REV_` int(11) DEFAULT NULL,
  `FIRST_` varchar(255) COLLATE utf8_bin DEFAULT NULL,
  `LAST_` varchar(255) COLLATE utf8_bin DEFAULT NULL,
  `EMAIL_` varchar(255) COLLATE utf8_bin DEFAULT NULL,
  `PWD_` varchar(255) COLLATE utf8_bin DEFAULT NULL,
  `PICTURE_ID_` varchar(64) COLLATE utf8_bin DEFAULT NULL,
  PRIMARY KEY (`ID_`)
) ENGINE=InnoDB DEFAULT CHARSET=utf8 COLLATE=utf8_bin;

-- ----------------------------
-- Records of act_id_user
-- ----------------------------

-- ----------------------------
-- Table structure for act_procdef_info
-- ----------------------------
DROP TABLE IF EXISTS `act_procdef_info`;
CREATE TABLE `act_procdef_info` (
  `ID_` varchar(64) COLLATE utf8_bin NOT NULL,
  `PROC_DEF_ID_` varchar(64) COLLATE utf8_bin NOT NULL,
  `REV_` int(11) DEFAULT NULL,
  `INFO_JSON_ID_` varchar(64) COLLATE utf8_bin DEFAULT NULL,
  PRIMARY KEY (`ID_`),
  UNIQUE KEY `ACT_UNIQ_INFO_PROCDEF` (`PROC_DEF_ID_`),
  KEY `ACT_IDX_INFO_PROCDEF` (`PROC_DEF_ID_`),
  KEY `ACT_FK_INFO_JSON_BA` (`INFO_JSON_ID_`),
  CONSTRAINT `ACT_FK_INFO_JSON_BA` FOREIGN KEY (`INFO_JSON_ID_`) REFERENCES `act_ge_bytearray` (`ID_`),
  CONSTRAINT `ACT_FK_INFO_PROCDEF` FOREIGN KEY (`PROC_DEF_ID_`) REFERENCES `act_re_procdef` (`ID_`)
) ENGINE=InnoDB DEFAULT CHARSET=utf8 COLLATE=utf8_bin;

-- ----------------------------
-- Records of act_procdef_info
-- ----------------------------

-- ----------------------------
-- Table structure for act_re_deployment
-- ----------------------------
DROP TABLE IF EXISTS `act_re_deployment`;
CREATE TABLE `act_re_deployment` (
  `ID_` varchar(64) COLLATE utf8_bin NOT NULL DEFAULT '',
  `NAME_` varchar(255) COLLATE utf8_bin DEFAULT NULL,
  `CATEGORY_` varchar(255) COLLATE utf8_bin DEFAULT NULL,
  `TENANT_ID_` varchar(255) COLLATE utf8_bin DEFAULT '',
  `DEPLOY_TIME_` timestamp NULL DEFAULT NULL,
  PRIMARY KEY (`ID_`)
) ENGINE=InnoDB DEFAULT CHARSET=utf8 COLLATE=utf8_bin;

-- ----------------------------
-- Records of act_re_deployment
-- ----------------------------
INSERT INTO `act_re_deployment` VALUES ('34411cf3b46d4f22acf265969ad256c8', 'SpringAutoDeployment', null, '', '2017-03-28 22:02:01');

-- ----------------------------
-- Table structure for act_re_model
-- ----------------------------
DROP TABLE IF EXISTS `act_re_model`;
CREATE TABLE `act_re_model` (
  `ID_` varchar(64) COLLATE utf8_bin NOT NULL,
  `REV_` int(11) DEFAULT NULL,
  `NAME_` varchar(255) COLLATE utf8_bin DEFAULT NULL,
  `KEY_` varchar(255) COLLATE utf8_bin DEFAULT NULL,
  `CATEGORY_` varchar(255) COLLATE utf8_bin DEFAULT NULL,
  `CREATE_TIME_` timestamp NULL DEFAULT NULL,
  `LAST_UPDATE_TIME_` timestamp NULL DEFAULT NULL,
  `VERSION_` int(11) DEFAULT NULL,
  `META_INFO_` varchar(4000) COLLATE utf8_bin DEFAULT NULL,
  `DEPLOYMENT_ID_` varchar(64) COLLATE utf8_bin DEFAULT NULL,
  `EDITOR_SOURCE_VALUE_ID_` varchar(64) COLLATE utf8_bin DEFAULT NULL,
  `EDITOR_SOURCE_EXTRA_VALUE_ID_` varchar(64) COLLATE utf8_bin DEFAULT NULL,
  `TENANT_ID_` varchar(255) COLLATE utf8_bin DEFAULT '',
  PRIMARY KEY (`ID_`),
  KEY `ACT_FK_MODEL_SOURCE` (`EDITOR_SOURCE_VALUE_ID_`),
  KEY `ACT_FK_MODEL_SOURCE_EXTRA` (`EDITOR_SOURCE_EXTRA_VALUE_ID_`),
  KEY `ACT_FK_MODEL_DEPLOYMENT` (`DEPLOYMENT_ID_`),
  CONSTRAINT `ACT_FK_MODEL_DEPLOYMENT` FOREIGN KEY (`DEPLOYMENT_ID_`) REFERENCES `act_re_deployment` (`ID_`),
  CONSTRAINT `ACT_FK_MODEL_SOURCE` FOREIGN KEY (`EDITOR_SOURCE_VALUE_ID_`) REFERENCES `act_ge_bytearray` (`ID_`),
  CONSTRAINT `ACT_FK_MODEL_SOURCE_EXTRA` FOREIGN KEY (`EDITOR_SOURCE_EXTRA_VALUE_ID_`) REFERENCES `act_ge_bytearray` (`ID_`)
) ENGINE=InnoDB DEFAULT CHARSET=utf8 COLLATE=utf8_bin;

-- ----------------------------
-- Records of act_re_model
-- ----------------------------
INSERT INTO `act_re_model` VALUES ('d133cf8e022b4822aed2fa10776143a7', '2', 'aa', 'aa', '1', '2017-04-26 11:09:57', '2017-04-26 11:09:57', '1', '{\"name\":\"aa\",\"revision\":1,\"description\":\"dd\"}', null, '172f53a940b04fd5aa379b82c097be64', null, '');

-- ----------------------------
-- Table structure for act_re_procdef
-- ----------------------------
DROP TABLE IF EXISTS `act_re_procdef`;
CREATE TABLE `act_re_procdef` (
  `ID_` varchar(64) COLLATE utf8_bin NOT NULL,
  `REV_` int(11) DEFAULT NULL,
  `CATEGORY_` varchar(255) COLLATE utf8_bin DEFAULT NULL,
  `NAME_` varchar(255) COLLATE utf8_bin DEFAULT NULL,
  `KEY_` varchar(255) COLLATE utf8_bin NOT NULL,
  `VERSION_` int(11) NOT NULL,
  `DEPLOYMENT_ID_` varchar(64) COLLATE utf8_bin DEFAULT NULL,
  `RESOURCE_NAME_` varchar(4000) COLLATE utf8_bin DEFAULT NULL,
  `DGRM_RESOURCE_NAME_` varchar(4000) COLLATE utf8_bin DEFAULT NULL,
  `DESCRIPTION_` varchar(4000) COLLATE utf8_bin DEFAULT NULL,
  `HAS_START_FORM_KEY_` tinyint(4) DEFAULT NULL,
  `SUSPENSION_STATE_` int(11) DEFAULT NULL,
  `TENANT_ID_` varchar(255) COLLATE utf8_bin DEFAULT '',
  `HAS_GRAPHICAL_NOTATION_` tinyint(4) DEFAULT NULL,
  PRIMARY KEY (`ID_`),
  UNIQUE KEY `ACT_UNIQ_PROCDEF` (`KEY_`,`VERSION_`,`TENANT_ID_`)
) ENGINE=InnoDB DEFAULT CHARSET=utf8 COLLATE=utf8_bin;

-- ----------------------------
-- Records of act_re_procdef
-- ----------------------------
INSERT INTO `act_re_procdef` VALUES ('test_audit:1:6259b5da9a7642d0a1eba2d9d232a528', '1', 'http://www.activiti.org/test', '', 'test_audit', '1', '34411cf3b46d4f22acf265969ad256c8', 'test_audit.bpmn20.xml', 'test_audit.png', null, '1', '1', '', '1');

-- ----------------------------
-- Table structure for act_ru_event_subscr
-- ----------------------------
DROP TABLE IF EXISTS `act_ru_event_subscr`;
CREATE TABLE `act_ru_event_subscr` (
  `ID_` varchar(64) COLLATE utf8_bin NOT NULL,
  `REV_` int(11) DEFAULT NULL,
  `EVENT_TYPE_` varchar(255) COLLATE utf8_bin NOT NULL,
  `EVENT_NAME_` varchar(255) COLLATE utf8_bin DEFAULT NULL,
  `EXECUTION_ID_` varchar(64) COLLATE utf8_bin DEFAULT NULL,
  `PROC_INST_ID_` varchar(64) COLLATE utf8_bin DEFAULT NULL,
  `ACTIVITY_ID_` varchar(64) COLLATE utf8_bin DEFAULT NULL,
  `CONFIGURATION_` varchar(255) COLLATE utf8_bin DEFAULT NULL,
  `CREATED_` timestamp NOT NULL DEFAULT CURRENT_TIMESTAMP,
  `PROC_DEF_ID_` varchar(64) COLLATE utf8_bin DEFAULT NULL,
  `TENANT_ID_` varchar(255) COLLATE utf8_bin DEFAULT '',
  PRIMARY KEY (`ID_`),
  KEY `ACT_IDX_EVENT_SUBSCR_CONFIG_` (`CONFIGURATION_`),
  KEY `ACT_FK_EVENT_EXEC` (`EXECUTION_ID_`),
  CONSTRAINT `ACT_FK_EVENT_EXEC` FOREIGN KEY (`EXECUTION_ID_`) REFERENCES `act_ru_execution` (`ID_`)
) ENGINE=InnoDB DEFAULT CHARSET=utf8 COLLATE=utf8_bin;

-- ----------------------------
-- Records of act_ru_event_subscr
-- ----------------------------

-- ----------------------------
-- Table structure for act_ru_execution
-- ----------------------------
DROP TABLE IF EXISTS `act_ru_execution`;
CREATE TABLE `act_ru_execution` (
  `ID_` varchar(64) COLLATE utf8_bin NOT NULL DEFAULT '',
  `REV_` int(11) DEFAULT NULL,
  `PROC_INST_ID_` varchar(64) COLLATE utf8_bin DEFAULT NULL,
  `BUSINESS_KEY_` varchar(255) COLLATE utf8_bin DEFAULT NULL,
  `PARENT_ID_` varchar(64) COLLATE utf8_bin DEFAULT NULL,
  `PROC_DEF_ID_` varchar(64) COLLATE utf8_bin DEFAULT NULL,
  `SUPER_EXEC_` varchar(64) COLLATE utf8_bin DEFAULT NULL,
  `ACT_ID_` varchar(255) COLLATE utf8_bin DEFAULT NULL,
  `IS_ACTIVE_` tinyint(4) DEFAULT NULL,
  `IS_CONCURRENT_` tinyint(4) DEFAULT NULL,
  `IS_SCOPE_` tinyint(4) DEFAULT NULL,
  `IS_EVENT_SCOPE_` tinyint(4) DEFAULT NULL,
  `SUSPENSION_STATE_` int(11) DEFAULT NULL,
  `CACHED_ENT_STATE_` int(11) DEFAULT NULL,
  `TENANT_ID_` varchar(255) COLLATE utf8_bin DEFAULT '',
  `NAME_` varchar(255) COLLATE utf8_bin DEFAULT NULL,
  `LOCK_TIME_` timestamp NULL DEFAULT NULL,
  PRIMARY KEY (`ID_`),
  KEY `ACT_IDX_EXEC_BUSKEY` (`BUSINESS_KEY_`),
  KEY `ACT_FK_EXE_PROCINST` (`PROC_INST_ID_`),
  KEY `ACT_FK_EXE_PARENT` (`PARENT_ID_`),
  KEY `ACT_FK_EXE_SUPER` (`SUPER_EXEC_`),
  KEY `ACT_FK_EXE_PROCDEF` (`PROC_DEF_ID_`),
  CONSTRAINT `ACT_FK_EXE_PARENT` FOREIGN KEY (`PARENT_ID_`) REFERENCES `act_ru_execution` (`ID_`),
  CONSTRAINT `ACT_FK_EXE_PROCDEF` FOREIGN KEY (`PROC_DEF_ID_`) REFERENCES `act_re_procdef` (`ID_`),
  CONSTRAINT `ACT_FK_EXE_PROCINST` FOREIGN KEY (`PROC_INST_ID_`) REFERENCES `act_ru_execution` (`ID_`) ON DELETE CASCADE ON UPDATE CASCADE,
  CONSTRAINT `ACT_FK_EXE_SUPER` FOREIGN KEY (`SUPER_EXEC_`) REFERENCES `act_ru_execution` (`ID_`)
) ENGINE=InnoDB DEFAULT CHARSET=utf8 COLLATE=utf8_bin;

-- ----------------------------
-- Records of act_ru_execution
-- ----------------------------

-- ----------------------------
-- Table structure for act_ru_identitylink
-- ----------------------------
DROP TABLE IF EXISTS `act_ru_identitylink`;
CREATE TABLE `act_ru_identitylink` (
  `ID_` varchar(64) COLLATE utf8_bin NOT NULL DEFAULT '',
  `REV_` int(11) DEFAULT NULL,
  `GROUP_ID_` varchar(255) COLLATE utf8_bin DEFAULT NULL,
  `TYPE_` varchar(255) COLLATE utf8_bin DEFAULT NULL,
  `USER_ID_` varchar(255) COLLATE utf8_bin DEFAULT NULL,
  `TASK_ID_` varchar(64) COLLATE utf8_bin DEFAULT NULL,
  `PROC_INST_ID_` varchar(64) COLLATE utf8_bin DEFAULT NULL,
  `PROC_DEF_ID_` varchar(64) COLLATE utf8_bin DEFAULT NULL,
  PRIMARY KEY (`ID_`),
  KEY `ACT_IDX_IDENT_LNK_USER` (`USER_ID_`),
  KEY `ACT_IDX_IDENT_LNK_GROUP` (`GROUP_ID_`),
  KEY `ACT_IDX_ATHRZ_PROCEDEF` (`PROC_DEF_ID_`),
  KEY `ACT_FK_TSKASS_TASK` (`TASK_ID_`),
  KEY `ACT_FK_IDL_PROCINST` (`PROC_INST_ID_`),
  CONSTRAINT `ACT_FK_ATHRZ_PROCEDEF` FOREIGN KEY (`PROC_DEF_ID_`) REFERENCES `act_re_procdef` (`ID_`),
  CONSTRAINT `ACT_FK_IDL_PROCINST` FOREIGN KEY (`PROC_INST_ID_`) REFERENCES `act_ru_execution` (`ID_`),
  CONSTRAINT `ACT_FK_TSKASS_TASK` FOREIGN KEY (`TASK_ID_`) REFERENCES `act_ru_task` (`ID_`)
) ENGINE=InnoDB DEFAULT CHARSET=utf8 COLLATE=utf8_bin;

-- ----------------------------
-- Records of act_ru_identitylink
-- ----------------------------

-- ----------------------------
-- Table structure for act_ru_job
-- ----------------------------
DROP TABLE IF EXISTS `act_ru_job`;
CREATE TABLE `act_ru_job` (
  `ID_` varchar(64) COLLATE utf8_bin NOT NULL,
  `REV_` int(11) DEFAULT NULL,
  `TYPE_` varchar(255) COLLATE utf8_bin NOT NULL,
  `LOCK_EXP_TIME_` timestamp NULL DEFAULT NULL,
  `LOCK_OWNER_` varchar(255) COLLATE utf8_bin DEFAULT NULL,
  `EXCLUSIVE_` tinyint(1) DEFAULT NULL,
  `EXECUTION_ID_` varchar(64) COLLATE utf8_bin DEFAULT NULL,
  `PROCESS_INSTANCE_ID_` varchar(64) COLLATE utf8_bin DEFAULT NULL,
  `PROC_DEF_ID_` varchar(64) COLLATE utf8_bin DEFAULT NULL,
  `RETRIES_` int(11) DEFAULT NULL,
  `EXCEPTION_STACK_ID_` varchar(64) COLLATE utf8_bin DEFAULT NULL,
  `EXCEPTION_MSG_` varchar(4000) COLLATE utf8_bin DEFAULT NULL,
  `DUEDATE_` timestamp NULL DEFAULT NULL,
  `REPEAT_` varchar(255) COLLATE utf8_bin DEFAULT NULL,
  `HANDLER_TYPE_` varchar(255) COLLATE utf8_bin DEFAULT NULL,
  `HANDLER_CFG_` varchar(4000) COLLATE utf8_bin DEFAULT NULL,
  `TENANT_ID_` varchar(255) COLLATE utf8_bin DEFAULT '',
  PRIMARY KEY (`ID_`),
  KEY `ACT_FK_JOB_EXCEPTION` (`EXCEPTION_STACK_ID_`),
  CONSTRAINT `ACT_FK_JOB_EXCEPTION` FOREIGN KEY (`EXCEPTION_STACK_ID_`) REFERENCES `act_ge_bytearray` (`ID_`)
) ENGINE=InnoDB DEFAULT CHARSET=utf8 COLLATE=utf8_bin;

-- ----------------------------
-- Records of act_ru_job
-- ----------------------------

-- ----------------------------
-- Table structure for act_ru_task
-- ----------------------------
DROP TABLE IF EXISTS `act_ru_task`;
CREATE TABLE `act_ru_task` (
  `ID_` varchar(64) COLLATE utf8_bin NOT NULL DEFAULT '',
  `REV_` int(11) DEFAULT NULL,
  `EXECUTION_ID_` varchar(64) COLLATE utf8_bin DEFAULT NULL,
  `PROC_INST_ID_` varchar(64) COLLATE utf8_bin DEFAULT NULL,
  `PROC_DEF_ID_` varchar(64) COLLATE utf8_bin DEFAULT NULL,
  `NAME_` varchar(255) COLLATE utf8_bin DEFAULT NULL,
  `PARENT_TASK_ID_` varchar(64) COLLATE utf8_bin DEFAULT NULL,
  `DESCRIPTION_` varchar(4000) COLLATE utf8_bin DEFAULT NULL,
  `TASK_DEF_KEY_` varchar(255) COLLATE utf8_bin DEFAULT NULL,
  `OWNER_` varchar(255) COLLATE utf8_bin DEFAULT NULL,
  `ASSIGNEE_` varchar(255) COLLATE utf8_bin DEFAULT NULL,
  `DELEGATION_` varchar(64) COLLATE utf8_bin DEFAULT NULL,
  `PRIORITY_` int(11) DEFAULT NULL,
  `CREATE_TIME_` timestamp NULL DEFAULT NULL,
  `DUE_DATE_` datetime DEFAULT NULL,
  `CATEGORY_` varchar(255) COLLATE utf8_bin DEFAULT NULL,
  `SUSPENSION_STATE_` int(11) DEFAULT NULL,
  `TENANT_ID_` varchar(255) COLLATE utf8_bin DEFAULT '',
  `FORM_KEY_` varchar(255) COLLATE utf8_bin DEFAULT NULL,
  PRIMARY KEY (`ID_`),
  KEY `ACT_IDX_TASK_CREATE` (`CREATE_TIME_`),
  KEY `ACT_FK_TASK_EXE` (`EXECUTION_ID_`),
  KEY `ACT_FK_TASK_PROCINST` (`PROC_INST_ID_`),
  KEY `ACT_FK_TASK_PROCDEF` (`PROC_DEF_ID_`),
  CONSTRAINT `ACT_FK_TASK_EXE` FOREIGN KEY (`EXECUTION_ID_`) REFERENCES `act_ru_execution` (`ID_`),
  CONSTRAINT `ACT_FK_TASK_PROCDEF` FOREIGN KEY (`PROC_DEF_ID_`) REFERENCES `act_re_procdef` (`ID_`),
  CONSTRAINT `ACT_FK_TASK_PROCINST` FOREIGN KEY (`PROC_INST_ID_`) REFERENCES `act_ru_execution` (`ID_`)
) ENGINE=InnoDB DEFAULT CHARSET=utf8 COLLATE=utf8_bin;

-- ----------------------------
-- Records of act_ru_task
-- ----------------------------

-- ----------------------------
-- Table structure for act_ru_variable
-- ----------------------------
DROP TABLE IF EXISTS `act_ru_variable`;
CREATE TABLE `act_ru_variable` (
  `ID_` varchar(64) COLLATE utf8_bin NOT NULL,
  `REV_` int(11) DEFAULT NULL,
  `TYPE_` varchar(255) COLLATE utf8_bin NOT NULL,
  `NAME_` varchar(255) COLLATE utf8_bin NOT NULL,
  `EXECUTION_ID_` varchar(64) COLLATE utf8_bin DEFAULT NULL,
  `PROC_INST_ID_` varchar(64) COLLATE utf8_bin DEFAULT NULL,
  `TASK_ID_` varchar(64) COLLATE utf8_bin DEFAULT NULL,
  `BYTEARRAY_ID_` varchar(64) COLLATE utf8_bin DEFAULT NULL,
  `DOUBLE_` double DEFAULT NULL,
  `LONG_` bigint(20) DEFAULT NULL,
  `TEXT_` varchar(4000) COLLATE utf8_bin DEFAULT NULL,
  `TEXT2_` varchar(4000) COLLATE utf8_bin DEFAULT NULL,
  PRIMARY KEY (`ID_`),
  KEY `ACT_IDX_VARIABLE_TASK_ID` (`TASK_ID_`),
  KEY `ACT_FK_VAR_EXE` (`EXECUTION_ID_`),
  KEY `ACT_FK_VAR_PROCINST` (`PROC_INST_ID_`),
  KEY `ACT_FK_VAR_BYTEARRAY` (`BYTEARRAY_ID_`),
  CONSTRAINT `ACT_FK_VAR_BYTEARRAY` FOREIGN KEY (`BYTEARRAY_ID_`) REFERENCES `act_ge_bytearray` (`ID_`),
  CONSTRAINT `ACT_FK_VAR_EXE` FOREIGN KEY (`EXECUTION_ID_`) REFERENCES `act_ru_execution` (`ID_`),
  CONSTRAINT `ACT_FK_VAR_PROCINST` FOREIGN KEY (`PROC_INST_ID_`) REFERENCES `act_ru_execution` (`ID_`)
) ENGINE=InnoDB DEFAULT CHARSET=utf8 COLLATE=utf8_bin;

-- ----------------------------
-- Records of act_ru_variable
-- ----------------------------

-- ----------------------------
-- Table structure for cms_article
-- ----------------------------
DROP TABLE IF EXISTS `cms_article`;
CREATE TABLE `cms_article` (
  `id` varchar(64) COLLATE utf8_bin NOT NULL COMMENT '',
  `category_id` varchar(64) COLLATE utf8_bin NOT NULL COMMENT '',
  `title` varchar(255) COLLATE utf8_bin NOT NULL COMMENT '',
  `link` varchar(255) COLLATE utf8_bin DEFAULT NULL COMMENT '',
  `color` varchar(50) COLLATE utf8_bin DEFAULT NULL COMMENT '',
  `image` varchar(255) COLLATE utf8_bin DEFAULT NULL COMMENT '',
  `keywords` varchar(255) COLLATE utf8_bin DEFAULT NULL COMMENT '',
  `description` varchar(255) COLLATE utf8_bin DEFAULT NULL COMMENT '',
  `weight` int(11) DEFAULT '0' COMMENT '',
  `weight_date` datetime DEFAULT NULL COMMENT '',
  `hits` int(11) DEFAULT '0' COMMENT '',
  `posid` varchar(10) COLLATE utf8_bin DEFAULT NULL COMMENT '',
  `custom_content_view` varchar(255) COLLATE utf8_bin DEFAULT NULL COMMENT '',
  `view_config` text COLLATE utf8_bin COMMENT '',
  `create_by` varchar(64) COLLATE utf8_bin DEFAULT NULL COMMENT '',
  `create_date` datetime DEFAULT NULL COMMENT '',
  `update_by` varchar(64) COLLATE utf8_bin DEFAULT NULL COMMENT '',
  `update_date` datetime DEFAULT NULL COMMENT '',
  `remarks` varchar(255) COLLATE utf8_bin DEFAULT NULL COMMENT '',
  `del_flag` char(1) COLLATE utf8_bin NOT NULL DEFAULT '0' COMMENT '',
  PRIMARY KEY (`id`),
  KEY `cms_article_create_by` (`create_by`),
  KEY `cms_article_title` (`title`),
  KEY `cms_article_keywords` (`keywords`),
  KEY `cms_article_del_flag` (`del_flag`),
  KEY `cms_article_weight` (`weight`),
  KEY `cms_article_update_date` (`update_date`),
  KEY `cms_article_category_id` (`category_id`)
) ENGINE=InnoDB DEFAULT CHARSET=utf8 COLLATE=utf8_bin COMMENT='';

-- ----------------------------
-- Records of cms_article
-- ----------------------------
INSERT INTO `cms_article` VALUES ('1', '3', '', null, 'green', null, '1,2', null, '0', null, '0', null, null, null, '1', '2013-05-27 08:00:00', '1', '2013-05-27 08:00:00', null, '0');
INSERT INTO `cms_article` VALUES ('10', '4', '', null, null, null, '1,2', null, '0', null, '0', null, null, null, '1', '2013-05-27 08:00:00', '1', '2013-05-27 08:00:00', null, '0');
INSERT INTO `cms_article` VALUES ('11', '5', '', null, null, null, '1,2', null, '0', null, '0', null, null, null, '1', '2013-05-27 08:00:00', '1', '2013-05-27 08:00:00', null, '0');
INSERT INTO `cms_article` VALUES ('12', '5', '', null, null, null, '1,2', null, '0', null, '0', null, null, null, '1', '2013-05-27 08:00:00', '1', '2013-05-27 08:00:00', null, '0');
INSERT INTO `cms_article` VALUES ('13', '5', '', null, null, null, '1,2', null, '0', null, '0', null, null, null, '1', '2013-05-27 08:00:00', '1', '2013-05-27 08:00:00', null, '0');
INSERT INTO `cms_article` VALUES ('14', '7', '', null, null, null, '1,2', null, '0', null, '0', null, null, null, '1', '2013-05-27 08:00:00', '1', '2013-05-27 08:00:00', null, '0');
INSERT INTO `cms_article` VALUES ('15', '7', '', null, null, null, '1,2', null, '0', null, '0', null, null, null, '1', '2013-05-27 08:00:00', '1', '2013-05-27 08:00:00', null, '0');
INSERT INTO `cms_article` VALUES ('16', '7', '', null, null, null, '1,2', null, '0', null, '0', null, null, null, '1', '2013-05-27 08:00:00', '1', '2013-05-27 08:00:00', null, '0');
INSERT INTO `cms_article` VALUES ('17', '7', '', null, null, null, '1,2', null, '0', null, '0', null, null, null, '1', '2013-05-27 08:00:00', '1', '2013-05-27 08:00:00', null, '0');
INSERT INTO `cms_article` VALUES ('18', '8', '', null, null, null, '1,2', null, '0', null, '0', null, null, null, '1', '2013-05-27 08:00:00', '1', '2013-05-27 08:00:00', null, '0');
INSERT INTO `cms_article` VALUES ('19', '8', '', null, null, null, '1,2', null, '0', null, '0', null, null, null, '1', '2013-05-27 08:00:00', '1', '2013-05-27 08:00:00', null, '0');
INSERT INTO `cms_article` VALUES ('2', '3', '', null, 'red', null, '1,2', null, '0', null, '0', null, null, null, '1', '2013-05-27 08:00:00', '1', '2013-05-27 08:00:00', null, '0');
INSERT INTO `cms_article` VALUES ('20', '8', '', null, null, null, '1,2', null, '0', null, '0', null, null, null, '1', '2013-05-27 08:00:00', '1', '2013-05-27 08:00:00', null, '0');
INSERT INTO `cms_article` VALUES ('21', '8', '', null, null, null, '1,2', null, '0', null, '0', null, null, null, '1', '2013-05-27 08:00:00', '1', '2013-05-27 08:00:00', null, '0');
INSERT INTO `cms_article` VALUES ('22', '9', '', null, null, null, '1,2', null, '0', null, '0', null, null, null, '1', '2013-05-27 08:00:00', '1', '2013-05-27 08:00:00', null, '0');
INSERT INTO `cms_article` VALUES ('23', '9', '', null, null, null, '1,2', null, '0', null, '0', null, null, null, '1', '2013-05-27 08:00:00', '1', '2013-05-27 08:00:00', null, '0');
INSERT INTO `cms_article` VALUES ('24', '9', '', null, null, null, '1,2', null, '0', null, '0', null, null, null, '1', '2013-05-27 08:00:00', '1', '2013-05-27 08:00:00', null, '0');
INSERT INTO `cms_article` VALUES ('25', '9', '', null, null, null, '1,2', null, '0', null, '0', null, null, null, '1', '2013-05-27 08:00:00', '1', '2013-05-27 08:00:00', null, '0');
INSERT INTO `cms_article` VALUES ('26', '9', '', null, null, null, '1,2', null, '0', null, '0', null, null, null, '1', '2013-05-27 08:00:00', '1', '2013-05-27 08:00:00', null, '0');
INSERT INTO `cms_article` VALUES ('27', '11', '', null, null, null, '1,2', null, '0', null, '0', null, null, null, '1', '2013-05-27 08:00:00', '1', '2013-05-27 08:00:00', null, '0');
INSERT INTO `cms_article` VALUES ('28', '11', '', null, null, null, '1,2', null, '0', null, '0', null, null, null, '1', '2013-05-27 08:00:00', '1', '2013-05-27 08:00:00', null, '0');
INSERT INTO `cms_article` VALUES ('29', '11', '', null, null, null, '1,2', null, '0', null, '0', null, null, null, '1', '2013-05-27 08:00:00', '1', '2013-05-27 08:00:00', null, '0');
INSERT INTO `cms_article` VALUES ('3', '3', '', null, null, null, '1,2', null, '0', null, '0', null, null, null, '1', '2013-05-27 08:00:00', '1', '2013-05-27 08:00:00', null, '0');
INSERT INTO `cms_article` VALUES ('30', '11', '', null, null, null, '1,2', null, '0', null, '0', null, null, null, '1', '2013-05-27 08:00:00', '1', '2013-05-27 08:00:00', null, '0');
INSERT INTO `cms_article` VALUES ('31', '11', '', null, null, null, '1,2', null, '0', null, '0', null, null, null, '1', '2013-05-27 08:00:00', '1', '2013-05-27 08:00:00', null, '0');
INSERT INTO `cms_article` VALUES ('32', '12', '', null, null, null, '1,2', null, '0', null, '0', null, null, null, '1', '2013-05-27 08:00:00', '1', '2013-05-27 08:00:00', null, '0');
INSERT INTO `cms_article` VALUES ('33', '12', '', null, null, null, '1,2', null, '0', null, '0', null, null, null, '1', '2013-05-27 08:00:00', '1', '2013-05-27 08:00:00', null, '0');
INSERT INTO `cms_article` VALUES ('34', '12', '', null, null, null, '1,2', null, '0', null, '0', null, null, null, '1', '2013-05-27 08:00:00', '1', '2013-05-27 08:00:00', null, '0');
INSERT INTO `cms_article` VALUES ('35', '12', '', null, null, null, '1,2', null, '0', null, '0', null, null, null, '1', '2013-05-27 08:00:00', '1', '2013-05-27 08:00:00', null, '0');
INSERT INTO `cms_article` VALUES ('36', '12', '', null, null, null, '1,2', null, '0', null, '0', null, null, null, '1', '2013-05-27 08:00:00', '1', '2013-05-27 08:00:00', null, '0');
INSERT INTO `cms_article` VALUES ('37', '13', '', null, null, null, '1,2', null, '0', null, '0', null, null, null, '1', '2013-05-27 08:00:00', '1', '2013-05-27 08:00:00', null, '0');
INSERT INTO `cms_article` VALUES ('38', '13', '', null, null, null, '1,2', null, '0', null, '0', null, null, null, '1', '2013-05-27 08:00:00', '1', '2013-05-27 08:00:00', null, '0');
INSERT INTO `cms_article` VALUES ('39', '13', '', null, null, null, '1,2', null, '0', null, '0', null, null, null, '1', '2013-05-27 08:00:00', '1', '2013-05-27 08:00:00', null, '0');
INSERT INTO `cms_article` VALUES ('4', '3', '', null, 'green', null, '1,2', null, '0', null, '0', null, null, null, '1', '2013-05-27 08:00:00', '1', '2013-05-27 08:00:00', null, '0');
INSERT INTO `cms_article` VALUES ('40', '13', '', null, null, null, '1,2', null, '0', null, '0', null, null, null, '1', '2013-05-27 08:00:00', '1', '2013-05-27 08:00:00', null, '0');
INSERT INTO `cms_article` VALUES ('41', '14', '', null, null, null, '1,2', null, '0', null, '0', null, null, null, '1', '2013-05-27 08:00:00', '1', '2013-05-27 08:00:00', null, '0');
INSERT INTO `cms_article` VALUES ('42', '14', '', null, null, null, '1,2', null, '0', null, '0', null, null, null, '1', '2013-05-27 08:00:00', '1', '2013-05-27 08:00:00', null, '0');
INSERT INTO `cms_article` VALUES ('43', '14', '', null, null, null, '1,2', null, '0', null, '0', null, null, null, '1', '2013-05-27 08:00:00', '1', '2013-05-27 08:00:00', null, '0');
INSERT INTO `cms_article` VALUES ('44', '14', '', null, null, null, '1,2', null, '0', null, '0', null, null, null, '1', '2013-05-27 08:00:00', '1', '2013-05-27 08:00:00', null, '0');
INSERT INTO `cms_article` VALUES ('45', '14', '', null, null, null, '1,2', null, '0', null, '0', null, null, null, '1', '2013-05-27 08:00:00', '1', '2013-05-27 08:00:00', null, '0');
INSERT INTO `cms_article` VALUES ('46', '15', '', null, null, null, '1,2', null, '0', null, '0', null, null, null, '1', '2013-05-27 08:00:00', '1', '2013-05-27 08:00:00', null, '0');
INSERT INTO `cms_article` VALUES ('47', '15', '', null, null, null, '1,2', null, '0', null, '0', null, null, null, '1', '2013-05-27 08:00:00', '1', '2013-05-27 08:00:00', null, '0');
INSERT INTO `cms_article` VALUES ('48', '15', '', null, null, null, '1,2', null, '0', null, '0', null, null, null, '1', '2013-05-27 08:00:00', '1', '2013-05-27 08:00:00', null, '0');
INSERT INTO `cms_article` VALUES ('49', '16', '', null, null, null, '1,2', null, '0', null, '0', null, null, null, '1', '2013-05-27 08:00:00', '1', '2013-05-27 08:00:00', null, '0');
INSERT INTO `cms_article` VALUES ('5', '3', '', null, null, null, '1,2', null, '0', null, '0', null, null, null, '1', '2013-05-27 08:00:00', '1', '2013-05-27 08:00:00', null, '0');
INSERT INTO `cms_article` VALUES ('50', '17', '', null, null, null, '1,2', null, '0', null, '0', null, null, null, '1', '2013-05-27 08:00:00', '1', '2013-05-27 08:00:00', null, '0');
INSERT INTO `cms_article` VALUES ('51', '17', '', null, null, null, '1,2', null, '0', null, '0', null, null, null, '1', '2013-05-27 08:00:00', '1', '2013-05-27 08:00:00', null, '0');
INSERT INTO `cms_article` VALUES ('52', '26', '', null, null, null, '1,2', null, '0', null, '0', null, null, null, '1', '2013-05-27 08:00:00', '1', '2013-05-27 08:00:00', null, '0');
INSERT INTO `cms_article` VALUES ('53', '26', '', null, null, null, '1,2', null, '0', null, '0', null, null, null, '1', '2013-05-27 08:00:00', '1', '2013-05-27 08:00:00', null, '0');
INSERT INTO `cms_article` VALUES ('6', '3', '', null, null, null, '1,2', null, '0', null, '0', null, null, null, '1', '2013-05-27 08:00:00', '1', '2013-05-27 08:00:00', null, '0');
INSERT INTO `cms_article` VALUES ('7', '4', '', null, null, null, '1,2', null, '0', null, '0', null, null, null, '1', '2013-05-27 08:00:00', '1', '2013-05-27 08:00:00', null, '0');
INSERT INTO `cms_article` VALUES ('8', '4', '', null, 'blue', null, '1,2', null, '0', null, '0', null, null, null, '1', '2013-05-27 08:00:00', '1', '2013-05-27 08:00:00', null, '0');
INSERT INTO `cms_article` VALUES ('9', '4', '', null, null, null, '1,2', null, '0', null, '0', null, null, null, '1', '2013-05-27 08:00:00', '1', '2013-05-27 08:00:00', null, '0');

-- ----------------------------
-- Table structure for cms_article_data
-- ----------------------------
DROP TABLE IF EXISTS `cms_article_data`;
CREATE TABLE `cms_article_data` (
  `id` varchar(64) COLLATE utf8_bin NOT NULL COMMENT '',
  `content` text COLLATE utf8_bin COMMENT '',
  `copyfrom` varchar(255) COLLATE utf8_bin DEFAULT NULL COMMENT '',
  `relation` varchar(255) COLLATE utf8_bin DEFAULT NULL COMMENT '',
  `allow_comment` char(1) COLLATE utf8_bin DEFAULT NULL COMMENT '',
  PRIMARY KEY (`id`)
) ENGINE=InnoDB DEFAULT CHARSET=utf8 COLLATE=utf8_bin COMMENT='';

-- ----------------------------
-- Records of cms_article_data
-- ----------------------------
INSERT INTO `cms_article_data` VALUES ('1', 0xE69687E7ABA0E58685E5AEB9E58685E5AEB9E58685E5AEB9E58685E5AEB9, '', '1,2,3', '1');
INSERT INTO `cms_article_data` VALUES ('10', 0xE69687E7ABA0E58685E5AEB9E58685E5AEB9E58685E5AEB9E58685E5AEB9, '', '1,2,3', '1');
INSERT INTO `cms_article_data` VALUES ('11', 0xE69687E7ABA0E58685E5AEB9E58685E5AEB9E58685E5AEB9E58685E5AEB9, '', '1,2,3', '1');
INSERT INTO `cms_article_data` VALUES ('12', 0xE69687E7ABA0E58685E5AEB9E58685E5AEB9E58685E5AEB9E58685E5AEB9, '', '1,2,3', '1');
INSERT INTO `cms_article_data` VALUES ('13', 0xE69687E7ABA0E58685E5AEB9E58685E5AEB9E58685E5AEB9E58685E5AEB9, '', '1,2,3', '1');
INSERT INTO `cms_article_data` VALUES ('14', 0xE69687E7ABA0E58685E5AEB9E58685E5AEB9E58685E5AEB9E58685E5AEB9, '', '1,2,3', '1');
INSERT INTO `cms_article_data` VALUES ('15', 0xE69687E7ABA0E58685E5AEB9E58685E5AEB9E58685E5AEB9E58685E5AEB9, '', '1,2,3', '1');
INSERT INTO `cms_article_data` VALUES ('16', 0xE69687E7ABA0E58685E5AEB9E58685E5AEB9E58685E5AEB9E58685E5AEB9, '', '1,2,3', '1');
INSERT INTO `cms_article_data` VALUES ('17', 0xE69687E7ABA0E58685E5AEB9E58685E5AEB9E58685E5AEB9E58685E5AEB9, '', '1,2,3', '1');
INSERT INTO `cms_article_data` VALUES ('18', 0xE69687E7ABA0E58685E5AEB9E58685E5AEB9E58685E5AEB9E58685E5AEB9, '', '1,2,3', '1');
INSERT INTO `cms_article_data` VALUES ('19', 0xE69687E7ABA0E58685E5AEB9E58685E5AEB9E58685E5AEB9E58685E5AEB9, '', '1,2,3', '1');
INSERT INTO `cms_article_data` VALUES ('2', 0xE69687E7ABA0E58685E5AEB9E58685E5AEB9E58685E5AEB9E58685E5AEB9, '', '1,2,3', '1');
INSERT INTO `cms_article_data` VALUES ('20', 0xE69687E7ABA0E58685E5AEB9E58685E5AEB9E58685E5AEB9E58685E5AEB9, '', '1,2,3', '1');
INSERT INTO `cms_article_data` VALUES ('21', 0xE69687E7ABA0E58685E5AEB9E58685E5AEB9E58685E5AEB9E58685E5AEB9, '', '1,2,3', '1');
INSERT INTO `cms_article_data` VALUES ('22', 0xE69687E7ABA0E58685E5AEB9E58685E5AEB9E58685E5AEB9E58685E5AEB9, '', '1,2,3', '1');
INSERT INTO `cms_article_data` VALUES ('23', 0xE69687E7ABA0E58685E5AEB9E58685E5AEB9E58685E5AEB9E58685E5AEB9, '', '1,2,3', '1');
INSERT INTO `cms_article_data` VALUES ('24', 0xE69687E7ABA0E58685E5AEB9E58685E5AEB9E58685E5AEB9E58685E5AEB9, '', '1,2,3', '1');
INSERT INTO `cms_article_data` VALUES ('25', 0xE69687E7ABA0E58685E5AEB9E58685E5AEB9E58685E5AEB9E58685E5AEB9, '', '1,2,3', '1');
INSERT INTO `cms_article_data` VALUES ('26', 0xE69687E7ABA0E58685E5AEB9E58685E5AEB9E58685E5AEB9E58685E5AEB9, '', '1,2,3', '1');
INSERT INTO `cms_article_data` VALUES ('27', 0xE69687E7ABA0E58685E5AEB9E58685E5AEB9E58685E5AEB9E58685E5AEB9, '', '1,2,3', '1');
INSERT INTO `cms_article_data` VALUES ('28', 0xE69687E7ABA0E58685E5AEB9E58685E5AEB9E58685E5AEB9E58685E5AEB9, '', '1,2,3', '1');
INSERT INTO `cms_article_data` VALUES ('29', 0xE69687E7ABA0E58685E5AEB9E58685E5AEB9E58685E5AEB9E58685E5AEB9, '', '1,2,3', '1');
INSERT INTO `cms_article_data` VALUES ('3', 0xE69687E7ABA0E58685E5AEB9E58685E5AEB9E58685E5AEB9E58685E5AEB9, '', '1,2,3', '1');
INSERT INTO `cms_article_data` VALUES ('30', 0xE69687E7ABA0E58685E5AEB9E58685E5AEB9E58685E5AEB9E58685E5AEB9, '', '1,2,3', '1');
INSERT INTO `cms_article_data` VALUES ('31', 0xE69687E7ABA0E58685E5AEB9E58685E5AEB9E58685E5AEB9E58685E5AEB9, '', '1,2,3', '1');
INSERT INTO `cms_article_data` VALUES ('32', 0xE69687E7ABA0E58685E5AEB9E58685E5AEB9E58685E5AEB9E58685E5AEB9, '', '1,2,3', '1');
INSERT INTO `cms_article_data` VALUES ('33', 0xE69687E7ABA0E58685E5AEB9E58685E5AEB9E58685E5AEB9E58685E5AEB9, '', '1,2,3', '1');
INSERT INTO `cms_article_data` VALUES ('34', 0xE69687E7ABA0E58685E5AEB9E58685E5AEB9E58685E5AEB9E58685E5AEB9, '', '1,2,3', '1');
INSERT INTO `cms_article_data` VALUES ('35', 0xE69687E7ABA0E58685E5AEB9E58685E5AEB9E58685E5AEB9E58685E5AEB9, '', '1,2,3', '1');
INSERT INTO `cms_article_data` VALUES ('36', 0xE69687E7ABA0E58685E5AEB9E58685E5AEB9E58685E5AEB9E58685E5AEB9, '', '1,2,3', '1');
INSERT INTO `cms_article_data` VALUES ('37', 0xE69687E7ABA0E58685E5AEB9E58685E5AEB9E58685E5AEB9E58685E5AEB9, '', '1,2,3', '1');
INSERT INTO `cms_article_data` VALUES ('38', 0xE69687E7ABA0E58685E5AEB9E58685E5AEB9E58685E5AEB9E58685E5AEB9, '', '1,2,3', '1');
INSERT INTO `cms_article_data` VALUES ('39', 0xE69687E7ABA0E58685E5AEB9E58685E5AEB9E58685E5AEB9E58685E5AEB9, '', '1,2,3', '1');
INSERT INTO `cms_article_data` VALUES ('4', 0xE69687E7ABA0E58685E5AEB9E58685E5AEB9E58685E5AEB9E58685E5AEB9, '', '1,2,3', '1');
INSERT INTO `cms_article_data` VALUES ('40', 0xE69687E7ABA0E58685E5AEB9E58685E5AEB9E58685E5AEB9E58685E5AEB9, '', '1,2,3', '1');
INSERT INTO `cms_article_data` VALUES ('41', 0xE69687E7ABA0E58685E5AEB9E58685E5AEB9E58685E5AEB9E58685E5AEB9, '', '1,2,3', '1');
INSERT INTO `cms_article_data` VALUES ('42', 0xE69687E7ABA0E58685E5AEB9E58685E5AEB9E58685E5AEB9E58685E5AEB9, '', '1,2,3', '1');
INSERT INTO `cms_article_data` VALUES ('43', 0xE69687E7ABA0E58685E5AEB9E58685E5AEB9E58685E5AEB9E58685E5AEB9, '', '1,2,3', '1');
INSERT INTO `cms_article_data` VALUES ('44', 0xE69687E7ABA0E58685E5AEB9E58685E5AEB9E58685E5AEB9E58685E5AEB9, '', '1,2,3', '1');
INSERT INTO `cms_article_data` VALUES ('45', 0xE69687E7ABA0E58685E5AEB9E58685E5AEB9E58685E5AEB9E58685E5AEB9, '', '1,2,3', '1');
INSERT INTO `cms_article_data` VALUES ('46', 0xE69687E7ABA0E58685E5AEB9E58685E5AEB9E58685E5AEB9E58685E5AEB9, '', '1,2,3', '1');
INSERT INTO `cms_article_data` VALUES ('47', 0xE69687E7ABA0E58685E5AEB9E58685E5AEB9E58685E5AEB9E58685E5AEB9, '', '1,2,3', '1');
INSERT INTO `cms_article_data` VALUES ('48', 0xE69687E7ABA0E58685E5AEB9E58685E5AEB9E58685E5AEB9E58685E5AEB9, '', '1,2,3', '1');
INSERT INTO `cms_article_data` VALUES ('49', 0xE69687E7ABA0E58685E5AEB9E58685E5AEB9E58685E5AEB9E58685E5AEB9, '', '1,2,3', '1');
INSERT INTO `cms_article_data` VALUES ('5', 0xE69687E7ABA0E58685E5AEB9E58685E5AEB9E58685E5AEB9E58685E5AEB9, '', '1,2,3', '1');
INSERT INTO `cms_article_data` VALUES ('50', 0xE69687E7ABA0E58685E5AEB9E58685E5AEB9E58685E5AEB9E58685E5AEB9, '', '1,2,3', '1');
INSERT INTO `cms_article_data` VALUES ('51', 0xE69687E7ABA0E58685E5AEB9E58685E5AEB9E58685E5AEB9E58685E5AEB9, '', '1,2,3', '1');
INSERT INTO `cms_article_data` VALUES ('52', 0xE69687E7ABA0E58685E5AEB9E58685E5AEB9E58685E5AEB9E58685E5AEB9, '', '1,2,3', '1');
INSERT INTO `cms_article_data` VALUES ('53', 0xE69687E7ABA0E58685E5AEB9E58685E5AEB9E58685E5AEB9E58685E5AEB9, '', '1,2,3', '1');
INSERT INTO `cms_article_data` VALUES ('6', 0xE69687E7ABA0E58685E5AEB9E58685E5AEB9E58685E5AEB9E58685E5AEB9, '', '1,2,3', '1');
INSERT INTO `cms_article_data` VALUES ('7', 0xE69687E7ABA0E58685E5AEB9E58685E5AEB9E58685E5AEB9E58685E5AEB9, '', '1,2,3', '1');
INSERT INTO `cms_article_data` VALUES ('8', 0xE69687E7ABA0E58685E5AEB9E58685E5AEB9E58685E5AEB9E58685E5AEB9, '', '1,2,3', '1');
INSERT INTO `cms_article_data` VALUES ('9', 0xE69687E7ABA0E58685E5AEB9E58685E5AEB9E58685E5AEB9E58685E5AEB9, '', '1,2,3', '1');

-- ----------------------------
-- Table structure for cms_category
-- ----------------------------
DROP TABLE IF EXISTS `cms_category`;
CREATE TABLE `cms_category` (
  `id` varchar(64) COLLATE utf8_bin NOT NULL COMMENT '',
  `parent_id` varchar(64) COLLATE utf8_bin NOT NULL COMMENT '',
  `parent_ids` varchar(2000) COLLATE utf8_bin NOT NULL COMMENT '',
  `site_id` varchar(64) COLLATE utf8_bin DEFAULT '1' COMMENT '',
  `office_id` varchar(64) COLLATE utf8_bin DEFAULT NULL COMMENT '',
  `module` varchar(20) COLLATE utf8_bin DEFAULT NULL COMMENT '',
  `name` varchar(100) COLLATE utf8_bin NOT NULL COMMENT '',
  `image` varchar(255) COLLATE utf8_bin DEFAULT NULL COMMENT '',
  `href` varchar(255) COLLATE utf8_bin DEFAULT NULL COMMENT '',
  `target` varchar(20) COLLATE utf8_bin DEFAULT NULL COMMENT '',
  `description` varchar(255) COLLATE utf8_bin DEFAULT NULL COMMENT '',
  `keywords` varchar(255) COLLATE utf8_bin DEFAULT NULL COMMENT '',
  `sort` int(11) DEFAULT '30' COMMENT '',
  `in_menu` char(1) COLLATE utf8_bin DEFAULT '1' COMMENT '',
  `in_list` char(1) COLLATE utf8_bin DEFAULT '1' COMMENT '',
  `show_modes` char(1) COLLATE utf8_bin DEFAULT '0' COMMENT '',
  `allow_comment` char(1) COLLATE utf8_bin DEFAULT NULL COMMENT '',
  `is_audit` char(1) COLLATE utf8_bin DEFAULT NULL COMMENT '',
  `custom_list_view` varchar(255) COLLATE utf8_bin DEFAULT NULL COMMENT '',
  `custom_content_view` varchar(255) COLLATE utf8_bin DEFAULT NULL COMMENT '',
  `view_config` text COLLATE utf8_bin COMMENT '',
  `create_by` varchar(64) COLLATE utf8_bin DEFAULT NULL COMMENT '',
  `create_date` datetime DEFAULT NULL COMMENT '',
  `update_by` varchar(64) COLLATE utf8_bin DEFAULT NULL COMMENT '',
  `update_date` datetime DEFAULT NULL COMMENT '',
  `remarks` varchar(255) COLLATE utf8_bin DEFAULT NULL COMMENT '',
  `del_flag` char(1) COLLATE utf8_bin NOT NULL DEFAULT '0' COMMENT '',
  PRIMARY KEY (`id`),
  KEY `cms_category_parent_id` (`parent_id`),
  KEY `cms_category_module` (`module`),
  KEY `cms_category_name` (`name`),
  KEY `cms_category_sort` (`sort`),
  KEY `cms_category_del_flag` (`del_flag`),
  KEY `cms_category_office_id` (`office_id`),
  KEY `cms_category_site_id` (`site_id`)
) ENGINE=InnoDB DEFAULT CHARSET=utf8 COLLATE=utf8_bin COMMENT='';

-- ----------------------------
-- Records of cms_category
-- ----------------------------
INSERT INTO `cms_category` VALUES ('1', '0', '0,', '0', '1', null, '', null, null, null, null, null, '0', '1', '1', '0', '0', '1', null, null, null, '1', '2013-05-27 08:00:00', '1', '2013-05-27 08:00:00', null, '0');
INSERT INTO `cms_category` VALUES ('10', '1', '0,1,', '1', '4', 'article', '', null, null, null, null, null, '20', '1', '1', '0', '1', '0', null, null, null, '1', '2013-05-27 08:00:00', '1', '2013-05-27 08:00:00', null, '0');
INSERT INTO `cms_category` VALUES ('11', '10', '0,1,10,', '1', '4', 'article', '', null, null, null, null, null, '30', '1', '1', '0', '1', '0', null, null, null, '1', '2013-05-27 08:00:00', '1', '2013-05-27 08:00:00', null, '0');
INSERT INTO `cms_category` VALUES ('12', '10', '0,1,10,', '1', '4', 'article', '', null, null, null, null, null, '40', '1', '1', '0', '1', '0', null, null, null, '1', '2013-05-27 08:00:00', '1', '2013-05-27 08:00:00', null, '0');
INSERT INTO `cms_category` VALUES ('13', '10', '0,1,10,', '1', '4', 'article', '', null, null, null, null, null, '50', '1', '1', '0', '1', '0', null, null, null, '1', '2013-05-27 08:00:00', '1', '2013-05-27 08:00:00', null, '0');
INSERT INTO `cms_category` VALUES ('14', '10', '0,1,10,', '1', '4', 'article', '', null, null, null, null, null, '50', '1', '1', '0', '1', '0', null, null, null, '1', '2013-05-27 08:00:00', '1', '2013-05-27 08:00:00', null, '0');
INSERT INTO `cms_category` VALUES ('15', '10', '0,1,10,', '1', '4', 'article', '', null, null, null, null, null, '50', '1', '1', '0', '1', '0', null, null, null, '1', '2013-05-27 08:00:00', '1', '2013-05-27 08:00:00', null, '0');
INSERT INTO `cms_category` VALUES ('16', '10', '0,1,10,', '1', '4', 'article', '', null, null, null, null, null, '50', '1', '1', '0', '1', '0', null, null, null, '1', '2013-05-27 08:00:00', '1', '2013-05-27 08:00:00', null, '0');
INSERT INTO `cms_category` VALUES ('17', '10', '0,1,10,', '1', '4', 'article', '', null, null, null, null, null, '50', '1', '1', '2', '1', '0', null, null, null, '1', '2013-05-27 08:00:00', '1', '2013-05-27 08:00:00', null, '0');
INSERT INTO `cms_category` VALUES ('18', '1', '0,1,', '1', '5', 'link', '', null, null, null, null, null, '90', '1', '1', '0', '1', '0', null, null, null, '1', '2013-05-27 08:00:00', '1', '2013-05-27 08:00:00', null, '0');
INSERT INTO `cms_category` VALUES ('19', '18', '0,1,18,', '1', '5', 'link', '', null, null, null, null, null, '50', '1', '1', '0', '1', '0', null, null, null, '1', '2013-05-27 08:00:00', '1', '2013-05-27 08:00:00', null, '0');
INSERT INTO `cms_category` VALUES ('2', '1', '0,1,', '1', '3', 'article', '', null, null, null, null, null, '10', '1', '1', '0', '0', '1', null, null, null, '1', '2013-05-27 08:00:00', '1', '2013-05-27 08:00:00', null, '0');
INSERT INTO `cms_category` VALUES ('20', '18', '0,1,18,', '1', '5', 'link', '', null, null, null, null, null, '50', '1', '1', '0', '1', '0', null, null, null, '1', '2013-05-27 08:00:00', '1', '2013-05-27 08:00:00', null, '0');
INSERT INTO `cms_category` VALUES ('21', '18', '0,1,18,', '1', '5', 'link', '', null, null, null, null, null, '50', '1', '1', '0', '1', '0', null, null, null, '1', '2013-05-27 08:00:00', '1', '2013-05-27 08:00:00', null, '0');
INSERT INTO `cms_category` VALUES ('22', '18', '0,1,18,', '1', '5', 'link', '', null, null, null, null, null, '50', '1', '1', '0', '1', '0', null, null, null, '1', '2013-05-27 08:00:00', '1', '2013-05-27 08:00:00', null, '0');
INSERT INTO `cms_category` VALUES ('23', '18', '0,1,18,', '1', '5', 'link', '', null, null, null, null, null, '50', '1', '1', '0', '1', '0', null, null, null, '1', '2013-05-27 08:00:00', '1', '2013-05-27 08:00:00', null, '0');
INSERT INTO `cms_category` VALUES ('24', '1', '0,1,', '1', '6', null, '', null, 'http://www.baidu.com', '_blank', null, null, '90', '1', '1', '0', '1', '0', null, null, null, '1', '2013-05-27 08:00:00', '1', '2013-05-27 08:00:00', null, '0');
INSERT INTO `cms_category` VALUES ('25', '1', '0,1,', '1', '6', null, '', null, '/search', null, null, null, '90', '0', '1', '0', '1', '0', null, null, null, '1', '2013-05-27 08:00:00', '1', '2013-05-27 08:00:00', null, '0');
INSERT INTO `cms_category` VALUES ('26', '1', '0,1,', '2', '6', 'article', '', null, null, null, null, null, '90', '1', '1', '0', '1', '0', null, null, null, '1', '2013-05-27 08:00:00', '1', '2013-05-27 08:00:00', null, '0');
INSERT INTO `cms_category` VALUES ('27', '1', '0,1,', '1', '6', null, '', null, '/guestbook', null, null, null, '90', '1', '1', '0', '1', '0', null, null, null, '1', '2013-05-27 08:00:00', '1', '2013-05-27 08:00:00', null, '0');
INSERT INTO `cms_category` VALUES ('3', '2', '0,1,2,', '1', '3', 'article', '', null, null, null, null, null, '30', '1', '1', '0', '0', '1', null, null, null, '1', '2013-05-27 08:00:00', '1', '2013-05-27 08:00:00', null, '0');
INSERT INTO `cms_category` VALUES ('4', '2', '0,1,2,', '1', '3', 'article', '', null, null, null, null, null, '40', '1', '1', '0', '0', '1', null, null, null, '1', '2013-05-27 08:00:00', '1', '2013-05-27 08:00:00', null, '0');
INSERT INTO `cms_category` VALUES ('5', '2', '0,1,2,', '1', '3', 'article', '', null, null, null, null, null, '50', '1', '1', '0', '0', '1', null, null, null, '1', '2013-05-27 08:00:00', '1', '2013-05-27 08:00:00', null, '0');
INSERT INTO `cms_category` VALUES ('6', '1', '0,1,', '1', '3', 'article', '', null, null, null, null, null, '20', '1', '1', '1', '1', '0', null, null, null, '1', '2013-05-27 08:00:00', '1', '2013-05-27 08:00:00', null, '0');
INSERT INTO `cms_category` VALUES ('7', '6', '0,1,6,', '1', '3', 'article', '', null, null, null, null, null, '30', '1', '1', '0', '1', '0', null, null, null, '1', '2013-05-27 08:00:00', '1', '2013-05-27 08:00:00', null, '0');
INSERT INTO `cms_category` VALUES ('8', '6', '0,1,6,', '1', '3', 'article', '', null, null, null, null, null, '40', '1', '1', '0', '1', '0', null, null, null, '1', '2013-05-27 08:00:00', '1', '2013-05-27 08:00:00', null, '0');
INSERT INTO `cms_category` VALUES ('9', '6', '0,1,6,', '1', '3', 'article', '', null, null, null, null, null, '50', '1', '1', '0', '1', '0', null, null, null, '1', '2013-05-27 08:00:00', '1', '2013-05-27 08:00:00', null, '0');

-- ----------------------------
-- Table structure for cms_comment
-- ----------------------------
DROP TABLE IF EXISTS `cms_comment`;
CREATE TABLE `cms_comment` (
  `id` varchar(64) COLLATE utf8_bin NOT NULL COMMENT '',
  `category_id` varchar(64) COLLATE utf8_bin NOT NULL COMMENT '',
  `content_id` varchar(64) COLLATE utf8_bin NOT NULL COMMENT '',
  `title` varchar(255) COLLATE utf8_bin DEFAULT NULL COMMENT '',
  `content` varchar(255) COLLATE utf8_bin DEFAULT NULL COMMENT '',
  `name` varchar(100) COLLATE utf8_bin DEFAULT NULL COMMENT '',
  `ip` varchar(100) COLLATE utf8_bin DEFAULT NULL COMMENT 'IP',
  `create_date` datetime NOT NULL COMMENT '',
  `audit_user_id` varchar(64) COLLATE utf8_bin DEFAULT NULL COMMENT '',
  `audit_date` datetime DEFAULT NULL COMMENT '',
  `del_flag` char(1) COLLATE utf8_bin NOT NULL DEFAULT '0' COMMENT '',
  PRIMARY KEY (`id`),
  KEY `cms_comment_category_id` (`category_id`),
  KEY `cms_comment_content_id` (`content_id`),
  KEY `cms_comment_status` (`del_flag`)
) ENGINE=InnoDB DEFAULT CHARSET=utf8 COLLATE=utf8_bin COMMENT='';

-- ----------------------------
-- Records of cms_comment
-- ----------------------------

-- ----------------------------
-- Table structure for cms_guestbook
-- ----------------------------
DROP TABLE IF EXISTS `cms_guestbook`;
CREATE TABLE `cms_guestbook` (
  `id` varchar(64) COLLATE utf8_bin NOT NULL COMMENT '',
  `type` char(1) COLLATE utf8_bin NOT NULL COMMENT '',
  `content` varchar(255) COLLATE utf8_bin NOT NULL COMMENT '',
  `name` varchar(100) COLLATE utf8_bin NOT NULL COMMENT '',
  `email` varchar(100) COLLATE utf8_bin NOT NULL COMMENT '',
  `phone` varchar(100) COLLATE utf8_bin NOT NULL COMMENT '',
  `workunit` varchar(100) COLLATE utf8_bin NOT NULL COMMENT '',
  `ip` varchar(100) COLLATE utf8_bin NOT NULL COMMENT 'IP',
  `create_date` datetime NOT NULL COMMENT '',
  `re_user_id` varchar(64) COLLATE utf8_bin DEFAULT NULL COMMENT '',
  `re_date` datetime DEFAULT NULL COMMENT '',
  `re_content` varchar(100) COLLATE utf8_bin DEFAULT NULL COMMENT '',
  `del_flag` char(1) COLLATE utf8_bin NOT NULL DEFAULT '0' COMMENT '',
  PRIMARY KEY (`id`),
  KEY `cms_guestbook_del_flag` (`del_flag`)
) ENGINE=InnoDB DEFAULT CHARSET=utf8 COLLATE=utf8_bin COMMENT='';

-- ----------------------------
-- Records of cms_guestbook
-- ----------------------------

-- ----------------------------
-- Table structure for cms_link
-- ----------------------------
DROP TABLE IF EXISTS `cms_link`;
CREATE TABLE `cms_link` (
  `id` varchar(64) COLLATE utf8_bin NOT NULL COMMENT '',
  `category_id` varchar(64) COLLATE utf8_bin NOT NULL COMMENT '',
  `title` varchar(255) COLLATE utf8_bin NOT NULL COMMENT '',
  `color` varchar(50) COLLATE utf8_bin DEFAULT NULL COMMENT '',
  `image` varchar(255) COLLATE utf8_bin DEFAULT NULL COMMENT '',
  `href` varchar(255) COLLATE utf8_bin DEFAULT NULL COMMENT '',
  `weight` int(11) DEFAULT '0' COMMENT '',
  `weight_date` datetime DEFAULT NULL COMMENT '',
  `create_by` varchar(64) COLLATE utf8_bin DEFAULT NULL COMMENT '',
  `create_date` datetime DEFAULT NULL COMMENT '',
  `update_by` varchar(64) COLLATE utf8_bin DEFAULT NULL COMMENT '',
  `update_date` datetime DEFAULT NULL COMMENT '',
  `remarks` varchar(255) COLLATE utf8_bin DEFAULT NULL COMMENT '',
  `del_flag` char(1) COLLATE utf8_bin NOT NULL DEFAULT '0' COMMENT '',
  PRIMARY KEY (`id`),
  KEY `cms_link_category_id` (`category_id`),
  KEY `cms_link_title` (`title`),
  KEY `cms_link_del_flag` (`del_flag`),
  KEY `cms_link_weight` (`weight`),
  KEY `cms_link_create_by` (`create_by`),
  KEY `cms_link_update_date` (`update_date`)
) ENGINE=InnoDB DEFAULT CHARSET=utf8 COLLATE=utf8_bin COMMENT='';

-- ----------------------------
-- Records of cms_link
-- ----------------------------
INSERT INTO `cms_link` VALUES ('1', '19', 'JeeSite', null, null, 'http://thinkgem.github.com/jeesite', '0', null, '1', '2013-05-27 08:00:00', '1', '2013-05-27 08:00:00', null, '0');
INSERT INTO `cms_link` VALUES ('10', '22', '58', null, null, 'http://www.58.com/', '0', null, '1', '2013-05-27 08:00:00', '1', '2013-05-27 08:00:00', null, '0');
INSERT INTO `cms_link` VALUES ('11', '23', '', null, null, 'http://v.360.cn/', '0', null, '1', '2013-05-27 08:00:00', '1', '2013-05-27 08:00:00', null, '0');
INSERT INTO `cms_link` VALUES ('12', '23', '', null, null, 'http://www.ifeng.com/', '0', null, '1', '2013-05-27 08:00:00', '1', '2013-05-27 08:00:00', null, '0');
INSERT INTO `cms_link` VALUES ('2', '19', 'ThinkGem', null, null, 'http://thinkgem.iteye.com/', '0', null, '1', '2013-05-27 08:00:00', '1', '2013-05-27 08:00:00', null, '0');
INSERT INTO `cms_link` VALUES ('3', '19', '', null, null, 'http://www.baidu.com', '0', null, '1', '2013-05-27 08:00:00', '1', '2013-05-27 08:00:00', null, '0');
INSERT INTO `cms_link` VALUES ('4', '19', '', null, null, 'http://www.google.com', '0', null, '1', '2013-05-27 08:00:00', '1', '2013-05-27 08:00:00', null, '0');
INSERT INTO `cms_link` VALUES ('5', '20', '', null, null, 'http://www.sina.com.cn', '0', null, '1', '2013-05-27 08:00:00', '1', '2013-05-27 08:00:00', null, '0');
INSERT INTO `cms_link` VALUES ('6', '20', '', null, null, 'http://www.qq.com/', '0', null, '1', '2013-05-27 08:00:00', '1', '2013-05-27 08:00:00', null, '0');
INSERT INTO `cms_link` VALUES ('7', '21', '', null, null, 'http://www.taobao.com/', '0', null, '1', '2013-05-27 08:00:00', '1', '2013-05-27 08:00:00', null, '0');
INSERT INTO `cms_link` VALUES ('8', '21', '', null, null, 'http://www.xinhuanet.com/', '0', null, '1', '2013-05-27 08:00:00', '1', '2013-05-27 08:00:00', null, '0');
INSERT INTO `cms_link` VALUES ('9', '22', '', null, null, 'http://www.ganji.com/', '0', null, '1', '2013-05-27 08:00:00', '1', '2013-05-27 08:00:00', null, '0');

-- ----------------------------
-- Table structure for cms_site
-- ----------------------------
DROP TABLE IF EXISTS `cms_site`;
CREATE TABLE `cms_site` (
  `id` varchar(64) COLLATE utf8_bin NOT NULL COMMENT '',
  `name` varchar(100) COLLATE utf8_bin NOT NULL COMMENT '',
  `title` varchar(100) COLLATE utf8_bin NOT NULL COMMENT '',
  `logo` varchar(255) COLLATE utf8_bin DEFAULT NULL COMMENT 'Logo',
  `domain` varchar(255) COLLATE utf8_bin DEFAULT NULL COMMENT '',
  `description` varchar(255) COLLATE utf8_bin DEFAULT NULL COMMENT '',
  `keywords` varchar(255) COLLATE utf8_bin DEFAULT NULL COMMENT '',
  `theme` varchar(255) COLLATE utf8_bin DEFAULT 'default' COMMENT '',
  `copyright` text COLLATE utf8_bin COMMENT '',
  `custom_index_view` varchar(255) COLLATE utf8_bin DEFAULT NULL COMMENT '',
  `create_by` varchar(64) COLLATE utf8_bin DEFAULT NULL COMMENT '',
  `create_date` datetime DEFAULT NULL COMMENT '',
  `update_by` varchar(64) COLLATE utf8_bin DEFAULT NULL COMMENT '',
  `update_date` datetime DEFAULT NULL COMMENT '',
  `remarks` varchar(255) COLLATE utf8_bin DEFAULT NULL COMMENT '',
  `del_flag` char(1) COLLATE utf8_bin NOT NULL DEFAULT '0' COMMENT '',
  PRIMARY KEY (`id`),
  KEY `cms_site_del_flag` (`del_flag`)
) ENGINE=InnoDB DEFAULT CHARSET=utf8 COLLATE=utf8_bin COMMENT='';

-- ----------------------------
-- Records of cms_site
-- ----------------------------
INSERT INTO `cms_site` VALUES ('1', '', 'JeeSite Web', null, null, 'JeeSite', 'JeeSite', 'basic', 0x436F707972696768742026636F70793B20323031322D32303133203C6120687265663D27687474703A2F2F7468696E6B67656D2E69746579652E636F6D27207461726765743D275F626C616E6B273E5468696E6B47656D3C2F613E202D20506F7765726564204279203C6120687265663D2768747470733A2F2F6769746875622E636F6D2F7468696E6B67656D2F6A65657369746527207461726765743D275F626C616E6B273E4A6565536974653C2F613E2056312E30, null, '1', '2013-05-27 08:00:00', '1', '2013-05-27 08:00:00', null, '0');
INSERT INTO `cms_site` VALUES ('2', '', 'JeeSite Subsite', null, null, 'JeeSite subsite', 'JeeSite subsite', 'basic', 0x436F707972696768742026636F70793B20323031322D32303133203C6120687265663D27687474703A2F2F7468696E6B67656D2E69746579652E636F6D27207461726765743D275F626C616E6B273E5468696E6B47656D3C2F613E202D20506F7765726564204279203C6120687265663D2768747470733A2F2F6769746875622E636F6D2F7468696E6B67656D2F6A65657369746527207461726765743D275F626C616E6B273E4A6565536974653C2F613E2056312E30, null, '1', '2013-05-27 08:00:00', '1', '2013-05-27 08:00:00', null, '0');

-- ----------------------------
-- Table structure for gen_scheme
-- ----------------------------
DROP TABLE IF EXISTS `gen_scheme`;
CREATE TABLE `gen_scheme` (
  `id` varchar(64) COLLATE utf8_bin NOT NULL COMMENT '',
  `name` varchar(200) COLLATE utf8_bin DEFAULT NULL COMMENT '',
  `category` varchar(2000) COLLATE utf8_bin DEFAULT NULL COMMENT '',
  `package_name` varchar(500) COLLATE utf8_bin DEFAULT NULL COMMENT '',
  `module_name` varchar(30) COLLATE utf8_bin DEFAULT NULL COMMENT '',
  `sub_module_name` varchar(30) COLLATE utf8_bin DEFAULT NULL COMMENT '',
  `function_name` varchar(500) COLLATE utf8_bin DEFAULT NULL COMMENT '',
  `function_name_simple` varchar(100) COLLATE utf8_bin DEFAULT NULL COMMENT '',
  `function_author` varchar(100) COLLATE utf8_bin DEFAULT NULL COMMENT '',
  `gen_table_id` varchar(200) COLLATE utf8_bin DEFAULT NULL COMMENT '',
  `create_by` varchar(64) COLLATE utf8_bin DEFAULT NULL COMMENT '',
  `create_date` datetime DEFAULT NULL COMMENT '',
  `update_by` varchar(64) COLLATE utf8_bin DEFAULT NULL COMMENT '',
  `update_date` datetime DEFAULT NULL COMMENT '',
  `remarks` varchar(255) COLLATE utf8_bin DEFAULT NULL COMMENT '',
  `del_flag` char(1) COLLATE utf8_bin NOT NULL DEFAULT '0' COMMENT '01',
  PRIMARY KEY (`id`),
  KEY `gen_scheme_del_flag` (`del_flag`)
) ENGINE=InnoDB DEFAULT CHARSET=utf8 COLLATE=utf8_bin COMMENT='';

-- ----------------------------
-- Records of gen_scheme
-- ----------------------------
INSERT INTO `gen_scheme` VALUES ('16adefaa261c47dd96ce510c56caf9fe', '', 'curd', 'com.thinkgem.jeesite.modules', 'air', '', '', '', 'Frank Wang', '38620a4e04c34d738b62fa8ee360b365', '1', '2017-04-27 09:44:41', '1', '2017-04-27 09:49:13', '', '0');
INSERT INTO `gen_scheme` VALUES ('1c4d53b78b6c4ff5ac179a5b1977d7e0', '', 'curd', 'com.thinkgem.jeesite.modules', 'air', '', '', '', 'Frank Wang', 'cb8a2f513c1742c78e23cbf3d55738f6', '1', '2017-04-27 10:11:52', '1', '2017-04-27 10:11:52', '', '0');
INSERT INTO `gen_scheme` VALUES ('35a13dc260284a728a270db3f382664b', '', 'treeTable', 'com.thinkgem.jeesite.modules', 'test', null, '', '', 'ThinkGem', 'f6e4dafaa72f4c509636484715f33a96', '1', '2013-08-12 13:10:05', '1', '2013-08-12 13:10:05', null, '1');
INSERT INTO `gen_scheme` VALUES ('9c9de9db6da743bb899036c6546061ac', '', 'curd', 'com.thinkgem.jeesite.modules', 'test', null, '', '', 'ThinkGem', 'aef6f1fc948f4c9ab1c1b780bc471cc2', '1', '2013-08-12 13:10:05', '1', '2013-08-12 13:10:05', null, '1');
INSERT INTO `gen_scheme` VALUES ('b37c24e81b104803b44fec91c1d406a8', 'CO2', 'curd', 'com.thinkgem.jeesite.modules', 'air', '', 'CO2', 'CO2', 'Frank Wang', 'abc36c179d2f4f94a121691e41b129b3', '1', '2017-04-27 09:48:04', '1', '2017-04-27 09:49:02', '', '0');
INSERT INTO `gen_scheme` VALUES ('d0a8f675074d4264acd3c35dfe5d3656', 'PM2.5', 'curd', 'com.thinkgem.jeesite.modules', 'air', '', 'PM2.5', 'PM2.5', 'Frank Wang', '37a5e931283149fda76516379d09db6c', '1', '2017-04-27 09:47:13', '1', '2017-04-27 09:49:07', '', '0');
INSERT INTO `gen_scheme` VALUES ('e6d905fd236b46d1af581dd32bdfb3b0', '', 'curd_many', 'com.thinkgem.jeesite.modules', 'test', null, '', '', 'ThinkGem', '43d6d5acffa14c258340ce6765e46c6f', '1', '2013-08-12 13:10:05', '1', '2013-08-12 13:10:05', null, '1');

-- ----------------------------
-- Table structure for gen_table
-- ----------------------------
DROP TABLE IF EXISTS `gen_table`;
CREATE TABLE `gen_table` (
  `id` varchar(64) COLLATE utf8_bin NOT NULL COMMENT '',
  `name` varchar(200) COLLATE utf8_bin DEFAULT NULL COMMENT '',
  `comments` varchar(500) COLLATE utf8_bin DEFAULT NULL COMMENT '',
  `class_name` varchar(100) COLLATE utf8_bin DEFAULT NULL COMMENT '',
  `parent_table` varchar(200) COLLATE utf8_bin DEFAULT NULL COMMENT '',
  `parent_table_fk` varchar(100) COLLATE utf8_bin DEFAULT NULL COMMENT '',
  `create_by` varchar(64) COLLATE utf8_bin DEFAULT NULL COMMENT '',
  `create_date` datetime DEFAULT NULL COMMENT '',
  `update_by` varchar(64) COLLATE utf8_bin DEFAULT NULL COMMENT '',
  `update_date` datetime DEFAULT NULL COMMENT '',
  `remarks` varchar(255) COLLATE utf8_bin DEFAULT NULL COMMENT '',
  `del_flag` char(1) COLLATE utf8_bin NOT NULL DEFAULT '0' COMMENT '01',
  PRIMARY KEY (`id`),
  KEY `gen_table_name` (`name`),
  KEY `gen_table_del_flag` (`del_flag`)
) ENGINE=InnoDB DEFAULT CHARSET=utf8 COLLATE=utf8_bin COMMENT='';

-- ----------------------------
-- Records of gen_table
-- ----------------------------
INSERT INTO `gen_table` VALUES ('37a5e931283149fda76516379d09db6c', 'tb_pm2_5', 'PM2.5', 'TbPm25', '', '', '1', '2017-04-27 09:43:12', '1', '2017-04-27 09:43:12', '', '0');
INSERT INTO `gen_table` VALUES ('38620a4e04c34d738b62fa8ee360b365', 'tb_temp_hum', '', 'TbTempHum', '', '', '1', '2017-04-27 09:43:38', '1', '2017-04-27 09:43:38', '', '0');
INSERT INTO `gen_table` VALUES ('43d6d5acffa14c258340ce6765e46c6f', 'test_data_main', '', 'TestDataMain', null, null, '1', '2013-08-12 13:10:05', '1', '2013-08-12 13:10:05', null, '1');
INSERT INTO `gen_table` VALUES ('6e05c389f3c6415ea34e55e9dfb28934', 'test_data_child', '', 'TestDataChild', 'test_data_main', 'test_data_main_id', '1', '2013-08-12 13:10:05', '1', '2013-08-12 13:10:05', null, '1');
INSERT INTO `gen_table` VALUES ('abc36c179d2f4f94a121691e41b129b3', 'tb_co2', 'CO2', 'TbCO2', '', '', '1', '2017-04-27 09:42:54', '1', '2017-04-27 09:42:54', '', '0');
INSERT INTO `gen_table` VALUES ('aef6f1fc948f4c9ab1c1b780bc471cc2', 'test_data', '', 'TestData', null, null, '1', '2013-08-12 13:10:05', '1', '2013-08-12 13:10:05', null, '1');
INSERT INTO `gen_table` VALUES ('cb8a2f513c1742c78e23cbf3d55738f6', 'tb_air_quality', '', 'TbAirQuality', '', '', '1', '2017-04-27 10:10:53', '1', '2017-04-27 10:10:53', '', '0');
INSERT INTO `gen_table` VALUES ('f6e4dafaa72f4c509636484715f33a96', 'test_tree', '', 'TestTree', null, null, '1', '2013-08-12 13:10:05', '1', '2013-08-12 13:10:05', null, '1');

-- ----------------------------
-- Table structure for gen_table_column
-- ----------------------------
DROP TABLE IF EXISTS `gen_table_column`;
CREATE TABLE `gen_table_column` (
  `id` varchar(64) COLLATE utf8_bin NOT NULL COMMENT '',
  `gen_table_id` varchar(64) COLLATE utf8_bin DEFAULT NULL COMMENT '',
  `name` varchar(200) COLLATE utf8_bin DEFAULT NULL COMMENT '',
  `comments` varchar(500) COLLATE utf8_bin DEFAULT NULL COMMENT '',
  `jdbc_type` varchar(100) COLLATE utf8_bin DEFAULT NULL COMMENT '',
  `java_type` varchar(500) COLLATE utf8_bin DEFAULT NULL COMMENT 'JAVA',
  `java_field` varchar(200) COLLATE utf8_bin DEFAULT NULL COMMENT 'JAVA',
  `is_pk` char(1) COLLATE utf8_bin DEFAULT NULL COMMENT '',
  `is_null` char(1) COLLATE utf8_bin DEFAULT NULL COMMENT '',
  `is_insert` char(1) COLLATE utf8_bin DEFAULT NULL COMMENT '',
  `is_edit` char(1) COLLATE utf8_bin DEFAULT NULL COMMENT '',
  `is_list` char(1) COLLATE utf8_bin DEFAULT NULL COMMENT '',
  `is_query` char(1) COLLATE utf8_bin DEFAULT NULL COMMENT '',
  `query_type` varchar(200) COLLATE utf8_bin DEFAULT NULL COMMENT 'LIKELIKELIKE',
  `show_type` varchar(200) COLLATE utf8_bin DEFAULT NULL COMMENT '',
  `dict_type` varchar(200) COLLATE utf8_bin DEFAULT NULL COMMENT '',
  `settings` varchar(2000) COLLATE utf8_bin DEFAULT NULL COMMENT 'JSON',
  `sort` decimal(10,0) DEFAULT NULL COMMENT '',
  `create_by` varchar(64) COLLATE utf8_bin DEFAULT NULL COMMENT '',
  `create_date` datetime DEFAULT NULL COMMENT '',
  `update_by` varchar(64) COLLATE utf8_bin DEFAULT NULL COMMENT '',
  `update_date` datetime DEFAULT NULL COMMENT '',
  `remarks` varchar(255) COLLATE utf8_bin DEFAULT NULL COMMENT '',
  `del_flag` char(1) COLLATE utf8_bin NOT NULL DEFAULT '0' COMMENT '01',
  PRIMARY KEY (`id`),
  KEY `gen_table_column_table_id` (`gen_table_id`),
  KEY `gen_table_column_name` (`name`),
  KEY `gen_table_column_sort` (`sort`),
  KEY `gen_table_column_del_flag` (`del_flag`)
) ENGINE=InnoDB DEFAULT CHARSET=utf8 COLLATE=utf8_bin COMMENT='';

-- ----------------------------
-- Records of gen_table_column
-- ----------------------------
INSERT INTO `gen_table_column` VALUES ('05cd86911ea14f30ac65cf25b9a131db', '38620a4e04c34d738b62fa8ee360b365', 'update_date', '', 'datetime', 'java.util.Date', 'updateDate', '0', '1', '1', '0', '1', '0', '=', 'dateselect', '', null, '70', '1', '2017-04-27 09:43:38', '1', '2017-04-27 09:43:38', null, '0');
INSERT INTO `gen_table_column` VALUES ('06a9204a148840ba902994382b32d804', 'abc36c179d2f4f94a121691e41b129b3', 'create_by', '', 'varchar(64)', 'com.thinkgem.jeesite.modules.sys.entity.User', 'createBy.id', '0', '1', '1', '0', '0', '0', '=', 'input', '', null, '30', '1', '2017-04-27 09:42:54', '1', '2017-04-27 09:42:54', null, '0');
INSERT INTO `gen_table_column` VALUES ('0902a0cb3e8f434280c20e9d771d0658', 'aef6f1fc948f4c9ab1c1b780bc471cc2', 'sex', '', 'char(1)', 'String', 'sex', '0', '1', '1', '1', '1', '1', '=', 'radiobox', 'sex', null, '6', '1', '2013-08-12 13:10:05', '1', '2013-08-12 13:10:05', null, '1');
INSERT INTO `gen_table_column` VALUES ('103fc05c88ff40639875c2111881996a', 'aef6f1fc948f4c9ab1c1b780bc471cc2', 'create_date', '', 'timestamp(6)', 'java.util.Date', 'createDate', '0', '0', '1', '0', '0', '0', '=', 'dateselect', null, null, '9', '1', '2013-08-12 13:10:05', '1', '2013-08-12 13:10:05', null, '1');
INSERT INTO `gen_table_column` VALUES ('12fa38dd986e41908f7fefa5839d1220', '6e05c389f3c6415ea34e55e9dfb28934', 'create_by', '', 'varchar2(64)', 'com.thinkgem.jeesite.modules.modules.sys.entity.User', 'createBy.id', '0', '0', '1', '0', '0', '0', '=', 'input', null, null, '4', '1', '2013-08-12 13:10:05', '1', '2013-08-12 13:10:05', null, '1');
INSERT INTO `gen_table_column` VALUES ('195ee9241f954d008fe01625f4adbfef', 'f6e4dafaa72f4c509636484715f33a96', 'create_by', '', 'varchar2(64)', 'com.thinkgem.jeesite.modules.modules.sys.entity.User', 'createBy.id', '0', '0', '1', '0', '0', '0', '=', 'input', null, null, '6', '1', '2013-08-12 13:10:05', '1', '2013-08-12 13:10:05', null, '1');
INSERT INTO `gen_table_column` VALUES ('19c6478b8ff54c60910c2e4fc3d27503', '43d6d5acffa14c258340ce6765e46c6f', 'id', '', 'varchar2(64)', 'String', 'id', '1', '0', '1', '0', '0', '0', '=', 'input', null, null, '1', '1', '2013-08-12 13:10:05', '1', '2013-08-12 13:10:05', null, '1');
INSERT INTO `gen_table_column` VALUES ('1ac6562f753d4e599693840651ab2bf7', '43d6d5acffa14c258340ce6765e46c6f', 'in_date', '', 'date(7)', 'java.util.Date', 'inDate', '0', '1', '1', '1', '0', '0', '=', 'dateselect', null, null, '7', '1', '2013-08-12 13:10:05', '1', '2013-08-12 13:10:05', null, '1');
INSERT INTO `gen_table_column` VALUES ('1b8eb55f65284fa6b0a5879b6d8ad3ec', 'aef6f1fc948f4c9ab1c1b780bc471cc2', 'in_date', '', 'date(7)', 'java.util.Date', 'inDate', '0', '1', '1', '1', '0', '1', 'between', 'dateselect', null, null, '7', '1', '2013-08-12 13:10:05', '1', '2013-08-12 13:10:05', null, '1');
INSERT INTO `gen_table_column` VALUES ('1d5ca4d114be41e99f8dc42a682ba609', 'aef6f1fc948f4c9ab1c1b780bc471cc2', 'user_id', '', 'varchar2(64)', 'com.thinkgem.jeesite.modules.modules.sys.entity.User', 'user.id|name', '0', '1', '1', '1', '1', '1', '=', 'userselect', null, null, '2', '1', '2013-08-12 13:10:05', '1', '2013-08-12 13:10:05', null, '1');
INSERT INTO `gen_table_column` VALUES ('21756504ffdc487eb167a823f89c0c06', '43d6d5acffa14c258340ce6765e46c6f', 'update_by', '', 'varchar2(64)', 'com.thinkgem.jeesite.modules.modules.sys.entity.User', 'updateBy.id', '0', '0', '1', '1', '0', '0', '=', 'input', null, null, '10', '1', '2013-08-12 13:10:05', '1', '2013-08-12 13:10:05', null, '1');
INSERT INTO `gen_table_column` VALUES ('24bbdc0a555e4412a106ab1c5f03008e', 'f6e4dafaa72f4c509636484715f33a96', 'parent_ids', '', 'varchar2(2000)', 'String', 'parentIds', '0', '0', '1', '1', '0', '0', 'like', 'input', null, null, '3', '1', '2013-08-12 13:10:05', '1', '2013-08-12 13:10:05', null, '1');
INSERT INTO `gen_table_column` VALUES ('2b0da7c66e30454c9f249fc7e7e15fd0', '37a5e931283149fda76516379d09db6c', 'pm2_5', 'pm2.5', 'int(11)', 'String', 'pm25', '0', '1', '1', '1', '1', '0', '=', 'input', '', null, '20', '1', '2017-04-27 09:43:12', '1', '2017-04-27 09:43:12', null, '0');
INSERT INTO `gen_table_column` VALUES ('33152ce420904594b3eac796a27f0560', '6e05c389f3c6415ea34e55e9dfb28934', 'id', '', 'varchar2(64)', 'String', 'id', '1', '0', '1', '0', '0', '0', '=', 'input', null, null, '1', '1', '2013-08-12 13:10:05', '1', '2013-08-12 13:10:05', null, '1');
INSERT INTO `gen_table_column` VALUES ('34547e5ab6d2489898fe7ab9d8307849', '37a5e931283149fda76516379d09db6c', 'create_date', '', 'datetime', 'java.util.Date', 'createDate', '0', '1', '1', '0', '0', '0', '=', 'dateselect', '', null, '40', '1', '2017-04-27 09:43:12', '1', '2017-04-27 09:43:12', null, '0');
INSERT INTO `gen_table_column` VALUES ('35af241859624a01917ab64c3f4f0813', 'aef6f1fc948f4c9ab1c1b780bc471cc2', 'del_flag', '01', 'char(1)', 'String', 'delFlag', '0', '0', '1', '0', '0', '0', '=', 'radiobox', 'del_flag', null, '13', '1', '2013-08-12 13:10:05', '1', '2013-08-12 13:10:05', null, '1');
INSERT INTO `gen_table_column` VALUES ('398b4a03f06940bfb979ca574e1911e3', 'aef6f1fc948f4c9ab1c1b780bc471cc2', 'create_by', '', 'varchar2(64)', 'com.thinkgem.jeesite.modules.modules.sys.entity.User', 'createBy.id', '0', '0', '1', '0', '0', '0', '=', 'input', null, null, '8', '1', '2013-08-12 13:10:05', '1', '2013-08-12 13:10:05', null, '1');
INSERT INTO `gen_table_column` VALUES ('3a7cf23ae48a4c849ceb03feffc7a524', '43d6d5acffa14c258340ce6765e46c6f', 'area_id', '', 'nvarchar2(64)', 'com.thinkgem.jeesite.modules.modules.sys.entity.Area', 'area.id|name', '0', '1', '1', '1', '0', '0', '=', 'areaselect', null, null, '4', '1', '2013-08-12 13:10:05', '1', '2013-08-12 13:10:05', null, '1');
INSERT INTO `gen_table_column` VALUES ('3d9c32865bb44e85af73381df0ffbf3d', '43d6d5acffa14c258340ce6765e46c6f', 'update_date', '', 'timestamp(6)', 'java.util.Date', 'updateDate', '0', '0', '1', '1', '1', '0', '=', 'dateselect', null, null, '11', '1', '2013-08-12 13:10:05', '1', '2013-08-12 13:10:05', null, '1');
INSERT INTO `gen_table_column` VALUES ('416c76d2019b4f76a96d8dc3a8faf84c', 'f6e4dafaa72f4c509636484715f33a96', 'update_date', '', 'timestamp(6)', 'java.util.Date', 'updateDate', '0', '0', '1', '1', '1', '0', '=', 'dateselect', null, null, '9', '1', '2013-08-12 13:10:05', '1', '2013-08-12 13:10:05', null, '1');
INSERT INTO `gen_table_column` VALUES ('46e6d8283270493687085d29efdecb05', 'f6e4dafaa72f4c509636484715f33a96', 'del_flag', '01', 'char(1)', 'String', 'delFlag', '0', '0', '1', '0', '0', '0', '=', 'radiobox', 'del_flag', null, '11', '1', '2013-08-12 13:10:05', '1', '2013-08-12 13:10:05', null, '1');
INSERT INTO `gen_table_column` VALUES ('4a0a1fff86ca46519477d66b82e01991', 'aef6f1fc948f4c9ab1c1b780bc471cc2', 'name', '', 'nvarchar2(100)', 'String', 'name', '0', '1', '1', '1', '1', '1', 'like', 'input', null, null, '5', '1', '2013-08-12 13:10:05', '1', '2013-08-12 13:10:05', null, '1');
INSERT INTO `gen_table_column` VALUES ('4b2035a5334045eaa991816ce88a9a56', '38620a4e04c34d738b62fa8ee360b365', 'id', 'id', 'varchar(64)', 'String', 'id', '1', '0', '1', '0', '0', '0', '=', 'input', '', null, '10', '1', '2017-04-27 09:43:38', '1', '2017-04-27 09:43:38', null, '0');
INSERT INTO `gen_table_column` VALUES ('4c8ef12cb6924b9ba44048ba9913150b', '43d6d5acffa14c258340ce6765e46c6f', 'create_date', '', 'timestamp(6)', 'java.util.Date', 'createDate', '0', '0', '1', '0', '0', '0', '=', 'dateselect', null, null, '9', '1', '2013-08-12 13:10:05', '1', '2013-08-12 13:10:05', null, '1');
INSERT INTO `gen_table_column` VALUES ('53d65a3d306d4fac9e561db9d3c66912', '6e05c389f3c6415ea34e55e9dfb28934', 'del_flag', '01', 'char(1)', 'String', 'delFlag', '0', '0', '1', '0', '0', '0', '=', 'radiobox', 'del_flag', null, '9', '1', '2013-08-12 13:10:05', '1', '2013-08-12 13:10:05', null, '1');
INSERT INTO `gen_table_column` VALUES ('56fa71c0bd7e4132931874e548dc9ba5', '6e05c389f3c6415ea34e55e9dfb28934', 'update_by', '', 'varchar2(64)', 'com.thinkgem.jeesite.modules.modules.sys.entity.User', 'updateBy.id', '0', '0', '1', '1', '0', '0', '=', 'input', null, null, '6', '1', '2013-08-12 13:10:05', '1', '2013-08-12 13:10:05', null, '1');
INSERT INTO `gen_table_column` VALUES ('5a4a1933c9c844fdba99de043dc8205e', 'aef6f1fc948f4c9ab1c1b780bc471cc2', 'update_by', '', 'varchar2(64)', 'com.thinkgem.jeesite.modules.modules.sys.entity.User', 'updateBy.id', '0', '0', '1', '1', '0', '0', '=', 'input', null, null, '10', '1', '2013-08-12 13:10:05', '1', '2013-08-12 13:10:05', null, '1');
INSERT INTO `gen_table_column` VALUES ('5e5c69bd3eaa4dcc9743f361f3771c08', 'aef6f1fc948f4c9ab1c1b780bc471cc2', 'id', '', 'varchar2(64)', 'String', 'id', '1', '0', '1', '0', '0', '0', '=', 'input', null, null, '1', '1', '2013-08-12 13:10:05', '1', '2013-08-12 13:10:05', null, '1');
INSERT INTO `gen_table_column` VALUES ('633f5a49ec974c099158e7b3e6bfa930', 'f6e4dafaa72f4c509636484715f33a96', 'name', '', 'nvarchar2(100)', 'String', 'name', '0', '0', '1', '1', '1', '1', 'like', 'input', null, null, '4', '1', '2013-08-12 13:10:05', '1', '2013-08-12 13:10:05', null, '1');
INSERT INTO `gen_table_column` VALUES ('652491500f2641ffa7caf95a93e64d34', '6e05c389f3c6415ea34e55e9dfb28934', 'update_date', '', 'timestamp(6)', 'java.util.Date', 'updateDate', '0', '0', '1', '1', '1', '0', '=', 'dateselect', null, null, '7', '1', '2013-08-12 13:10:05', '1', '2013-08-12 13:10:05', null, '1');
INSERT INTO `gen_table_column` VALUES ('6763ff6dc7cd4c668e76cf9b697d3ff6', 'f6e4dafaa72f4c509636484715f33a96', 'sort', '', 'number(10)', 'Integer', 'sort', '0', '0', '1', '1', '1', '0', '=', 'input', null, null, '5', '1', '2013-08-12 13:10:05', '1', '2013-08-12 13:10:05', null, '1');
INSERT INTO `gen_table_column` VALUES ('67d0331f809a48ee825602659f0778e8', '43d6d5acffa14c258340ce6765e46c6f', 'name', '', 'nvarchar2(100)', 'String', 'name', '0', '1', '1', '1', '1', '1', 'like', 'input', null, null, '5', '1', '2013-08-12 13:10:05', '1', '2013-08-12 13:10:05', null, '1');
INSERT INTO `gen_table_column` VALUES ('68345713bef3445c906f70e68f55de38', '6e05c389f3c6415ea34e55e9dfb28934', 'test_data_main_id', '', 'varchar2(64)', 'String', 'testDataMain.id', '0', '1', '1', '1', '0', '0', '=', 'input', null, null, '2', '1', '2013-08-12 13:10:05', '1', '2013-08-12 13:10:05', null, '1');
INSERT INTO `gen_table_column` VALUES ('6cc891c9333d44ff89ae84a689063fcc', 'abc36c179d2f4f94a121691e41b129b3', 'update_date', '', 'datetime', 'java.util.Date', 'updateDate', '0', '1', '1', '0', '1', '0', '=', 'dateselect', '', null, '60', '1', '2017-04-27 09:42:54', '1', '2017-04-27 09:42:54', null, '0');
INSERT INTO `gen_table_column` VALUES ('71ea4bc10d274911b405f3165fc1bb1a', 'aef6f1fc948f4c9ab1c1b780bc471cc2', 'area_id', '', 'nvarchar2(64)', 'com.thinkgem.jeesite.modules.modules.sys.entity.Area', 'area.id|name', '0', '1', '1', '1', '1', '1', '=', 'areaselect', null, null, '4', '1', '2013-08-12 13:10:05', '1', '2013-08-12 13:10:05', null, '1');
INSERT INTO `gen_table_column` VALUES ('7b3304dc740849a48bafcd41b2f6cd51', '37a5e931283149fda76516379d09db6c', 'update_by', '', 'varchar(64)', 'com.thinkgem.jeesite.modules.sys.entity.User', 'updateBy.id', '0', '1', '1', '0', '0', '0', '=', 'input', '', null, '50', '1', '2017-04-27 09:43:12', '1', '2017-04-27 09:43:12', null, '0');
INSERT INTO `gen_table_column` VALUES ('7b960a1c7a94449fb2897284c3998c72', '38620a4e04c34d738b62fa8ee360b365', 'create_by', '', 'varchar(64)', 'com.thinkgem.jeesite.modules.sys.entity.User', 'createBy.id', '0', '1', '1', '0', '0', '0', '=', 'input', '', null, '40', '1', '2017-04-27 09:43:38', '1', '2017-04-27 09:43:38', null, '0');
INSERT INTO `gen_table_column` VALUES ('7d0bca2411d942568b59f9bf79f4ea0d', 'abc36c179d2f4f94a121691e41b129b3', 'id', 'id', 'varchar(64)', 'String', 'id', '1', '0', '1', '0', '0', '0', '=', 'input', '', null, '10', '1', '2017-04-27 09:42:54', '1', '2017-04-27 09:42:54', null, '0');
INSERT INTO `gen_table_column` VALUES ('7d662f8f35d942f99b343979409194d2', '37a5e931283149fda76516379d09db6c', 'id', 'id', 'varchar(64)', 'String', 'id', '1', '0', '1', '0', '0', '0', '=', 'input', '', null, '10', '1', '2017-04-27 09:43:12', '1', '2017-04-27 09:43:12', null, '0');
INSERT INTO `gen_table_column` VALUES ('7f871058d94c4d9a89084be7c9ce806d', '6e05c389f3c6415ea34e55e9dfb28934', 'remarks', '', 'nvarchar2(255)', 'String', 'remarks', '0', '1', '1', '1', '1', '0', '=', 'input', null, null, '8', '1', '2013-08-12 13:10:05', '1', '2013-08-12 13:10:05', null, '1');
INSERT INTO `gen_table_column` VALUES ('8b48774cfe184913b8b5eb17639cf12d', '43d6d5acffa14c258340ce6765e46c6f', 'create_by', '', 'varchar2(64)', 'com.thinkgem.jeesite.modules.modules.sys.entity.User', 'createBy.id', '0', '0', '1', '0', '0', '0', '=', 'input', null, null, '8', '1', '2013-08-12 13:10:05', '1', '2013-08-12 13:10:05', null, '1');
INSERT INTO `gen_table_column` VALUES ('8b7cf0525519474ebe1de9e587eb7067', '6e05c389f3c6415ea34e55e9dfb28934', 'create_date', '', 'timestamp(6)', 'java.util.Date', 'createDate', '0', '0', '1', '0', '0', '0', '=', 'dateselect', null, null, '5', '1', '2013-08-12 13:10:05', '1', '2013-08-12 13:10:05', null, '1');
INSERT INTO `gen_table_column` VALUES ('8b9de88df53e485d8ef461c4b1824bc1', '43d6d5acffa14c258340ce6765e46c6f', 'user_id', '', 'varchar2(64)', 'com.thinkgem.jeesite.modules.modules.sys.entity.User', 'user.id|name', '0', '1', '1', '1', '1', '1', '=', 'userselect', null, null, '2', '1', '2013-08-12 13:10:05', '1', '2013-08-12 13:10:05', null, '1');
INSERT INTO `gen_table_column` VALUES ('8da38dbe5fe54e9bb1f9682c27fbf403', 'aef6f1fc948f4c9ab1c1b780bc471cc2', 'remarks', '', 'nvarchar2(255)', 'String', 'remarks', '0', '1', '1', '1', '1', '0', '=', 'textarea', null, null, '12', '1', '2013-08-12 13:10:05', '1', '2013-08-12 13:10:05', null, '1');
INSERT INTO `gen_table_column` VALUES ('92481c16a0b94b0e8bba16c3c54eb1e4', 'f6e4dafaa72f4c509636484715f33a96', 'create_date', '', 'timestamp(6)', 'java.util.Date', 'createDate', '0', '0', '1', '0', '0', '0', '=', 'dateselect', null, null, '7', '1', '2013-08-12 13:10:05', '1', '2013-08-12 13:10:05', null, '1');
INSERT INTO `gen_table_column` VALUES ('9a012c1d2f934dbf996679adb7cc827a', 'f6e4dafaa72f4c509636484715f33a96', 'parent_id', '', 'varchar2(64)', 'This', 'parent.id|name', '0', '0', '1', '1', '0', '0', '=', 'treeselect', null, null, '2', '1', '2013-08-12 13:10:05', '1', '2013-08-12 13:10:05', null, '1');
INSERT INTO `gen_table_column` VALUES ('a5ac66dcd86b4e12bd514d484e3a6e31', '38620a4e04c34d738b62fa8ee360b365', 'del_flag', '', 'char(1)', 'String', 'delFlag', '0', '1', '1', '0', '0', '0', '=', 'radiobox', 'del_flag', null, '80', '1', '2017-04-27 09:43:38', '1', '2017-04-27 09:43:38', null, '0');
INSERT INTO `gen_table_column` VALUES ('a717decacdf04644acff07bed56bc156', '38620a4e04c34d738b62fa8ee360b365', 'temp', '', 'float', 'String', 'temp', '0', '1', '1', '1', '1', '0', '=', 'input', '', null, '20', '1', '2017-04-27 09:43:38', '1', '2017-04-27 09:43:38', null, '0');
INSERT INTO `gen_table_column` VALUES ('a8c3ab0f409d4991b63666a8da0abd7a', 'cb8a2f513c1742c78e23cbf3d55738f6', 'co2', 'co2', 'varchar(64)', 'String', 'co2', '0', '1', '1', '1', '1', '0', '=', 'input', '', null, '30', '1', '2017-04-27 10:10:53', '1', '2017-04-27 10:10:53', null, '0');
INSERT INTO `gen_table_column` VALUES ('aa77f5db0c5c49a38b70aeca213cedbf', '38620a4e04c34d738b62fa8ee360b365', 'update_by', '', 'varchar(64)', 'com.thinkgem.jeesite.modules.sys.entity.User', 'updateBy.id', '0', '1', '1', '0', '0', '0', '=', 'input', '', null, '60', '1', '2017-04-27 09:43:38', '1', '2017-04-27 09:43:38', null, '0');
INSERT INTO `gen_table_column` VALUES ('ad3bf0d4b44b4528a5211a66af88f322', 'aef6f1fc948f4c9ab1c1b780bc471cc2', 'office_id', '', 'varchar2(64)', 'com.thinkgem.jeesite.modules.modules.sys.entity.Office', 'office.id|name', '0', '1', '1', '1', '1', '1', '=', 'officeselect', null, null, '3', '1', '2013-08-12 13:10:05', '1', '2013-08-12 13:10:05', null, '1');
INSERT INTO `gen_table_column` VALUES ('b1039ed733564193ad9ff474b6d87929', '37a5e931283149fda76516379d09db6c', 'del_flag', '', 'char(1)', 'String', 'delFlag', '0', '1', '1', '0', '0', '0', '=', 'radiobox', 'del_flag', null, '70', '1', '2017-04-27 09:43:12', '1', '2017-04-27 09:43:12', null, '0');
INSERT INTO `gen_table_column` VALUES ('b312e8a329f84d82bf12a47c0dbfa87a', 'abc36c179d2f4f94a121691e41b129b3', 'co2', 'co2', 'int(11)', 'String', 'co2', '0', '1', '1', '1', '1', '0', '=', 'input', '', null, '20', '1', '2017-04-27 09:42:54', '1', '2017-04-27 09:42:54', null, '0');
INSERT INTO `gen_table_column` VALUES ('bac58826f31e472188185c5723136103', '38620a4e04c34d738b62fa8ee360b365', 'hum', '', 'float', 'String', 'hum', '0', '1', '1', '1', '1', '0', '=', 'input', '', null, '30', '1', '2017-04-27 09:43:38', '1', '2017-04-27 09:43:38', null, '0');
INSERT INTO `gen_table_column` VALUES ('bb1256a8d1b741f6936d8fed06f45eed', 'f6e4dafaa72f4c509636484715f33a96', 'update_by', '', 'varchar2(64)', 'com.thinkgem.jeesite.modules.modules.sys.entity.User', 'updateBy.id', '0', '0', '1', '1', '0', '0', '=', 'input', null, null, '8', '1', '2013-08-12 13:10:05', '1', '2013-08-12 13:10:05', null, '1');
INSERT INTO `gen_table_column` VALUES ('c2f553f698544ae382ad2c00cd3cc060', '38620a4e04c34d738b62fa8ee360b365', 'create_date', '', 'datetime', 'java.util.Date', 'createDate', '0', '1', '1', '0', '0', '0', '=', 'dateselect', '', null, '50', '1', '2017-04-27 09:43:38', '1', '2017-04-27 09:43:38', null, '0');
INSERT INTO `gen_table_column` VALUES ('ca68a2d403f0449cbaa1d54198c6f350', '43d6d5acffa14c258340ce6765e46c6f', 'office_id', '', 'varchar2(64)', 'com.thinkgem.jeesite.modules.modules.sys.entity.Office', 'office.id|name', '0', '1', '1', '1', '0', '0', '=', 'officeselect', null, null, '3', '1', '2013-08-12 13:10:05', '1', '2013-08-12 13:10:05', null, '1');
INSERT INTO `gen_table_column` VALUES ('cb9c0ec3da26432d9cbac05ede0fd1d0', '43d6d5acffa14c258340ce6765e46c6f', 'remarks', '', 'nvarchar2(255)', 'String', 'remarks', '0', '1', '1', '1', '1', '0', '=', 'textarea', null, null, '12', '1', '2013-08-12 13:10:05', '1', '2013-08-12 13:10:05', null, '1');
INSERT INTO `gen_table_column` VALUES ('cfcfa06ea61749c9b4c4dbc507e0e580', 'f6e4dafaa72f4c509636484715f33a96', 'id', '', 'varchar2(64)', 'String', 'id', '1', '0', '1', '0', '0', '0', '=', 'input', null, null, '1', '1', '2013-08-12 13:10:05', '1', '2013-08-12 13:10:05', null, '1');
INSERT INTO `gen_table_column` VALUES ('d5c2d932ae904aa8a9f9ef34cd36fb0b', '43d6d5acffa14c258340ce6765e46c6f', 'sex', '', 'char(1)', 'String', 'sex', '0', '1', '1', '1', '0', '1', '=', 'select', 'sex', null, '6', '1', '2013-08-12 13:10:05', '1', '2013-08-12 13:10:05', null, '1');
INSERT INTO `gen_table_column` VALUES ('d85f93e4841c4e3f8d64d79c93982cb7', '37a5e931283149fda76516379d09db6c', 'create_by', '', 'varchar(64)', 'com.thinkgem.jeesite.modules.sys.entity.User', 'createBy.id', '0', '1', '1', '0', '0', '0', '=', 'input', '', null, '30', '1', '2017-04-27 09:43:12', '1', '2017-04-27 09:43:12', null, '0');
INSERT INTO `gen_table_column` VALUES ('df8d02427db74656aac38dc753cf2536', 'abc36c179d2f4f94a121691e41b129b3', 'del_flag', '', 'char(1)', 'String', 'delFlag', '0', '1', '1', '0', '0', '0', '=', 'radiobox', 'del_flag', null, '70', '1', '2017-04-27 09:42:54', '1', '2017-04-27 09:42:54', null, '0');
INSERT INTO `gen_table_column` VALUES ('e0aa773de2d547a2aa4fa34455cae270', '37a5e931283149fda76516379d09db6c', 'update_date', '', 'datetime', 'java.util.Date', 'updateDate', '0', '1', '1', '0', '1', '0', '=', 'dateselect', '', null, '60', '1', '2017-04-27 09:43:12', '1', '2017-04-27 09:43:12', null, '0');
INSERT INTO `gen_table_column` VALUES ('e2b34f9f12ea486baf34c86589813d24', 'cb8a2f513c1742c78e23cbf3d55738f6', 'temp_hum', 'temp_hum', 'varchar(64)', 'String', 'tempHum', '0', '1', '1', '1', '1', '0', '=', 'input', '', null, '10', '1', '2017-04-27 10:10:53', '1', '2017-04-27 10:10:53', null, '0');
INSERT INTO `gen_table_column` VALUES ('e64050a2ebf041faa16f12dda5dcf784', '6e05c389f3c6415ea34e55e9dfb28934', 'name', '', 'nvarchar2(100)', 'String', 'name', '0', '1', '1', '1', '1', '1', 'like', 'input', null, null, '3', '1', '2013-08-12 13:10:05', '1', '2013-08-12 13:10:05', null, '1');
INSERT INTO `gen_table_column` VALUES ('e8d11127952d4aa288bb3901fc83127f', '43d6d5acffa14c258340ce6765e46c6f', 'del_flag', '01', 'char(1)', 'String', 'delFlag', '0', '0', '1', '0', '0', '0', '=', 'radiobox', 'del_flag', null, '13', '1', '2013-08-12 13:10:05', '1', '2013-08-12 13:10:05', null, '1');
INSERT INTO `gen_table_column` VALUES ('eb2e5afd13f147a990d30e68e7f64e12', 'aef6f1fc948f4c9ab1c1b780bc471cc2', 'update_date', '', 'timestamp(6)', 'java.util.Date', 'updateDate', '0', '0', '1', '1', '1', '0', '=', 'dateselect', null, null, '11', '1', '2013-08-12 13:10:05', '1', '2013-08-12 13:10:05', null, '1');
INSERT INTO `gen_table_column` VALUES ('f2a863f5fd454837b149eb3a59149e6e', 'abc36c179d2f4f94a121691e41b129b3', 'create_date', '', 'datetime', 'java.util.Date', 'createDate', '0', '1', '1', '0', '0', '0', '=', 'dateselect', '', null, '40', '1', '2017-04-27 09:42:54', '1', '2017-04-27 09:42:54', null, '0');
INSERT INTO `gen_table_column` VALUES ('f5ed8c82bad0413fbfcccefa95931358', 'f6e4dafaa72f4c509636484715f33a96', 'remarks', '', 'nvarchar2(255)', 'String', 'remarks', '0', '1', '1', '1', '1', '0', '=', 'textarea', null, null, '10', '1', '2013-08-12 13:10:05', '1', '2013-08-12 13:10:05', null, '1');
INSERT INTO `gen_table_column` VALUES ('faeacb8d3c5d40068de00121ed5110d1', 'cb8a2f513c1742c78e23cbf3d55738f6', 'pm25', 'pm25', 'varchar(64)', 'String', 'pm25', '0', '1', '1', '1', '1', '0', '=', 'input', '', null, '20', '1', '2017-04-27 10:10:53', '1', '2017-04-27 10:10:53', null, '0');
INSERT INTO `gen_table_column` VALUES ('ff477217a13b43c7bd53bd6a8b168e3c', 'abc36c179d2f4f94a121691e41b129b3', 'update_by', '', 'varchar(64)', 'com.thinkgem.jeesite.modules.sys.entity.User', 'updateBy.id', '0', '1', '1', '0', '0', '0', '=', 'input', '', null, '50', '1', '2017-04-27 09:42:54', '1', '2017-04-27 09:42:54', null, '0');

-- ----------------------------
-- Table structure for gen_template
-- ----------------------------
DROP TABLE IF EXISTS `gen_template`;
CREATE TABLE `gen_template` (
  `id` varchar(64) COLLATE utf8_bin NOT NULL COMMENT '',
  `name` varchar(200) COLLATE utf8_bin DEFAULT NULL COMMENT '',
  `category` varchar(2000) COLLATE utf8_bin DEFAULT NULL COMMENT '',
  `file_path` varchar(500) COLLATE utf8_bin DEFAULT NULL COMMENT '',
  `file_name` varchar(200) COLLATE utf8_bin DEFAULT NULL COMMENT '',
  `content` text COLLATE utf8_bin COMMENT '',
  `create_by` varchar(64) COLLATE utf8_bin DEFAULT NULL COMMENT '',
  `create_date` datetime DEFAULT NULL COMMENT '',
  `update_by` varchar(64) COLLATE utf8_bin DEFAULT NULL COMMENT '',
  `update_date` datetime DEFAULT NULL COMMENT '',
  `remarks` varchar(255) COLLATE utf8_bin DEFAULT NULL COMMENT '',
  `del_flag` char(1) COLLATE utf8_bin NOT NULL DEFAULT '0' COMMENT '01',
  PRIMARY KEY (`id`),
  KEY `gen_template_del_falg` (`del_flag`)
) ENGINE=InnoDB DEFAULT CHARSET=utf8 COLLATE=utf8_bin COMMENT='';

-- ----------------------------
-- Records of gen_template
-- ----------------------------

-- ----------------------------
-- Table structure for oa_leave
-- ----------------------------
DROP TABLE IF EXISTS `oa_leave`;
CREATE TABLE `oa_leave` (
  `id` varchar(64) COLLATE utf8_bin NOT NULL COMMENT '',
  `process_instance_id` varchar(64) COLLATE utf8_bin DEFAULT NULL COMMENT '',
  `start_time` datetime DEFAULT NULL COMMENT '',
  `end_time` datetime DEFAULT NULL COMMENT '',
  `leave_type` varchar(20) COLLATE utf8_bin DEFAULT NULL COMMENT '',
  `reason` varchar(255) COLLATE utf8_bin DEFAULT NULL COMMENT '',
  `apply_time` datetime DEFAULT NULL COMMENT '',
  `reality_start_time` datetime DEFAULT NULL COMMENT '',
  `reality_end_time` datetime DEFAULT NULL COMMENT '',
  `create_by` varchar(64) COLLATE utf8_bin NOT NULL COMMENT '',
  `create_date` datetime NOT NULL COMMENT '',
  `update_by` varchar(64) COLLATE utf8_bin NOT NULL COMMENT '',
  `update_date` datetime NOT NULL COMMENT '',
  `remarks` varchar(255) COLLATE utf8_bin DEFAULT NULL COMMENT '',
  `del_flag` char(1) COLLATE utf8_bin NOT NULL DEFAULT '0' COMMENT '',
  PRIMARY KEY (`id`),
  KEY `oa_leave_create_by` (`create_by`),
  KEY `oa_leave_process_instance_id` (`process_instance_id`),
  KEY `oa_leave_del_flag` (`del_flag`)
) ENGINE=InnoDB DEFAULT CHARSET=utf8 COLLATE=utf8_bin COMMENT='';

-- ----------------------------
-- Records of oa_leave
-- ----------------------------

-- ----------------------------
-- Table structure for oa_notify
-- ----------------------------
DROP TABLE IF EXISTS `oa_notify`;
CREATE TABLE `oa_notify` (
  `id` varchar(64) COLLATE utf8_bin NOT NULL COMMENT '',
  `type` char(1) COLLATE utf8_bin DEFAULT NULL COMMENT '',
  `title` varchar(200) COLLATE utf8_bin DEFAULT NULL COMMENT '',
  `content` varchar(2000) COLLATE utf8_bin DEFAULT NULL COMMENT '',
  `files` varchar(2000) COLLATE utf8_bin DEFAULT NULL COMMENT '',
  `status` char(1) COLLATE utf8_bin DEFAULT NULL COMMENT '',
  `create_by` varchar(64) COLLATE utf8_bin NOT NULL COMMENT '',
  `create_date` datetime NOT NULL COMMENT '',
  `update_by` varchar(64) COLLATE utf8_bin NOT NULL COMMENT '',
  `update_date` datetime NOT NULL COMMENT '',
  `remarks` varchar(255) COLLATE utf8_bin DEFAULT NULL COMMENT '',
  `del_flag` char(1) COLLATE utf8_bin NOT NULL DEFAULT '0' COMMENT '',
  PRIMARY KEY (`id`),
  KEY `oa_notify_del_flag` (`del_flag`)
) ENGINE=InnoDB DEFAULT CHARSET=utf8 COLLATE=utf8_bin COMMENT='';

-- ----------------------------
-- Records of oa_notify
-- ----------------------------

-- ----------------------------
-- Table structure for oa_notify_record
-- ----------------------------
DROP TABLE IF EXISTS `oa_notify_record`;
CREATE TABLE `oa_notify_record` (
  `id` varchar(64) COLLATE utf8_bin NOT NULL COMMENT '',
  `oa_notify_id` varchar(64) COLLATE utf8_bin DEFAULT NULL COMMENT 'ID',
  `user_id` varchar(64) COLLATE utf8_bin DEFAULT NULL COMMENT '',
  `read_flag` char(1) COLLATE utf8_bin DEFAULT '0' COMMENT '',
  `read_date` date DEFAULT NULL COMMENT '',
  PRIMARY KEY (`id`),
  KEY `oa_notify_record_notify_id` (`oa_notify_id`),
  KEY `oa_notify_record_user_id` (`user_id`),
  KEY `oa_notify_record_read_flag` (`read_flag`)
) ENGINE=InnoDB DEFAULT CHARSET=utf8 COLLATE=utf8_bin COMMENT='';

-- ----------------------------
-- Records of oa_notify_record
-- ----------------------------

-- ----------------------------
-- Table structure for oa_test_audit
-- ----------------------------
DROP TABLE IF EXISTS `oa_test_audit`;
CREATE TABLE `oa_test_audit` (
  `id` varchar(64) COLLATE utf8_bin NOT NULL COMMENT '',
  `PROC_INS_ID` varchar(64) COLLATE utf8_bin DEFAULT NULL COMMENT 'ID',
  `USER_ID` varchar(64) COLLATE utf8_bin DEFAULT NULL COMMENT '',
  `OFFICE_ID` varchar(64) COLLATE utf8_bin DEFAULT NULL COMMENT '',
  `POST` varchar(255) COLLATE utf8_bin DEFAULT NULL COMMENT '',
  `AGE` char(1) COLLATE utf8_bin DEFAULT NULL COMMENT '',
  `EDU` varchar(255) COLLATE utf8_bin DEFAULT NULL COMMENT '',
  `CONTENT` varchar(255) COLLATE utf8_bin DEFAULT NULL COMMENT '',
  `OLDA` varchar(255) COLLATE utf8_bin DEFAULT NULL COMMENT ' ',
  `OLDB` varchar(255) COLLATE utf8_bin DEFAULT NULL COMMENT ' ',
  `OLDC` varchar(255) COLLATE utf8_bin DEFAULT NULL COMMENT ' ',
  `NEWA` varchar(255) COLLATE utf8_bin DEFAULT NULL COMMENT ' ',
  `NEWB` varchar(255) COLLATE utf8_bin DEFAULT NULL COMMENT ' ',
  `NEWC` varchar(255) COLLATE utf8_bin DEFAULT NULL COMMENT ' ',
  `ADD_NUM` varchar(255) COLLATE utf8_bin DEFAULT NULL COMMENT '',
  `EXE_DATE` varchar(255) COLLATE utf8_bin DEFAULT NULL COMMENT '',
  `HR_TEXT` varchar(255) COLLATE utf8_bin DEFAULT NULL COMMENT '',
  `LEAD_TEXT` varchar(255) COLLATE utf8_bin DEFAULT NULL COMMENT '',
  `MAIN_LEAD_TEXT` varchar(255) COLLATE utf8_bin DEFAULT NULL COMMENT '',
  `create_by` varchar(64) COLLATE utf8_bin NOT NULL COMMENT '',
  `create_date` datetime NOT NULL COMMENT '',
  `update_by` varchar(64) COLLATE utf8_bin NOT NULL COMMENT '',
  `update_date` datetime NOT NULL COMMENT '',
  `remarks` varchar(255) COLLATE utf8_bin DEFAULT NULL COMMENT '',
  `del_flag` char(1) COLLATE utf8_bin NOT NULL DEFAULT '0' COMMENT '',
  PRIMARY KEY (`id`),
  KEY `OA_TEST_AUDIT_del_flag` (`del_flag`)
) ENGINE=InnoDB DEFAULT CHARSET=utf8 COLLATE=utf8_bin COMMENT='';

-- ----------------------------
-- Records of oa_test_audit
-- ----------------------------

-- ----------------------------
-- Table structure for sys_area
-- ----------------------------
DROP TABLE IF EXISTS `sys_area`;
CREATE TABLE `sys_area` (
  `id` varchar(64) COLLATE utf8_bin NOT NULL COMMENT '',
  `parent_id` varchar(64) COLLATE utf8_bin NOT NULL COMMENT '',
  `parent_ids` varchar(2000) COLLATE utf8_bin NOT NULL COMMENT '',
  `name` varchar(100) COLLATE utf8_bin NOT NULL COMMENT '',
  `sort` decimal(10,0) NOT NULL COMMENT '',
  `code` varchar(100) COLLATE utf8_bin DEFAULT NULL COMMENT '',
  `type` char(1) COLLATE utf8_bin DEFAULT NULL COMMENT '',
  `create_by` varchar(64) COLLATE utf8_bin NOT NULL COMMENT '',
  `create_date` datetime NOT NULL COMMENT '',
  `update_by` varchar(64) COLLATE utf8_bin NOT NULL COMMENT '',
  `update_date` datetime NOT NULL COMMENT '',
  `remarks` varchar(255) COLLATE utf8_bin DEFAULT NULL COMMENT '',
  `del_flag` char(1) COLLATE utf8_bin NOT NULL DEFAULT '0' COMMENT '',
  PRIMARY KEY (`id`),
  KEY `sys_area_parent_id` (`parent_id`),
  KEY `sys_area_del_flag` (`del_flag`)
) ENGINE=InnoDB DEFAULT CHARSET=utf8 COLLATE=utf8_bin COMMENT='';

-- ----------------------------
-- Records of sys_area
-- ----------------------------
INSERT INTO `sys_area` VALUES ('1', '0', '0,', '', '10', '100000', '1', '1', '2013-05-27 08:00:00', '1', '2013-05-27 08:00:00', null, '0');
INSERT INTO `sys_area` VALUES ('2', '1', '0,1,', '', '20', '110000', '2', '1', '2013-05-27 08:00:00', '1', '2013-05-27 08:00:00', null, '0');
INSERT INTO `sys_area` VALUES ('3', '2', '0,1,2,', '', '30', '110101', '3', '1', '2013-05-27 08:00:00', '1', '2013-05-27 08:00:00', null, '0');
INSERT INTO `sys_area` VALUES ('4', '3', '0,1,2,3,', '', '40', '110102', '4', '1', '2013-05-27 08:00:00', '1', '2013-05-27 08:00:00', null, '0');
INSERT INTO `sys_area` VALUES ('5', '3', '0,1,2,3,', '', '50', '110104', '4', '1', '2013-05-27 08:00:00', '1', '2013-05-27 08:00:00', null, '0');
INSERT INTO `sys_area` VALUES ('6', '3', '0,1,2,3,', '', '60', '110105', '4', '1', '2013-05-27 08:00:00', '1', '2013-05-27 08:00:00', null, '0');

-- ----------------------------
-- Table structure for sys_dict
-- ----------------------------
DROP TABLE IF EXISTS `sys_dict`;
CREATE TABLE `sys_dict` (
  `id` varchar(64) COLLATE utf8_bin NOT NULL COMMENT '',
  `value` varchar(100) COLLATE utf8_bin NOT NULL COMMENT '',
  `label` varchar(100) COLLATE utf8_bin NOT NULL COMMENT '',
  `type` varchar(100) COLLATE utf8_bin NOT NULL COMMENT '',
  `description` varchar(100) COLLATE utf8_bin NOT NULL COMMENT '',
  `sort` decimal(10,0) NOT NULL COMMENT '',
  `parent_id` varchar(64) COLLATE utf8_bin DEFAULT '0' COMMENT '',
  `create_by` varchar(64) COLLATE utf8_bin NOT NULL COMMENT '',
  `create_date` datetime NOT NULL COMMENT '',
  `update_by` varchar(64) COLLATE utf8_bin NOT NULL COMMENT '',
  `update_date` datetime NOT NULL COMMENT '',
  `remarks` varchar(255) COLLATE utf8_bin DEFAULT NULL COMMENT '',
  `del_flag` char(1) COLLATE utf8_bin NOT NULL DEFAULT '0' COMMENT '',
  PRIMARY KEY (`id`),
  KEY `sys_dict_value` (`value`),
  KEY `sys_dict_label` (`label`),
  KEY `sys_dict_del_flag` (`del_flag`)
) ENGINE=InnoDB DEFAULT CHARSET=utf8 COLLATE=utf8_bin COMMENT='';

-- ----------------------------
-- Records of sys_dict
-- ----------------------------
INSERT INTO `sys_dict` VALUES ('1', '0', '', 'del_flag', '', '10', '0', '1', '2013-05-27 08:00:00', '1', '2013-05-27 08:00:00', null, '0');
INSERT INTO `sys_dict` VALUES ('10', 'yellow', '', 'color', '', '40', '0', '1', '2013-05-27 08:00:00', '1', '2013-05-27 08:00:00', null, '0');
INSERT INTO `sys_dict` VALUES ('100', 'java.util.Date', 'Date', 'gen_java_type', 'Java\0\0', '50', '0', '1', '2013-10-28 08:00:00', '1', '2013-10-28 08:00:00', null, '1');
INSERT INTO `sys_dict` VALUES ('101', 'com.thinkgem.jeesite.modules.sys.entity.User', 'User', 'gen_java_type', 'Java\0\0', '60', '0', '1', '2013-10-28 08:00:00', '1', '2013-10-28 08:00:00', null, '1');
INSERT INTO `sys_dict` VALUES ('102', 'com.thinkgem.jeesite.modules.sys.entity.Office', 'Office', 'gen_java_type', 'Java\0\0', '70', '0', '1', '2013-10-28 08:00:00', '1', '2013-10-28 08:00:00', null, '1');
INSERT INTO `sys_dict` VALUES ('103', 'com.thinkgem.jeesite.modules.sys.entity.Area', 'Area', 'gen_java_type', 'Java\0\0', '80', '0', '1', '2013-10-28 08:00:00', '1', '2013-10-28 08:00:00', null, '1');
INSERT INTO `sys_dict` VALUES ('104', 'Custom', 'Custom', 'gen_java_type', 'Java\0\0', '90', '0', '1', '2013-10-28 08:00:00', '1', '2013-10-28 08:00:00', null, '1');
INSERT INTO `sys_dict` VALUES ('105', '1', '\0\0\0\0', 'oa_notify_type', '', '10', '0', '1', '2013-11-08 08:00:00', '1', '2013-11-08 08:00:00', null, '0');
INSERT INTO `sys_dict` VALUES ('106', '2', '\0\0\0\0', 'oa_notify_type', '', '20', '0', '1', '2013-11-08 08:00:00', '1', '2013-11-08 08:00:00', null, '0');
INSERT INTO `sys_dict` VALUES ('107', '3', '\0\0\0\0', 'oa_notify_type', '', '30', '0', '1', '2013-11-08 08:00:00', '1', '2013-11-08 08:00:00', null, '0');
INSERT INTO `sys_dict` VALUES ('108', '0', '', 'oa_notify_status', '', '10', '0', '1', '2013-11-08 08:00:00', '1', '2013-11-08 08:00:00', null, '0');
INSERT INTO `sys_dict` VALUES ('109', '1', '', 'oa_notify_status', '', '20', '0', '1', '2013-11-08 08:00:00', '1', '2013-11-08 08:00:00', null, '0');
INSERT INTO `sys_dict` VALUES ('11', 'orange', '', 'color', '', '50', '0', '1', '2013-05-27 08:00:00', '1', '2013-05-27 08:00:00', null, '0');
INSERT INTO `sys_dict` VALUES ('110', '0', '', 'oa_notify_read', '', '10', '0', '1', '2013-11-08 08:00:00', '1', '2013-11-08 08:00:00', null, '0');
INSERT INTO `sys_dict` VALUES ('111', '1', '', 'oa_notify_read', '', '20', '0', '1', '2013-11-08 08:00:00', '1', '2013-11-08 08:00:00', null, '0');
INSERT INTO `sys_dict` VALUES ('12', 'default', '', 'theme', '', '10', '0', '1', '2013-05-27 08:00:00', '1', '2013-05-27 08:00:00', null, '0');
INSERT INTO `sys_dict` VALUES ('13', 'cerulean', '', 'theme', '', '20', '0', '1', '2013-05-27 08:00:00', '1', '2013-05-27 08:00:00', null, '0');
INSERT INTO `sys_dict` VALUES ('14', 'readable', '', 'theme', '', '30', '0', '1', '2013-05-27 08:00:00', '1', '2013-05-27 08:00:00', null, '0');
INSERT INTO `sys_dict` VALUES ('15', 'united', '', 'theme', '', '40', '0', '1', '2013-05-27 08:00:00', '1', '2013-05-27 08:00:00', null, '0');
INSERT INTO `sys_dict` VALUES ('16', 'flat', 'Flat', 'theme', '', '60', '0', '1', '2013-05-27 08:00:00', '1', '2013-05-27 08:00:00', null, '0');
INSERT INTO `sys_dict` VALUES ('17', '1', '', 'sys_area_type', '', '10', '0', '1', '2013-05-27 08:00:00', '1', '2013-05-27 08:00:00', null, '0');
INSERT INTO `sys_dict` VALUES ('18', '2', '', 'sys_area_type', '', '20', '0', '1', '2013-05-27 08:00:00', '1', '2013-05-27 08:00:00', null, '0');
INSERT INTO `sys_dict` VALUES ('19', '3', '', 'sys_area_type', '', '30', '0', '1', '2013-05-27 08:00:00', '1', '2013-05-27 08:00:00', null, '0');
INSERT INTO `sys_dict` VALUES ('2', '1', '', 'del_flag', '', '20', '0', '1', '2013-05-27 08:00:00', '1', '2013-05-27 08:00:00', null, '0');
INSERT INTO `sys_dict` VALUES ('20', '4', '', 'sys_area_type', '', '40', '0', '1', '2013-05-27 08:00:00', '1', '2013-05-27 08:00:00', null, '0');
INSERT INTO `sys_dict` VALUES ('21', '1', '', 'sys_office_type', '', '60', '0', '1', '2013-05-27 08:00:00', '1', '2013-05-27 08:00:00', null, '0');
INSERT INTO `sys_dict` VALUES ('22', '2', '', 'sys_office_type', '', '70', '0', '1', '2013-05-27 08:00:00', '1', '2013-05-27 08:00:00', null, '0');
INSERT INTO `sys_dict` VALUES ('23', '3', '', 'sys_office_type', '', '80', '0', '1', '2013-05-27 08:00:00', '1', '2013-05-27 08:00:00', null, '0');
INSERT INTO `sys_dict` VALUES ('24', '4', '', 'sys_office_type', '', '90', '0', '1', '2013-05-27 08:00:00', '1', '2013-05-27 08:00:00', null, '0');
INSERT INTO `sys_dict` VALUES ('25', '1', '', 'sys_office_common', '', '30', '0', '1', '2013-05-27 08:00:00', '1', '2013-05-27 08:00:00', null, '0');
INSERT INTO `sys_dict` VALUES ('26', '2', '', 'sys_office_common', '', '40', '0', '1', '2013-05-27 08:00:00', '1', '2013-05-27 08:00:00', null, '0');
INSERT INTO `sys_dict` VALUES ('27', '3', '', 'sys_office_common', '', '50', '0', '1', '2013-05-27 08:00:00', '1', '2013-05-27 08:00:00', null, '0');
INSERT INTO `sys_dict` VALUES ('28', '1', '', 'sys_office_grade', '', '10', '0', '1', '2013-05-27 08:00:00', '1', '2013-05-27 08:00:00', null, '0');
INSERT INTO `sys_dict` VALUES ('29', '2', '', 'sys_office_grade', '', '20', '0', '1', '2013-05-27 08:00:00', '1', '2013-05-27 08:00:00', null, '0');
INSERT INTO `sys_dict` VALUES ('3', '1', '', 'show_hide', '/', '10', '0', '1', '2013-05-27 08:00:00', '1', '2013-05-27 08:00:00', null, '0');
INSERT INTO `sys_dict` VALUES ('30', '3', '', 'sys_office_grade', '', '30', '0', '1', '2013-05-27 08:00:00', '1', '2013-05-27 08:00:00', null, '0');
INSERT INTO `sys_dict` VALUES ('31', '4', '', 'sys_office_grade', '', '40', '0', '1', '2013-05-27 08:00:00', '1', '2013-05-27 08:00:00', null, '0');
INSERT INTO `sys_dict` VALUES ('32', '1', '', 'sys_data_scope', '', '10', '0', '1', '2013-05-27 08:00:00', '1', '2013-05-27 08:00:00', null, '0');
INSERT INTO `sys_dict` VALUES ('33', '2', '', 'sys_data_scope', '', '20', '0', '1', '2013-05-27 08:00:00', '1', '2013-05-27 08:00:00', null, '0');
INSERT INTO `sys_dict` VALUES ('34', '3', '', 'sys_data_scope', '', '30', '0', '1', '2013-05-27 08:00:00', '1', '2013-05-27 08:00:00', null, '0');
INSERT INTO `sys_dict` VALUES ('35', '4', '', 'sys_data_scope', '', '40', '0', '1', '2013-05-27 08:00:00', '1', '2013-05-27 08:00:00', null, '0');
INSERT INTO `sys_dict` VALUES ('36', '5', '', 'sys_data_scope', '', '50', '0', '1', '2013-05-27 08:00:00', '1', '2013-05-27 08:00:00', null, '0');
INSERT INTO `sys_dict` VALUES ('37', '8', '', 'sys_data_scope', '', '90', '0', '1', '2013-05-27 08:00:00', '1', '2013-05-27 08:00:00', null, '0');
INSERT INTO `sys_dict` VALUES ('38', '9', '', 'sys_data_scope', '', '100', '0', '1', '2013-05-27 08:00:00', '1', '2013-05-27 08:00:00', null, '0');
INSERT INTO `sys_dict` VALUES ('39', '1', '', 'sys_user_type', '', '10', '0', '1', '2013-05-27 08:00:00', '1', '2013-05-27 08:00:00', null, '0');
INSERT INTO `sys_dict` VALUES ('4', '0', '', 'show_hide', '/', '20', '0', '1', '2013-05-27 08:00:00', '1', '2013-05-27 08:00:00', null, '0');
INSERT INTO `sys_dict` VALUES ('40', '2', '', 'sys_user_type', '', '20', '0', '1', '2013-05-27 08:00:00', '1', '2013-05-27 08:00:00', null, '0');
INSERT INTO `sys_dict` VALUES ('41', '3', '', 'sys_user_type', '', '30', '0', '1', '2013-05-27 08:00:00', '1', '2013-05-27 08:00:00', null, '0');
INSERT INTO `sys_dict` VALUES ('42', 'basic', '', 'cms_theme', '', '10', '0', '1', '2013-05-27 08:00:00', '1', '2013-05-27 08:00:00', null, '0');
INSERT INTO `sys_dict` VALUES ('43', 'blue', '', 'cms_theme', '', '20', '0', '1', '2013-05-27 08:00:00', '1', '2013-05-27 08:00:00', null, '1');
INSERT INTO `sys_dict` VALUES ('44', 'red', '', 'cms_theme', '', '30', '0', '1', '2013-05-27 08:00:00', '1', '2013-05-27 08:00:00', null, '1');
INSERT INTO `sys_dict` VALUES ('45', 'article', '', 'cms_module', '', '10', '0', '1', '2013-05-27 08:00:00', '1', '2013-05-27 08:00:00', null, '0');
INSERT INTO `sys_dict` VALUES ('46', 'picture', '', 'cms_module', '', '20', '0', '1', '2013-05-27 08:00:00', '1', '2013-05-27 08:00:00', null, '1');
INSERT INTO `sys_dict` VALUES ('47', 'download', '', 'cms_module', '', '30', '0', '1', '2013-05-27 08:00:00', '1', '2013-05-27 08:00:00', null, '1');
INSERT INTO `sys_dict` VALUES ('48', 'link', '', 'cms_module', '', '40', '0', '1', '2013-05-27 08:00:00', '1', '2013-05-27 08:00:00', null, '0');
INSERT INTO `sys_dict` VALUES ('49', 'special', '', 'cms_module', '', '50', '0', '1', '2013-05-27 08:00:00', '1', '2013-05-27 08:00:00', null, '1');
INSERT INTO `sys_dict` VALUES ('5', '1', '', 'yes_no', '/', '10', '0', '1', '2013-05-27 08:00:00', '1', '2013-05-27 08:00:00', null, '0');
INSERT INTO `sys_dict` VALUES ('50', '0', '', 'cms_show_modes', '', '10', '0', '1', '2013-05-27 08:00:00', '1', '2013-05-27 08:00:00', null, '0');
INSERT INTO `sys_dict` VALUES ('51', '1', '', 'cms_show_modes', '', '20', '0', '1', '2013-05-27 08:00:00', '1', '2013-05-27 08:00:00', null, '0');
INSERT INTO `sys_dict` VALUES ('52', '2', '', 'cms_show_modes', '', '30', '0', '1', '2013-05-27 08:00:00', '1', '2013-05-27 08:00:00', null, '0');
INSERT INTO `sys_dict` VALUES ('53', '0', '', 'cms_del_flag', '', '10', '0', '1', '2013-05-27 08:00:00', '1', '2013-05-27 08:00:00', null, '0');
INSERT INTO `sys_dict` VALUES ('54', '1', '', 'cms_del_flag', '', '20', '0', '1', '2013-05-27 08:00:00', '1', '2013-05-27 08:00:00', null, '0');
INSERT INTO `sys_dict` VALUES ('55', '2', '', 'cms_del_flag', '', '15', '0', '1', '2013-05-27 08:00:00', '1', '2013-05-27 08:00:00', null, '0');
INSERT INTO `sys_dict` VALUES ('56', '1', '', 'cms_posid', '', '10', '0', '1', '2013-05-27 08:00:00', '1', '2013-05-27 08:00:00', null, '0');
INSERT INTO `sys_dict` VALUES ('57', '2', '', 'cms_posid', '', '20', '0', '1', '2013-05-27 08:00:00', '1', '2013-05-27 08:00:00', null, '0');
INSERT INTO `sys_dict` VALUES ('58', '1', '', 'cms_guestbook', '', '10', '0', '1', '2013-05-27 08:00:00', '1', '2013-05-27 08:00:00', null, '0');
INSERT INTO `sys_dict` VALUES ('59', '2', '', 'cms_guestbook', '', '20', '0', '1', '2013-05-27 08:00:00', '1', '2013-05-27 08:00:00', null, '0');
INSERT INTO `sys_dict` VALUES ('6', '0', '', 'yes_no', '/', '20', '0', '1', '2013-05-27 08:00:00', '1', '2013-05-27 08:00:00', null, '0');
INSERT INTO `sys_dict` VALUES ('60', '3', '', 'cms_guestbook', '', '30', '0', '1', '2013-05-27 08:00:00', '1', '2013-05-27 08:00:00', null, '0');
INSERT INTO `sys_dict` VALUES ('61', '4', '', 'cms_guestbook', '', '40', '0', '1', '2013-05-27 08:00:00', '1', '2013-05-27 08:00:00', null, '0');
INSERT INTO `sys_dict` VALUES ('62', '1', '', 'oa_leave_type', '', '10', '0', '1', '2013-05-27 08:00:00', '1', '2013-05-27 08:00:00', null, '0');
INSERT INTO `sys_dict` VALUES ('63', '2', '', 'oa_leave_type', '', '20', '0', '1', '2013-05-27 08:00:00', '1', '2013-05-27 08:00:00', null, '0');
INSERT INTO `sys_dict` VALUES ('64', '3', '', 'oa_leave_type', '', '30', '0', '1', '2013-05-27 08:00:00', '1', '2013-05-27 08:00:00', null, '0');
INSERT INTO `sys_dict` VALUES ('65', '4', '', 'oa_leave_type', '', '40', '0', '1', '2013-05-27 08:00:00', '1', '2013-05-27 08:00:00', null, '0');
INSERT INTO `sys_dict` VALUES ('66', '5', '', 'oa_leave_type', '', '60', '0', '1', '2013-05-27 08:00:00', '1', '2013-05-27 08:00:00', null, '0');
INSERT INTO `sys_dict` VALUES ('67', '1', '', 'sys_log_type', '', '30', '0', '1', '2013-06-03 08:00:00', '1', '2013-06-03 08:00:00', null, '0');
INSERT INTO `sys_dict` VALUES ('68', '2', '', 'sys_log_type', '', '40', '0', '1', '2013-06-03 08:00:00', '1', '2013-06-03 08:00:00', null, '0');
INSERT INTO `sys_dict` VALUES ('69', 'leave', '', 'act_type', '', '10', '0', '1', '2013-06-03 08:00:00', '1', '2013-06-03 08:00:00', null, '0');
INSERT INTO `sys_dict` VALUES ('7', 'red', '', 'color', '', '10', '0', '1', '2013-05-27 08:00:00', '1', '2013-05-27 08:00:00', null, '0');
INSERT INTO `sys_dict` VALUES ('70', 'test_audit', '', 'act_type', '', '20', '0', '1', '2013-06-03 08:00:00', '1', '2013-06-03 08:00:00', null, '0');
INSERT INTO `sys_dict` VALUES ('71', '1', '1', 'act_category', '', '10', '0', '1', '2013-06-03 08:00:00', '1', '2013-06-03 08:00:00', null, '0');
INSERT INTO `sys_dict` VALUES ('72', '2', '2', 'act_category', '', '20', '0', '1', '2013-06-03 08:00:00', '1', '2013-06-03 08:00:00', null, '0');
INSERT INTO `sys_dict` VALUES ('73', 'crud', '', 'gen_category', '', '10', '0', '1', '2013-10-28 08:00:00', '1', '2013-10-28 08:00:00', null, '1');
INSERT INTO `sys_dict` VALUES ('74', 'crud_many', '', 'gen_category', '', '20', '0', '1', '2013-10-28 08:00:00', '1', '2013-10-28 08:00:00', null, '1');
INSERT INTO `sys_dict` VALUES ('75', 'tree', '', 'gen_category', '', '30', '0', '1', '2013-10-28 08:00:00', '1', '2013-10-28 08:00:00', null, '1');
INSERT INTO `sys_dict` VALUES ('76', '=', '=', 'gen_query_type', '', '10', '0', '1', '2013-10-28 08:00:00', '1', '2013-10-28 08:00:00', null, '1');
INSERT INTO `sys_dict` VALUES ('77', '!=', '!=', 'gen_query_type', '', '20', '0', '1', '2013-10-28 08:00:00', '1', '2013-10-28 08:00:00', null, '1');
INSERT INTO `sys_dict` VALUES ('78', '&gt;', '&gt;', 'gen_query_type', '', '30', '0', '1', '2013-10-28 08:00:00', '1', '2013-10-28 08:00:00', null, '1');
INSERT INTO `sys_dict` VALUES ('79', '&lt;', '&lt;', 'gen_query_type', '', '40', '0', '1', '2013-10-28 08:00:00', '1', '2013-10-28 08:00:00', null, '1');
INSERT INTO `sys_dict` VALUES ('8', 'green', '', 'color', '', '20', '0', '1', '2013-05-27 08:00:00', '1', '2013-05-27 08:00:00', null, '0');
INSERT INTO `sys_dict` VALUES ('80', 'between', 'Between', 'gen_query_type', '', '50', '0', '1', '2013-10-28 08:00:00', '1', '2013-10-28 08:00:00', null, '1');
INSERT INTO `sys_dict` VALUES ('81', 'like', 'Like', 'gen_query_type', '', '60', '0', '1', '2013-10-28 08:00:00', '1', '2013-10-28 08:00:00', null, '1');
INSERT INTO `sys_dict` VALUES ('82', 'left_like', 'Left Like', 'gen_query_type', '', '70', '0', '1', '2013-10-28 08:00:00', '1', '2013-10-28 08:00:00', null, '1');
INSERT INTO `sys_dict` VALUES ('83', 'right_like', 'Right Like', 'gen_query_type', '', '80', '0', '1', '2013-10-28 08:00:00', '1', '2013-10-28 08:00:00', null, '1');
INSERT INTO `sys_dict` VALUES ('84', 'input', '', 'gen_show_type', '', '10', '0', '1', '2013-10-28 08:00:00', '1', '2013-10-28 08:00:00', null, '1');
INSERT INTO `sys_dict` VALUES ('85', 'textarea', '', 'gen_show_type', '', '20', '0', '1', '2013-10-28 08:00:00', '1', '2013-10-28 08:00:00', null, '1');
INSERT INTO `sys_dict` VALUES ('86', 'select', '', 'gen_show_type', '', '30', '0', '1', '2013-10-28 08:00:00', '1', '2013-10-28 08:00:00', null, '1');
INSERT INTO `sys_dict` VALUES ('87', 'checkbox', '', 'gen_show_type', '', '40', '0', '1', '2013-10-28 08:00:00', '1', '2013-10-28 08:00:00', null, '1');
INSERT INTO `sys_dict` VALUES ('88', 'radiobox', '', 'gen_show_type', '', '50', '0', '1', '2013-10-28 08:00:00', '1', '2013-10-28 08:00:00', null, '1');
INSERT INTO `sys_dict` VALUES ('89', 'dateselect', '', 'gen_show_type', '', '60', '0', '1', '2013-10-28 08:00:00', '1', '2013-10-28 08:00:00', null, '1');
INSERT INTO `sys_dict` VALUES ('9', 'blue', '', 'color', '', '30', '0', '1', '2013-05-27 08:00:00', '1', '2013-05-27 08:00:00', null, '0');
INSERT INTO `sys_dict` VALUES ('90', 'userselect', '\0', 'gen_show_type', '', '70', '0', '1', '2013-10-28 08:00:00', '1', '2013-10-28 08:00:00', null, '1');
INSERT INTO `sys_dict` VALUES ('91', 'officeselect', '', 'gen_show_type', '', '80', '0', '1', '2013-10-28 08:00:00', '1', '2013-10-28 08:00:00', null, '1');
INSERT INTO `sys_dict` VALUES ('92', 'areaselect', '', 'gen_show_type', '', '90', '0', '1', '2013-10-28 08:00:00', '1', '2013-10-28 08:00:00', null, '1');
INSERT INTO `sys_dict` VALUES ('93', 'String', 'String', 'gen_java_type', 'Java', '10', '0', '1', '2013-10-28 08:00:00', '1', '2013-10-28 08:00:00', null, '1');
INSERT INTO `sys_dict` VALUES ('94', 'Long', 'Long', 'gen_java_type', 'Java', '20', '0', '1', '2013-10-28 08:00:00', '1', '2013-10-28 08:00:00', null, '1');
INSERT INTO `sys_dict` VALUES ('95', 'dao', '', 'gen_category', '\0\0\0\0\0\0', '40', '0', '1', '2013-10-28 08:00:00', '1', '2013-10-28 08:00:00', null, '1');
INSERT INTO `sys_dict` VALUES ('96', '1', '', 'sex', '', '10', '0', '1', '2013-10-28 08:00:00', '1', '2013-10-28 08:00:00', null, '0');
INSERT INTO `sys_dict` VALUES ('97', '2', '', 'sex', '', '20', '0', '1', '2013-10-28 08:00:00', '1', '2013-10-28 08:00:00', null, '0');
INSERT INTO `sys_dict` VALUES ('98', 'Integer', 'Integer', 'gen_java_type', 'Java\0\0', '30', '0', '1', '2013-10-28 08:00:00', '1', '2013-10-28 08:00:00', null, '1');
INSERT INTO `sys_dict` VALUES ('99', 'Double', 'Double', 'gen_java_type', 'Java\0\0', '40', '0', '1', '2013-10-28 08:00:00', '1', '2013-10-28 08:00:00', null, '1');

-- ----------------------------
-- Table structure for sys_log
-- ----------------------------
DROP TABLE IF EXISTS `sys_log`;
CREATE TABLE `sys_log` (
  `id` varchar(64) COLLATE utf8_bin NOT NULL COMMENT '',
  `type` char(1) COLLATE utf8_bin DEFAULT '1' COMMENT '',
  `title` varchar(255) COLLATE utf8_bin DEFAULT '' COMMENT '',
  `create_by` varchar(64) COLLATE utf8_bin DEFAULT NULL COMMENT '',
  `create_date` datetime DEFAULT NULL COMMENT '',
  `remote_addr` varchar(255) COLLATE utf8_bin DEFAULT NULL COMMENT 'IP',
  `user_agent` varchar(255) COLLATE utf8_bin DEFAULT NULL COMMENT '',
  `request_uri` varchar(255) COLLATE utf8_bin DEFAULT NULL COMMENT 'URI',
  `method` varchar(5) COLLATE utf8_bin DEFAULT NULL COMMENT '',
  `params` text COLLATE utf8_bin COMMENT '',
  `exception` text COLLATE utf8_bin COMMENT '',
  PRIMARY KEY (`id`),
  KEY `sys_log_create_by` (`create_by`),
  KEY `sys_log_request_uri` (`request_uri`),
  KEY `sys_log_type` (`type`),
  KEY `sys_log_create_date` (`create_date`)
) ENGINE=InnoDB DEFAULT CHARSET=utf8 COLLATE=utf8_bin COMMENT='';

-- ----------------------------
-- Records of sys_log
-- ----------------------------
INSERT INTO `sys_log` VALUES ('00e18b0b25c3449790eb1365f038d463', '1', '--', '1', '2017-04-30 17:36:08', '0:0:0:0:0:0:0:1', 'Mozilla/5.0 (Windows NT 10.0; WOW64) AppleWebKit/537.36 (KHTML, like Gecko) Chrome/57.0.2987.133 Safari/537.36', '/AirMonitor/a/air/tbAirQuality', 'GET', '', '');
INSERT INTO `sys_log` VALUES ('01100e0f124f43a8a796160779d442f9', '1', '--', '1', '2017-04-28 10:14:24', '0:0:0:0:0:0:0:1', 'Mozilla/5.0 (Windows NT 10.0; WOW64) AppleWebKit/537.36 (KHTML, like Gecko) Chrome/57.0.2987.133 Safari/537.36', '/AirMonitor/a/air/tbAirQuality', 'GET', '', '');
INSERT INTO `sys_log` VALUES ('013c126e96004ee4b73c9461ef2bce97', '1', '--', 'fdbbca469d8441fb855e1018510e32f2', '2017-05-02 13:17:00', '0:0:0:0:0:0:0:1', 'Mozilla/5.0 (Windows NT 10.0; WOW64) AppleWebKit/537.36 (KHTML, like Gecko) Chrome/57.0.2987.133 Safari/537.36', '/AirMonitor/a/sys/user/index', 'GET', '', '');
INSERT INTO `sys_log` VALUES ('01bdb2b893514e09824a22f96d1a5a8d', '1', '--', '1', '2017-05-16 11:24:45', '0:0:0:0:0:0:0:1', 'Mozilla/5.0 (Windows NT 10.0; WOW64) AppleWebKit/537.36 (KHTML, like Gecko) Chrome/58.0.3029.110 Safari/537.36', '/AirMonitor/a/sys/menu/', 'GET', '', '');
INSERT INTO `sys_log` VALUES ('01e77ad352754895aac95204ece2947d', '1', '--', 'fdbbca469d8441fb855e1018510e32f2', '2017-05-16 11:37:48', '0:0:0:0:0:0:0:1', 'Mozilla/5.0 (Windows NT 10.0; WOW64) AppleWebKit/537.36 (KHTML, like Gecko) Chrome/58.0.3029.110 Safari/537.36', '/AirMonitor/a/sys/role/', 'GET', '', '');
INSERT INTO `sys_log` VALUES ('02d721f621b140b78850a6c3b6fc079d', '1', '---', 'fdbbca469d8441fb855e1018510e32f2', '2017-04-30 22:02:42', '0:0:0:0:0:0:0:1', 'Mozilla/5.0 (Windows NT 10.0; WOW64) AppleWebKit/537.36 (KHTML, like Gecko) Chrome/57.0.2987.133 Safari/537.36', '/AirMonitor/a/sys/user/list', 'GET', '', '');
INSERT INTO `sys_log` VALUES ('02eb8d5da6224e9b9608e93c1a981051', '1', '--', '1', '2017-05-16 11:29:20', '0:0:0:0:0:0:0:1', 'Mozilla/5.0 (Windows NT 10.0; WOW64) AppleWebKit/537.36 (KHTML, like Gecko) Chrome/58.0.3029.110 Safari/537.36', '/AirMonitor/a/sys/menu/', 'GET', '', '');
INSERT INTO `sys_log` VALUES ('02f0e34d376141609fd483d680942a27', '1', '--', '1', '2017-04-30 16:34:57', '0:0:0:0:0:0:0:1', 'Mozilla/5.0 (Windows NT 10.0; WOW64) AppleWebKit/537.36 (KHTML, like Gecko) Chrome/57.0.2987.133 Safari/537.36', '/AirMonitor/a/air/tbAirQuality', 'GET', '', '');
INSERT INTO `sys_log` VALUES ('030b41bffb4e475899a8a4b822796464', '1', '---', '1', '2017-05-16 11:38:13', '0:0:0:0:0:0:0:1', 'Mozilla/5.0 (Windows NT 10.0; WOW64) AppleWebKit/537.36 (KHTML, like Gecko) Chrome/58.0.3029.110 Safari/537.36', '/AirMonitor/a/sys/menu/save', 'POST', 0x69643D26706172656E742E69643D3126706172656E742E6E616D653DE58A9FE883BDE88F9CE58D95266E616D653DE88A82E782B9E7AEA1E7908626687265663D267461726765743D2669636F6E3D26736F72743D3531353026697353686F773D31267065726D697373696F6E3D2672656D61726B733D, '');
INSERT INTO `sys_log` VALUES ('032a97f42ae54be28ac1543e7d359f0b', '1', '---', '1', '2017-03-28 22:04:33', '0:0:0:0:0:0:0:1', 'Mozilla/5.0 (Windows NT 6.1; Win64; x64) AppleWebKit/537.36 (KHTML, like Gecko) Chrome/57.0.2987.110 Safari/537.36', '/jeesite/a/cms/article/', 'GET', 0x63617465676F72792E69643D33, '');
INSERT INTO `sys_log` VALUES ('03a51ef8fdae478e8c999cb75577df24', '1', '--', 'fdbbca469d8441fb855e1018510e32f2', '2017-05-02 13:31:28', '0:0:0:0:0:0:0:1', 'Mozilla/5.0 (Windows NT 10.0; WOW64) AppleWebKit/537.36 (KHTML, like Gecko) Chrome/57.0.2987.133 Safari/537.36', '/AirMonitor/a/sys/user/index', 'GET', '', '');
INSERT INTO `sys_log` VALUES ('03c176857b1549c3837220e10487eb72', '1', '--', '1', '2017-05-16 11:16:23', '0:0:0:0:0:0:0:1', 'Mozilla/5.0 (Windows NT 10.0; WOW64) AppleWebKit/537.36 (KHTML, like Gecko) Chrome/58.0.3029.110 Safari/537.36', '/AirMonitor/a/air/tbAirQuality', 'GET', '', '');
INSERT INTO `sys_log` VALUES ('05345821a5de4da3a69be8bf0cecabb0', '1', '--', '1', '2017-03-28 22:11:19', '0:0:0:0:0:0:0:1', 'Mozilla/5.0 (Windows NT 6.1; Win64; x64) AppleWebKit/537.36 (KHTML, like Gecko) Chrome/57.0.2987.110 Safari/537.36', '/jeesite/a/sys/user/modifyPwd', 'GET', '', '');
INSERT INTO `sys_log` VALUES ('055a5da3800e4f55ae968ea99537be8f', '1', '', '1', '2017-04-27 09:46:36', '0:0:0:0:0:0:0:1', 'Mozilla/5.0 (Windows NT 10.0; WOW64) AppleWebKit/537.36 (KHTML, like Gecko) Chrome/57.0.2987.133 Safari/537.36', '/AirMonitor/a', 'GET', 0x6C6F67696E3D, '');
INSERT INTO `sys_log` VALUES ('06148955acae4e47a18f1194f9f457fb', '1', '---', '1', '2017-04-30 16:35:27', '0:0:0:0:0:0:0:1', 'Mozilla/5.0 (Windows NT 10.0; WOW64) AppleWebKit/537.36 (KHTML, like Gecko) Chrome/57.0.2987.133 Safari/537.36', '/AirMonitor/a/sys/user/list', 'GET', '', '');
INSERT INTO `sys_log` VALUES ('06d2856a98df4b3a857a7b1965dddc49', '1', '---', '1', '2017-03-28 22:17:58', '0:0:0:0:0:0:0:1', 'Mozilla/5.0 (Windows NT 6.1; Win64; x64) AppleWebKit/537.36 (KHTML, like Gecko) Chrome/57.0.2987.110 Safari/537.36', '/jeesite/a/sys/user/list', 'GET', 0x7265706167653D, '');
INSERT INTO `sys_log` VALUES ('06dd85395ac4498bb8bf6ad49072cf21', '1', '---', '1', '2017-05-16 11:32:42', '0:0:0:0:0:0:0:1', 'Mozilla/5.0 (Windows NT 10.0; WOW64) AppleWebKit/537.36 (KHTML, like Gecko) Chrome/58.0.3029.110 Safari/537.36', '/AirMonitor/a/sys/menu/form', 'GET', 0x706172656E742E69643D6433396530656135633839343430353361306562656231623865396537376163, '');
INSERT INTO `sys_log` VALUES ('075d9118cb464e9696d9158ff803a916', '1', '--', '1', '2017-04-30 16:52:29', '0:0:0:0:0:0:0:1', 'Mozilla/5.0 (Windows NT 10.0; WOW64) AppleWebKit/537.36 (KHTML, like Gecko) Chrome/57.0.2987.133 Safari/537.36', '/AirMonitor/a/sys/user/info', 'GET', '', '');
INSERT INTO `sys_log` VALUES ('0783e68d614340a8a33cde89f015692c', '1', '-', '1', '2017-04-30 21:50:08', '0:0:0:0:0:0:0:1', 'Mozilla/5.0 (Windows NT 10.0; WOW64) AppleWebKit/537.36 (KHTML, like Gecko) Chrome/57.0.2987.133 Safari/537.36', '/AirMonitor/a/cms/none', 'GET', '', '');
INSERT INTO `sys_log` VALUES ('088a211a535647bd9fe950059f3512f2', '1', '---', '1', '2017-05-16 11:35:32', '0:0:0:0:0:0:0:1', 'Mozilla/5.0 (Windows NT 10.0; WOW64) AppleWebKit/537.36 (KHTML, like Gecko) Chrome/58.0.3029.110 Safari/537.36', '/AirMonitor/a/sys/user/list', 'GET', '', '');
INSERT INTO `sys_log` VALUES ('08e3be6a321b442f824e2fc7fbf112d4', '1', '---', '1', '2017-03-28 22:04:15', '0:0:0:0:0:0:0:1', 'Mozilla/5.0 (Windows NT 6.1; Win64; x64) AppleWebKit/537.36 (KHTML, like Gecko) Chrome/57.0.2987.110 Safari/537.36', '/jeesite/a/cms/article/', 'GET', 0x63617465676F72792E69643D37, '');
INSERT INTO `sys_log` VALUES ('094bed7165e74e7b870ae3247a561f4c', '1', '---', '1', '2017-05-16 11:35:18', '0:0:0:0:0:0:0:1', 'Mozilla/5.0 (Windows NT 10.0; WOW64) AppleWebKit/537.36 (KHTML, like Gecko) Chrome/58.0.3029.110 Safari/537.36', '/AirMonitor/a/sys/menu/save', 'POST', 0x69643D26706172656E742E69643D643339653065613563383934343035336130656265623162386539653737616326706172656E742E6E616D653DE58E86E58FB2E695B0E68DAEE588A0E999A4266E616D653DE6B8A9E6B9BFE5BAA6E69FA5E8AFA226687265663D2F6169722F746254656D7048756D2F6C69737444656C267461726765743D2669636F6E3D26736F72743D31383026697353686F773D31267065726D697373696F6E3D6169723A746254656D7048756D3A766965772C6169723A746254656D7048756D3A656469742672656D61726B733D, '');
INSERT INTO `sys_log` VALUES ('09bedad3182140a3ab6b16081f9bb979', '1', '--', '1', '2017-04-30 21:50:08', '0:0:0:0:0:0:0:1', 'Mozilla/5.0 (Windows NT 10.0; WOW64) AppleWebKit/537.36 (KHTML, like Gecko) Chrome/57.0.2987.133 Safari/537.36', '/AirMonitor/a/cms/', 'GET', '', '');
INSERT INTO `sys_log` VALUES ('09dc577e3830457ba76196b577916495', '1', '--', '1', '2017-04-30 16:41:38', '0:0:0:0:0:0:0:1', 'Mozilla/5.0 (Windows NT 10.0; WOW64) AppleWebKit/537.36 (KHTML, like Gecko) Chrome/57.0.2987.133 Safari/537.36', '/AirMonitor/a/air/tbAirQuality', 'GET', '', '');
INSERT INTO `sys_log` VALUES ('0a1de672ac734355b98e0f356f2de0cb', '1', '---', '1', '2017-05-16 11:38:23', '0:0:0:0:0:0:0:1', 'Mozilla/5.0 (Windows NT 10.0; WOW64) AppleWebKit/537.36 (KHTML, like Gecko) Chrome/58.0.3029.110 Safari/537.36', '/AirMonitor/a/sys/menu/form', 'GET', 0x706172656E742E69643D6135373931386566306666323437666638323236336530323462333832363565, '');
INSERT INTO `sys_log` VALUES ('0abcf6bd291c4a35b07d7807c39b0d9c', '1', '--', '1', '2017-05-16 11:16:06', '0:0:0:0:0:0:0:1', 'Mozilla/5.0 (Windows NT 10.0; WOW64) AppleWebKit/537.36 (KHTML, like Gecko) Chrome/58.0.3029.110 Safari/537.36', '/AirMonitor/a/sys/menu/', 'GET', '', '');
INSERT INTO `sys_log` VALUES ('0afcf4ddb986479c8cd97b6f34825bb8', '1', '--', 'fdbbca469d8441fb855e1018510e32f2', '2017-05-02 13:25:54', '0:0:0:0:0:0:0:1', 'Mozilla/5.0 (Windows NT 10.0; WOW64) AppleWebKit/537.36 (KHTML, like Gecko) Chrome/57.0.2987.133 Safari/537.36', '/AirMonitor/a/sys/user/index', 'GET', '', '');
INSERT INTO `sys_log` VALUES ('0bddebf4cb5d4dba9e4bff1687391683', '1', '--', '1', '2017-05-16 11:30:36', '0:0:0:0:0:0:0:1', 'Mozilla/5.0 (Windows NT 10.0; WOW64) AppleWebKit/537.36 (KHTML, like Gecko) Chrome/58.0.3029.110 Safari/537.36', '/AirMonitor/a/air/tbCO', 'GET', '', '');
INSERT INTO `sys_log` VALUES ('0e2dbb54cca049cab80950f818f2789f', '1', '--', '1', '2017-05-16 11:24:42', '0:0:0:0:0:0:0:1', 'Mozilla/5.0 (Windows NT 10.0; WOW64) AppleWebKit/537.36 (KHTML, like Gecko) Chrome/58.0.3029.110 Safari/537.36', '/AirMonitor/a/sys/user/index', 'GET', '', '');
INSERT INTO `sys_log` VALUES ('0e56f43b4b7f42e0b0604bbcfc9cfa20', '1', '--', '1', '2017-05-16 11:30:47', '0:0:0:0:0:0:0:1', 'Mozilla/5.0 (Windows NT 10.0; WOW64) AppleWebKit/537.36 (KHTML, like Gecko) Chrome/58.0.3029.110 Safari/537.36', '/AirMonitor/a/air/tbSO2', 'GET', '', '');
INSERT INTO `sys_log` VALUES ('0eb7c9995b7644d4b7a9f779716c990c', '1', '', 'fdbbca469d8441fb855e1018510e32f2', '2017-05-02 10:29:18', '0:0:0:0:0:0:0:1', 'Mozilla/5.0 (Windows NT 10.0; Win64; x64) AppleWebKit/537.36 (KHTML, like Gecko) Chrome/52.0.2743.116 Safari/537.36 Edge/15.15063', '/AirMonitor/a', 'GET', 0x6C6F67696E3D, '');
INSERT INTO `sys_log` VALUES ('0f62a1e5d5794e72a88ad47c301a6f2c', '1', '---', '1', '2017-05-16 11:16:04', '0:0:0:0:0:0:0:1', 'Mozilla/5.0 (Windows NT 10.0; WOW64) AppleWebKit/537.36 (KHTML, like Gecko) Chrome/58.0.3029.110 Safari/537.36', '/AirMonitor/a/sys/user/list', 'GET', '', '');
INSERT INTO `sys_log` VALUES ('0fe41500aa254875bd3d44f594b41c0d', '1', '--', '1', '2017-03-28 22:14:21', '0:0:0:0:0:0:0:1', 'Mozilla/5.0 (Windows NT 6.1; Win64; x64) AppleWebKit/537.36 (KHTML, like Gecko) Chrome/57.0.2987.110 Safari/537.36', '/jeesite/a/sys/menu/', 'GET', '', '');
INSERT INTO `sys_log` VALUES ('10930fba858640159a5911f24ee4e99d', '1', '--', '1', '2017-04-30 16:31:04', '0:0:0:0:0:0:0:1', 'Mozilla/5.0 (Windows NT 10.0; WOW64) AppleWebKit/537.36 (KHTML, like Gecko) Chrome/57.0.2987.133 Safari/537.36', '/AirMonitor/a/air/tbAirQuality', 'GET', '', '');
INSERT INTO `sys_log` VALUES ('10d4463e1c5940be994b1a7d78d90078', '1', '---', 'fdbbca469d8441fb855e1018510e32f2', '2017-04-30 21:57:55', '0:0:0:0:0:0:0:1', 'Mozilla/5.0 (Windows NT 10.0; WOW64) AppleWebKit/537.36 (KHTML, like Gecko) Chrome/57.0.2987.133 Safari/537.36', '/AirMonitor/a/sys/role/form', 'GET', '', '');
INSERT INTO `sys_log` VALUES ('11136966fc054fdda2ed6af68f1c6771', '1', '---', '1', '2017-05-16 11:31:51', '0:0:0:0:0:0:0:1', 'Mozilla/5.0 (Windows NT 10.0; WOW64) AppleWebKit/537.36 (KHTML, like Gecko) Chrome/58.0.3029.110 Safari/537.36', '/AirMonitor/a/sys/menu/save', 'POST', 0x69643D26706172656E742E69643D643339653065613563383934343035336130656265623162386539653737616326706172656E742E6E616D653DE58E86E58FB2E695B0E68DAEE588A0E999A4266E616D653DE4BA8CE6B0A7E58C96E7A2B3E588A0E999A426687265663D2F6169722F7462434F322F6C69736544656C267461726765743D2669636F6E3D26736F72743D333026697353686F773D31267065726D697373696F6E3D6169723A7462434F323A766965772C6169723A7462434F323A656469742672656D61726B733D, '');
INSERT INTO `sys_log` VALUES ('1128b12c7b764d12b7f6f55b138d1f65', '1', '---', '1', '2017-03-28 22:04:23', '0:0:0:0:0:0:0:1', 'Mozilla/5.0 (Windows NT 6.1; Win64; x64) AppleWebKit/537.36 (KHTML, like Gecko) Chrome/57.0.2987.110 Safari/537.36', '/jeesite/a/cms/article/', 'GET', 0x63617465676F72792E69643D35, '');
INSERT INTO `sys_log` VALUES ('117902e1083040cda282b077b07d3398', '1', '---', '1', '2017-03-28 22:13:01', '0:0:0:0:0:0:0:1', 'Mozilla/5.0 (Windows NT 6.1; Win64; x64) AppleWebKit/537.36 (KHTML, like Gecko) Chrome/57.0.2987.110 Safari/537.36', '/jeesite/a/sys/menu/save', 'POST', 0x69643D323726706172656E742E69643D3126706172656E742E6E616D653DE58A9FE883BDE88F9CE58D95266E616D653DE4B8AAE4BABAE4BFA1E681AF26687265663D267461726765743D2669636F6E3D26736F72743D31303026697353686F773D31267065726D697373696F6E3D2672656D61726B733D, '');
INSERT INTO `sys_log` VALUES ('11db897d71aa4b0aa9e6e1ae140def79', '1', '--', '1', '2017-03-28 22:03:52', '0:0:0:0:0:0:0:1', 'Mozilla/5.0 (Windows NT 6.1; Win64; x64) AppleWebKit/537.36 (KHTML, like Gecko) Chrome/57.0.2987.110 Safari/537.36', '/jeesite/a/sys/user/info', 'GET', '', '');
INSERT INTO `sys_log` VALUES ('122ef7c8e2154062ba4f92e4e3a1d5e9', '1', '--', '1', '2017-04-27 09:56:54', '127.0.0.1', 'Mozilla/5.0 (Windows NT 10.0; WOW64) AppleWebKit/537.36 (KHTML, like Gecko) Chrome/57.0.2987.133 Safari/537.36', '/AirMonitor/a/sys/user/info', 'GET', '', '');
INSERT INTO `sys_log` VALUES ('12e63f0425ec4987bbce89becd387455', '1', '--', '1', '2017-04-30 16:40:56', '0:0:0:0:0:0:0:1', 'Mozilla/5.0 (Windows NT 10.0; WOW64) AppleWebKit/537.36 (KHTML, like Gecko) Chrome/57.0.2987.133 Safari/537.36', '/AirMonitor/a/sys/user/info', 'GET', '', '');
INSERT INTO `sys_log` VALUES ('134ca233b12846a1b8c7a99618465749', '1', '--', '1', '2017-04-27 10:11:12', '0:0:0:0:0:0:0:1', 'Mozilla/5.0 (Windows NT 10.0; WOW64) AppleWebKit/537.36 (KHTML, like Gecko) Chrome/57.0.2987.133 Safari/537.36', '/AirMonitor/a/gen/genTable', 'GET', '', '');
INSERT INTO `sys_log` VALUES ('135d67eb10294b92b056527ffb819caa', '1', '--', 'fdbbca469d8441fb855e1018510e32f2', '2017-04-30 21:59:08', '0:0:0:0:0:0:0:1', 'Mozilla/5.0 (Windows NT 10.0; WOW64) AppleWebKit/537.36 (KHTML, like Gecko) Chrome/57.0.2987.133 Safari/537.36', '/AirMonitor/a/sys/role/', 'GET', 0x7265706167653D, '');
INSERT INTO `sys_log` VALUES ('137a1eb0efe3487eb1cc1a4592e9019a', '1', '--', '1', '2017-04-30 21:50:13', '0:0:0:0:0:0:0:1', 'Mozilla/5.0 (Windows NT 10.0; WOW64) AppleWebKit/537.36 (KHTML, like Gecko) Chrome/57.0.2987.133 Safari/537.36', '/AirMonitor/a/sys/user/index', 'GET', '', '');
INSERT INTO `sys_log` VALUES ('14f3316e73c444f6afb766223689cf4b', '1', '-', '1', '2017-04-30 21:50:09', '0:0:0:0:0:0:0:1', 'Mozilla/5.0 (Windows NT 10.0; WOW64) AppleWebKit/537.36 (KHTML, like Gecko) Chrome/57.0.2987.133 Safari/537.36', '/AirMonitor/a/cms/tree', 'GET', '', '');
INSERT INTO `sys_log` VALUES ('14fe696d79004f9e9c1ab14a89f21585', '1', '--', '1', '2017-04-30 21:54:45', '0:0:0:0:0:0:0:1', 'Mozilla/5.0 (Windows NT 10.0; WOW64) AppleWebKit/537.36 (KHTML, like Gecko) Chrome/57.0.2987.133 Safari/537.36', '/AirMonitor/a/sys/role/', 'GET', 0x7265706167653D, '');
INSERT INTO `sys_log` VALUES ('15b6314b5e354d569d7969c08fe0f4da', '1', '---', '1', '2017-03-28 22:16:02', '0:0:0:0:0:0:0:1', 'Mozilla/5.0 (Windows NT 6.1; Win64; x64) AppleWebKit/537.36 (KHTML, like Gecko) Chrome/57.0.2987.110 Safari/537.36', '/jeesite/a/sys/user/delete', 'GET', 0x69643D3130, '');
INSERT INTO `sys_log` VALUES ('15c6aa092b894e2f8e5b9006a7d92dfb', '1', '--', '1', '2017-04-28 10:12:57', '0:0:0:0:0:0:0:1', 'Mozilla/5.0 (Windows NT 10.0; WOW64) AppleWebKit/537.36 (KHTML, like Gecko) Chrome/57.0.2987.133 Safari/537.36', '/AirMonitor/a/sys/user/info', 'GET', '', '');
INSERT INTO `sys_log` VALUES ('1671cb96c0f34ec8b536c195356153c1', '1', '--', '1', '2017-03-28 22:03:50', '0:0:0:0:0:0:0:1', 'Mozilla/5.0 (Windows NT 6.1; Win64; x64) AppleWebKit/537.36 (KHTML, like Gecko) Chrome/57.0.2987.110 Safari/537.36', '/jeesite/a/sys/user/info', 'GET', '', '');
INSERT INTO `sys_log` VALUES ('169da71f25714373a8db239b7705ea85', '1', '--', '1', '2017-04-30 21:50:17', '0:0:0:0:0:0:0:1', 'Mozilla/5.0 (Windows NT 10.0; WOW64) AppleWebKit/537.36 (KHTML, like Gecko) Chrome/57.0.2987.133 Safari/537.36', '/AirMonitor/a/sys/user/info', 'GET', '', '');
INSERT INTO `sys_log` VALUES ('16ee9fd3cecb46f68eb85cb7d0f55734', '1', '-PM2.5-PM2.5', '1', '2017-04-27 09:58:22', '127.0.0.1', 'Mozilla/5.0 (Windows NT 10.0; WOW64) AppleWebKit/537.36 (KHTML, like Gecko) Chrome/57.0.2987.133 Safari/537.36', '/AirMonitor/a/air/tbPm25', 'GET', '', '');
INSERT INTO `sys_log` VALUES ('176de83515a24cafbeb32b687ad90354', '1', '--', '1', '2017-05-16 11:10:34', '0:0:0:0:0:0:0:1', 'Mozilla/5.0 (Windows NT 10.0; WOW64) AppleWebKit/537.36 (KHTML, like Gecko) Chrome/58.0.3029.110 Safari/537.36', '/AirMonitor/a/air/tbAirQuality', 'GET', '', '');
INSERT INTO `sys_log` VALUES ('18282886e43b4a15ae54b79268d75b25', '1', '--', 'fdbbca469d8441fb855e1018510e32f2', '2017-04-30 21:59:33', '0:0:0:0:0:0:0:1', 'Mozilla/5.0 (Windows NT 10.0; WOW64) AppleWebKit/537.36 (KHTML, like Gecko) Chrome/57.0.2987.133 Safari/537.36', '/AirMonitor/a/sys/user/index', 'GET', '', '');
INSERT INTO `sys_log` VALUES ('19c400b333114d7faf94caac78a020be', '1', '---', '1', '2017-03-28 22:13:52', '0:0:0:0:0:0:0:1', 'Mozilla/5.0 (Windows NT 6.1; Win64; x64) AppleWebKit/537.36 (KHTML, like Gecko) Chrome/57.0.2987.110 Safari/537.36', '/jeesite/a/sys/menu/form', 'GET', '', '');
INSERT INTO `sys_log` VALUES ('1a5c15fe5e4b434fb704f196261e8923', '1', '---', '1', '2017-04-27 10:18:51', '0:0:0:0:0:0:0:1', 'Mozilla/5.0 (Windows NT 10.0; WOW64) AppleWebKit/537.36 (KHTML, like Gecko) Chrome/57.0.2987.133 Safari/537.36', '/AirMonitor/a/sys/menu/form', 'GET', 0x69643D6565316531323461656235623466396339343631666333633162623138356538, '');
INSERT INTO `sys_log` VALUES ('1a71d7fa95994bfe89913accdcf5b71f', '1', '---', '1', '2017-03-28 22:14:11', '0:0:0:0:0:0:0:1', 'Mozilla/5.0 (Windows NT 6.1; Win64; x64) AppleWebKit/537.36 (KHTML, like Gecko) Chrome/57.0.2987.110 Safari/537.36', '/jeesite/a/sys/menu/save', 'POST', 0x69643D26706172656E742E69643D3126706172656E742E6E616D653DE58A9FE883BDE88F9CE58D95266E616D653DE7A9BAE6B094E8B4A8E9878FE79B91E6B58B26687265663D267461726765743D2669636F6E3D26736F72743D3530393026697353686F773D31267065726D697373696F6E3D2672656D61726B733D, '');
INSERT INTO `sys_log` VALUES ('1aba9357801f409882fe5e756cc1f9a9', '1', '--', '1', '2017-05-16 11:38:57', '0:0:0:0:0:0:0:1', 'Mozilla/5.0 (Windows NT 10.0; WOW64) AppleWebKit/537.36 (KHTML, like Gecko) Chrome/58.0.3029.110 Safari/537.36', '/AirMonitor/a/air/tbNode', 'GET', '', '');
INSERT INTO `sys_log` VALUES ('1ad8908665804ca1bf71d8d2ef7b4d0d', '1', '', '1', '2017-04-27 09:53:24', '0:0:0:0:0:0:0:1', 'Mozilla/5.0 (Windows NT 10.0; WOW64) AppleWebKit/537.36 (KHTML, like Gecko) Chrome/57.0.2987.133 Safari/537.36', '/AirMonitor/a', 'GET', 0x6C6F67696E3D, '');
INSERT INTO `sys_log` VALUES ('1aff538ea9f64300a3a33797ec7bcf83', '1', '--', '1', '2017-04-30 21:53:29', '0:0:0:0:0:0:0:1', 'Mozilla/5.0 (Windows NT 10.0; WOW64) AppleWebKit/537.36 (KHTML, like Gecko) Chrome/57.0.2987.133 Safari/537.36', '/AirMonitor/a/sys/user/index', 'GET', '', '');
INSERT INTO `sys_log` VALUES ('1b4ea51175b041459ef8da0a4361e4a7', '1', '', 'e8ed1e64be4f44eeb0ccda3532832636', '2017-05-02 10:35:11', '0:0:0:0:0:0:0:1', 'Mozilla/5.0 (Windows NT 10.0; Win64; x64) AppleWebKit/537.36 (KHTML, like Gecko) Chrome/52.0.2743.116 Safari/537.36 Edge/15.15063', '/AirMonitor/a', 'GET', 0x6C6F67696E3D, '');
INSERT INTO `sys_log` VALUES ('1b80851836c14db793acc02ba114b258', '1', '---', 'fdbbca469d8441fb855e1018510e32f2', '2017-04-30 22:03:01', '0:0:0:0:0:0:0:1', 'Mozilla/5.0 (Windows NT 10.0; WOW64) AppleWebKit/537.36 (KHTML, like Gecko) Chrome/57.0.2987.133 Safari/537.36', '/AirMonitor/a/sys/user/checkLoginName', 'GET', 0x6F6C644C6F67696E4E616D653D266C6F67696E4E616D653D74657374303031, '');
INSERT INTO `sys_log` VALUES ('1ba061518c994d909a77a9eab7a0ad37', '1', '--', '1', '2017-05-16 11:30:48', '0:0:0:0:0:0:0:1', 'Mozilla/5.0 (Windows NT 10.0; WOW64) AppleWebKit/537.36 (KHTML, like Gecko) Chrome/58.0.3029.110 Safari/537.36', '/AirMonitor/a/air/tbTempHum', 'GET', '', '');
INSERT INTO `sys_log` VALUES ('1bb6cd5929e14172aadac263780eb4f5', '1', '---', '1', '2017-05-16 11:35:39', '0:0:0:0:0:0:0:1', 'Mozilla/5.0 (Windows NT 10.0; WOW64) AppleWebKit/537.36 (KHTML, like Gecko) Chrome/58.0.3029.110 Safari/537.36', '/AirMonitor/a/sys/menu/form', 'GET', 0x69643D3837633231346231626163383436366562643266643631343466323635343361, '');
INSERT INTO `sys_log` VALUES ('1be4b9ce3b7b46b4a3a0efe7379c8cc2', '1', '', '1', '2017-04-27 09:56:53', '127.0.0.1', 'Mozilla/5.0 (Windows NT 10.0; WOW64) AppleWebKit/537.36 (KHTML, like Gecko) Chrome/57.0.2987.133 Safari/537.36', '/AirMonitor/a', 'GET', 0x6C6F67696E3D, '');
INSERT INTO `sys_log` VALUES ('1c2f352890d1421e8d7817a709e78d6a', '1', '--', '1', '2017-03-28 22:14:55', '0:0:0:0:0:0:0:1', 'Mozilla/5.0 (Windows NT 6.1; Win64; x64) AppleWebKit/537.36 (KHTML, like Gecko) Chrome/57.0.2987.110 Safari/537.36', '/jeesite/a/sys/office/', 'GET', '', '');
INSERT INTO `sys_log` VALUES ('1c638ac7652c4724b28ab91c6f9d7f78', '1', '--', '1', '2017-05-16 11:35:29', '0:0:0:0:0:0:0:1', 'Mozilla/5.0 (Windows NT 10.0; WOW64) AppleWebKit/537.36 (KHTML, like Gecko) Chrome/58.0.3029.110 Safari/537.36', '/AirMonitor/a/air/tbCO2/liseDel', 'GET', '', '');
INSERT INTO `sys_log` VALUES ('1d27e00782f5465ebfe604295b92d614', '1', '--', '1', '2017-04-30 21:47:42', '0:0:0:0:0:0:0:1', 'Mozilla/5.0 (Windows NT 10.0; WOW64) AppleWebKit/537.36 (KHTML, like Gecko) Chrome/57.0.2987.133 Safari/537.36', '/AirMonitor/a/air/tbAirQuality', 'GET', '', '');
INSERT INTO `sys_log` VALUES ('1d28c6c57ab54af88de273465295edc5', '1', '--', 'fdbbca469d8441fb855e1018510e32f2', '2017-05-02 10:27:54', '0:0:0:0:0:0:0:1', 'Mozilla/5.0 (Windows NT 10.0; Win64; x64) AppleWebKit/537.36 (KHTML, like Gecko) Chrome/52.0.2743.116 Safari/537.36 Edge/15.15063', '/AirMonitor/a/sys/user/info', 'GET', 0x7461625061676549643D6A65726963686F746162696672616D655F30, '');
INSERT INTO `sys_log` VALUES ('1f6d5446a71a45a5b2c26f6c83a6304b', '1', '--', '1', '2017-05-16 11:16:03', '0:0:0:0:0:0:0:1', 'Mozilla/5.0 (Windows NT 10.0; WOW64) AppleWebKit/537.36 (KHTML, like Gecko) Chrome/58.0.3029.110 Safari/537.36', '/AirMonitor/a/sys/user/index', 'GET', '', '');
INSERT INTO `sys_log` VALUES ('1f7769e8396b41f4873e15a56214a77d', '1', '--', '1', '2017-04-30 21:51:51', '0:0:0:0:0:0:0:1', 'Mozilla/5.0 (Windows NT 10.0; WOW64) AppleWebKit/537.36 (KHTML, like Gecko) Chrome/57.0.2987.133 Safari/537.36', '/AirMonitor/a/sys/user/info', 'GET', '', '');
INSERT INTO `sys_log` VALUES ('1fa093dbf270428c9f804f803f39573f', '1', '---', '1', '2017-03-28 22:14:48', '0:0:0:0:0:0:0:1', 'Mozilla/5.0 (Windows NT 6.1; Win64; x64) AppleWebKit/537.36 (KHTML, like Gecko) Chrome/57.0.2987.110 Safari/537.36', '/jeesite/a/sys/user/list', 'GET', '', '');
INSERT INTO `sys_log` VALUES ('1fa4dbc8ea2e4db2b522a2adb1363d9b', '1', '--', '1', '2017-04-30 16:27:38', '0:0:0:0:0:0:0:1', 'Mozilla/5.0 (Windows NT 10.0; WOW64) AppleWebKit/537.36 (KHTML, like Gecko) Chrome/57.0.2987.133 Safari/537.36', '/AirMonitor/a/air/tbAirQuality', 'GET', '', '');
INSERT INTO `sys_log` VALUES ('20168f0632bb4555a8028c376cd788cb', '1', '--', '1', '2017-05-16 11:35:50', '0:0:0:0:0:0:0:1', 'Mozilla/5.0 (Windows NT 10.0; WOW64) AppleWebKit/537.36 (KHTML, like Gecko) Chrome/58.0.3029.110 Safari/537.36', '/AirMonitor/a/air/tbAirQuality', 'GET', '', '');
INSERT INTO `sys_log` VALUES ('204535c8c105485cb93fb5f4d36cfedd', '1', '---', '1', '2017-03-28 22:12:43', '0:0:0:0:0:0:0:1', 'Mozilla/5.0 (Windows NT 6.1; Win64; x64) AppleWebKit/537.36 (KHTML, like Gecko) Chrome/57.0.2987.110 Safari/537.36', '/jeesite/a/sys/user/list', 'GET', '', '');
INSERT INTO `sys_log` VALUES ('210a2590b5ee43a2872800270e46309e', '1', '--', '1', '2017-03-28 22:03:35', '0:0:0:0:0:0:0:1', 'Mozilla/5.0 (Windows NT 6.1; Win64; x64) AppleWebKit/537.36 (KHTML, like Gecko) Chrome/57.0.2987.110 Safari/537.36', '/jeesite/a/sys/user/info', 'GET', '', '');
INSERT INTO `sys_log` VALUES ('217d92aa786d46e0a1c3fc7c3154842d', '1', '---', '1', '2017-03-28 22:16:19', '0:0:0:0:0:0:0:1', 'Mozilla/5.0 (Windows NT 6.1; Win64; x64) AppleWebKit/537.36 (KHTML, like Gecko) Chrome/57.0.2987.110 Safari/537.36', '/jeesite/a/sys/user/save', 'POST', 0x69643D312670686F746F3D26636F6D70616E792E69643D363161656161383036373266346333663964386466656666373563313161313226636F6D70616E792E6E616D653D6868737475266F66666963652E69643D3631616561613830363732663463336639643864666566663735633131613132266F66666963652E6E616D653D6868737475266E6F3D30303031266E616D653DE7B3BBE7BB9FE7AEA1E79086E59198266F6C644C6F67696E4E616D653D7468696E6B67656D266C6F67696E4E616D653D7468696E6B67656D266E657750617373776F72643D26636F6E6669726D4E657750617373776F72643D26656D61696C3D7468696E6B67656D403136332E636F6D2670686F6E653D38363735266D6F62696C653D38363735266C6F67696E466C61673D312675736572547970653D26726F6C6549644C6973743D32265F726F6C6549644C6973743D6F6E2672656D61726B733DE69C80E9AB98E7AEA1E79086E59198, '');
INSERT INTO `sys_log` VALUES ('21a6bdf1e328430995d98565405ee409', '1', '--', '1', '2017-04-30 21:50:08', '0:0:0:0:0:0:0:1', 'Mozilla/5.0 (Windows NT 10.0; WOW64) AppleWebKit/537.36 (KHTML, like Gecko) Chrome/57.0.2987.133 Safari/537.36', '/AirMonitor/a/sys/user/index', 'GET', '', '');
INSERT INTO `sys_log` VALUES ('220de96072a849bfb429fc70b523ba04', '1', '---', 'fdbbca469d8441fb855e1018510e32f2', '2017-04-30 22:02:13', '0:0:0:0:0:0:0:1', 'Mozilla/5.0 (Windows NT 10.0; WOW64) AppleWebKit/537.36 (KHTML, like Gecko) Chrome/57.0.2987.133 Safari/537.36', '/AirMonitor/a/sys/role/delete', 'GET', 0x69643D3431356663313534643535653461363238386339643935613836313963366361, '');
INSERT INTO `sys_log` VALUES ('222fa28c6d8440559b8cf937cbed8091', '1', '--', '1', '2017-05-16 11:30:55', '0:0:0:0:0:0:0:1', 'Mozilla/5.0 (Windows NT 10.0; WOW64) AppleWebKit/537.36 (KHTML, like Gecko) Chrome/58.0.3029.110 Safari/537.36', '/AirMonitor/a/sys/user/index', 'GET', '', '');
INSERT INTO `sys_log` VALUES ('2242fb27f874453bbff04f87af6e005e', '1', '--', 'fdbbca469d8441fb855e1018510e32f2', '2017-05-02 13:16:50', '0:0:0:0:0:0:0:1', 'Mozilla/5.0 (Windows NT 10.0; WOW64) AppleWebKit/537.36 (KHTML, like Gecko) Chrome/57.0.2987.133 Safari/537.36', '/AirMonitor/a/sys/user/info', 'POST', 0x70686F746F3D2F4169724D6F6E69746F722F7573657266696C65732F66646262636134363964383434316662383535653130313835313065333266322F696D616765732F70686F746F2F323031372F30352F6864496D675F3438666339336362326162643736382E2E2E266E616D653D4672616E6B2057616E6726656D61696C3D3835313532313430374071712E636F6D2670686F6E653D266D6F62696C653D31353533383035323238372672656D61726B733D, '');
INSERT INTO `sys_log` VALUES ('22f348a54e2b44b9b411c24a11b62fbe', '1', '---', '1', '2017-03-28 22:14:14', '0:0:0:0:0:0:0:1', 'Mozilla/5.0 (Windows NT 6.1; Win64; x64) AppleWebKit/537.36 (KHTML, like Gecko) Chrome/57.0.2987.110 Safari/537.36', '/jeesite/a/sys/menu/form', 'GET', '', '');
INSERT INTO `sys_log` VALUES ('23177dbe2da74c0a93057da4861412ed', '1', '---', '1', '2017-03-28 22:15:53', '0:0:0:0:0:0:0:1', 'Mozilla/5.0 (Windows NT 6.1; Win64; x64) AppleWebKit/537.36 (KHTML, like Gecko) Chrome/57.0.2987.110 Safari/537.36', '/jeesite/a/sys/user/delete', 'GET', 0x69643D36, '');
INSERT INTO `sys_log` VALUES ('2365b761cdf34a7a893f4105d5dab882', '1', '---', '1', '2017-05-16 11:25:12', '0:0:0:0:0:0:0:1', 'Mozilla/5.0 (Windows NT 10.0; WOW64) AppleWebKit/537.36 (KHTML, like Gecko) Chrome/58.0.3029.110 Safari/537.36', '/AirMonitor/a/sys/menu/form', 'GET', 0x706172656E742E69643D3135636430616461623737383439366239623466663461373338623866333964, '');
INSERT INTO `sys_log` VALUES ('2420a711040e4a7e8df2438f59287836', '1', '--', 'fdbbca469d8441fb855e1018510e32f2', '2017-05-02 14:31:50', '0:0:0:0:0:0:0:1', 'Mozilla/5.0 (Windows NT 10.0; Win64; x64) AppleWebKit/537.36 (KHTML, like Gecko) Chrome/52.0.2743.116 Safari/537.36 Edge/15.15063', '/AirMonitor/a/sys/role/', 'GET', '', '');
INSERT INTO `sys_log` VALUES ('2446d11895ed4958bf5866dad92e0ca0', '1', '-CO2-CO2', '1', '2017-04-28 10:13:44', '0:0:0:0:0:0:0:1', 'Mozilla/5.0 (Windows NT 10.0; WOW64) AppleWebKit/537.36 (KHTML, like Gecko) Chrome/57.0.2987.133 Safari/537.36', '/AirMonitor/a/air/tbCO2', 'GET', '', '');
INSERT INTO `sys_log` VALUES ('24bf96f1e568465e8c526fc09cf272e4', '1', '---', '1', '2017-04-30 21:58:16', '0:0:0:0:0:0:0:1', 'Mozilla/5.0 (Windows NT 10.0; WOW64) AppleWebKit/537.36 (KHTML, like Gecko) Chrome/57.0.2987.133 Safari/537.36', '/AirMonitor/a/sys/role/form', 'GET', 0x69643D3963623930386565333630643432313261643334376336656365316462656536, '');
INSERT INTO `sys_log` VALUES ('250c7e0c2da04fda960a9279ce121acd', '1', '---', 'fdbbca469d8441fb855e1018510e32f2', '2017-05-02 14:31:49', '0:0:0:0:0:0:0:1', 'Mozilla/5.0 (Windows NT 10.0; Win64; x64) AppleWebKit/537.36 (KHTML, like Gecko) Chrome/52.0.2743.116 Safari/537.36 Edge/15.15063', '/AirMonitor/a/sys/user/list', 'GET', '', '');
INSERT INTO `sys_log` VALUES ('2569a1700f7a474aa9d3d8b9cab99ba8', '1', '--', '1', '2017-04-30 17:10:11', '0:0:0:0:0:0:0:1', 'Mozilla/5.0 (Windows NT 10.0; WOW64) AppleWebKit/537.36 (KHTML, like Gecko) Chrome/57.0.2987.133 Safari/537.36', '/AirMonitor/a/air/tbAirQuality', 'GET', '', '');
INSERT INTO `sys_log` VALUES ('25c65d82c38e4dfd98eda3668279c057', '1', '---', '1', '2017-05-16 11:25:02', '0:0:0:0:0:0:0:1', 'Mozilla/5.0 (Windows NT 10.0; WOW64) AppleWebKit/537.36 (KHTML, like Gecko) Chrome/58.0.3029.110 Safari/537.36', '/AirMonitor/a/sys/menu/delete', 'GET', 0x69643D3862323564356639333162643438393139633737613330303730643531386237, '');
INSERT INTO `sys_log` VALUES ('274951be1a4a4b6a9dcdd6b6bb8017e7', '1', '--', '1', '2017-05-16 11:25:28', '0:0:0:0:0:0:0:1', 'Mozilla/5.0 (Windows NT 10.0; WOW64) AppleWebKit/537.36 (KHTML, like Gecko) Chrome/58.0.3029.110 Safari/537.36', '/AirMonitor/a/sys/menu/', 'GET', '', '');
INSERT INTO `sys_log` VALUES ('278b1a7e995341beb9d8f9ff845a6455', '1', '--', '1', '2017-04-30 16:28:21', '0:0:0:0:0:0:0:1', 'Mozilla/5.0 (Windows NT 10.0; WOW64) AppleWebKit/537.36 (KHTML, like Gecko) Chrome/57.0.2987.133 Safari/537.36', '/AirMonitor/a/air/tbAirQuality', 'GET', '', '');
INSERT INTO `sys_log` VALUES ('279f1db56c544ade82e9d599a0713ade', '1', '--', '1', '2017-05-16 11:27:58', '0:0:0:0:0:0:0:1', 'Mozilla/5.0 (Windows NT 10.0; WOW64) AppleWebKit/537.36 (KHTML, like Gecko) Chrome/58.0.3029.110 Safari/537.36', '/AirMonitor/a/sys/menu/', 'GET', '', '');
INSERT INTO `sys_log` VALUES ('27dcf90b5065439e90bebcdf50b6230e', '1', '---', '1', '2017-05-16 11:38:07', '0:0:0:0:0:0:0:1', 'Mozilla/5.0 (Windows NT 10.0; WOW64) AppleWebKit/537.36 (KHTML, like Gecko) Chrome/58.0.3029.110 Safari/537.36', '/AirMonitor/a/sys/menu/form', 'GET', '', '');
INSERT INTO `sys_log` VALUES ('28be8172af9d4d36b33b8f9d032a6bc7', '1', '---', '1', '2017-03-28 22:17:36', '0:0:0:0:0:0:0:1', 'Mozilla/5.0 (Windows NT 6.1; Win64; x64) AppleWebKit/537.36 (KHTML, like Gecko) Chrome/57.0.2987.110 Safari/537.36', '/jeesite/a/sys/role/form', 'GET', 0x69643D3963623930386565333630643432313261643334376336656365316462656536, '');
INSERT INTO `sys_log` VALUES ('2937663d432248a09dca9b4f941c3592', '1', '---', '1', '2017-05-16 11:36:52', '0:0:0:0:0:0:0:1', 'Mozilla/5.0 (Windows NT 10.0; WOW64) AppleWebKit/537.36 (KHTML, like Gecko) Chrome/58.0.3029.110 Safari/537.36', '/AirMonitor/a/sys/user/list', 'GET', '', '');
INSERT INTO `sys_log` VALUES ('29c3c9908079460ba59bd6fd1ef239fb', '1', '--', 'fdbbca469d8441fb855e1018510e32f2', '2017-04-30 21:57:17', '0:0:0:0:0:0:0:1', 'Mozilla/5.0 (Windows NT 10.0; WOW64) AppleWebKit/537.36 (KHTML, like Gecko) Chrome/57.0.2987.133 Safari/537.36', '/AirMonitor/a/sys/role/', 'GET', '', '');
INSERT INTO `sys_log` VALUES ('29ca311152ea4be5b889aeddd4644065', '1', '---', '1', '2017-03-28 22:16:09', '0:0:0:0:0:0:0:1', 'Mozilla/5.0 (Windows NT 6.1; Win64; x64) AppleWebKit/537.36 (KHTML, like Gecko) Chrome/57.0.2987.110 Safari/537.36', '/jeesite/a/sys/user/delete', 'GET', 0x69643D37, '');
INSERT INTO `sys_log` VALUES ('2a7e2063b777445b8c0d82b4be305bf4', '1', '--', '1', '2017-04-30 16:48:09', '0:0:0:0:0:0:0:1', 'Mozilla/5.0 (Windows NT 10.0; WOW64) AppleWebKit/537.36 (KHTML, like Gecko) Chrome/57.0.2987.133 Safari/537.36', '/AirMonitor/a/air/tbAirQuality', 'GET', '', '');
INSERT INTO `sys_log` VALUES ('2ac01fcd47344e9e86695b09fbed94ea', '1', '--', '1', '2017-04-30 21:51:53', '0:0:0:0:0:0:0:1', 'Mozilla/5.0 (Windows NT 10.0; WOW64) AppleWebKit/537.36 (KHTML, like Gecko) Chrome/57.0.2987.133 Safari/537.36', '/AirMonitor/a/sys/user/index', 'GET', '', '');
INSERT INTO `sys_log` VALUES ('2afc71378511478cb83df88a4964b4df', '1', '--', '1', '2017-04-30 16:47:47', '0:0:0:0:0:0:0:1', 'Mozilla/5.0 (Windows NT 10.0; WOW64) AppleWebKit/537.36 (KHTML, like Gecko) Chrome/57.0.2987.133 Safari/537.36', '/AirMonitor/a/air/tbAirQuality', 'GET', '', '');
INSERT INTO `sys_log` VALUES ('2b5f13b25f8c477b8f512fa379f20b83', '1', '--', '1', '2017-05-16 11:35:18', '0:0:0:0:0:0:0:1', 'Mozilla/5.0 (Windows NT 10.0; WOW64) AppleWebKit/537.36 (KHTML, like Gecko) Chrome/58.0.3029.110 Safari/537.36', '/AirMonitor/a/sys/menu/', 'GET', '', '');
INSERT INTO `sys_log` VALUES ('2b662f0934b94c589cd4e5ae1f42e520', '1', '---', '1', '2017-03-28 22:16:36', '0:0:0:0:0:0:0:1', 'Mozilla/5.0 (Windows NT 6.1; Win64; x64) AppleWebKit/537.36 (KHTML, like Gecko) Chrome/57.0.2987.110 Safari/537.36', '/jeesite/a/sys/user/checkLoginName', 'GET', 0x6F6C644C6F67696E4E616D653D266C6F67696E4E616D653D6672616E6B, '');
INSERT INTO `sys_log` VALUES ('2b74c1e60ed444f69862af7a3fe3fdb0', '1', '--', '1', '2017-04-30 22:00:04', '0:0:0:0:0:0:0:1', 'Mozilla/5.0 (Windows NT 10.0; WOW64) AppleWebKit/537.36 (KHTML, like Gecko) Chrome/57.0.2987.133 Safari/537.36', '/AirMonitor/a/sys/role/', 'GET', '', '');
INSERT INTO `sys_log` VALUES ('2c7f0c9f61a04bfaac329254cc082bc3', '1', '---', '1', '2017-04-27 09:51:15', '0:0:0:0:0:0:0:1', 'Mozilla/5.0 (Windows NT 10.0; WOW64) AppleWebKit/537.36 (KHTML, like Gecko) Chrome/57.0.2987.133 Safari/537.36', '/AirMonitor/a/sys/menu/save', 'POST', 0x69643D26706172656E742E69643D653936353465666664373536343339653962306663353264313731326135343126706172656E742E6E616D653DE7A9BAE6B094E8B4A8E9878FE79B91E6B58B266E616D653DE6B8A9E6B9BFE5BAA6E79B91E6B58B26687265663D267461726765743D2669636F6E3D26736F72743D31323026697353686F773D31267065726D697373696F6E3D2672656D61726B733D, '');
INSERT INTO `sys_log` VALUES ('2d052460ca594f7f87b8aaf1b16644e1', '1', '---', '1', '2017-05-16 11:36:17', '0:0:0:0:0:0:0:1', 'Mozilla/5.0 (Windows NT 10.0; WOW64) AppleWebKit/537.36 (KHTML, like Gecko) Chrome/58.0.3029.110 Safari/537.36', '/AirMonitor/a/sys/role/form', 'GET', 0x69643D3437656633666236613030373436346339353937636566333833396237393662, '');
INSERT INTO `sys_log` VALUES ('2dfe64238024477c9d477efa28958d38', '1', '---', '1', '2017-03-28 22:15:53', '0:0:0:0:0:0:0:1', 'Mozilla/5.0 (Windows NT 6.1; Win64; x64) AppleWebKit/537.36 (KHTML, like Gecko) Chrome/57.0.2987.110 Safari/537.36', '/jeesite/a/sys/user/list', 'GET', 0x7265706167653D, '');
INSERT INTO `sys_log` VALUES ('2ecbd1cf80fa4f0892979ccc75f250ee', '1', '---', '1', '2017-03-28 22:15:31', '0:0:0:0:0:0:0:1', 'Mozilla/5.0 (Windows NT 6.1; Win64; x64) AppleWebKit/537.36 (KHTML, like Gecko) Chrome/57.0.2987.110 Safari/537.36', '/jeesite/a/sys/office/save', 'POST', 0x69643D26706172656E742E69643D26706172656E742E6E616D653D26617265612E69643D3126617265612E6E616D653DE4B8ADE59BBD266E616D653D686873747526636F64653D686873747526747970653D312667726164653D312675736561626C653D31267072696D617279506572736F6E2E69643D266F66666963652E7072696D617279506572736F6E2E6E616D653D26646570757479506572736F6E2E69643D266F66666963652E646570757479506572736F6E2E6E616D653D26616464726573733D267A6970436F64653D266D61737465723D2670686F6E653D266661783D26656D61696C3D2672656D61726B733D265F6368696C64446570744C6973743D6F6E, '');
INSERT INTO `sys_log` VALUES ('2f5cb29606894f66b6eedbd94aee8c7b', '1', '--', '1', '2017-04-30 16:30:11', '0:0:0:0:0:0:0:1', 'Mozilla/5.0 (Windows NT 10.0; WOW64) AppleWebKit/537.36 (KHTML, like Gecko) Chrome/57.0.2987.133 Safari/537.36', '/AirMonitor/a/gen/genTable', 'GET', '', '');
INSERT INTO `sys_log` VALUES ('2fd752389c7348dd98e4104ef484f8f8', '1', '--', '1', '2017-05-16 11:25:47', '0:0:0:0:0:0:0:1', 'Mozilla/5.0 (Windows NT 10.0; WOW64) AppleWebKit/537.36 (KHTML, like Gecko) Chrome/58.0.3029.110 Safari/537.36', '/AirMonitor/a/sys/menu/', 'GET', '', '');
INSERT INTO `sys_log` VALUES ('3035095f84414a4cab74306c245c9b18', '1', '---', 'fdbbca469d8441fb855e1018510e32f2', '2017-04-30 22:03:15', '0:0:0:0:0:0:0:1', 'Mozilla/5.0 (Windows NT 10.0; WOW64) AppleWebKit/537.36 (KHTML, like Gecko) Chrome/57.0.2987.133 Safari/537.36', '/AirMonitor/a/sys/user/save', 'POST', 0x636F6E6669726D4E657750617373776F72643D266E6F3D303031266F66666963652E69643D363161656161383036373266346333663964386466656666373563313161313226726F6C6549644C6973743D3437656633666236613030373436346339353937636566333833396237393662265F726F6C6549644C6973743D6F6E266D6F62696C653D2670686F746F3D266E657750617373776F72643D266C6F67696E466C61673D31266F6C644C6F67696E4E616D653D26636F6D70616E792E69643D36316165616138303637326634633366396438646665666637356331316131322670686F6E653D266C6F67696E4E616D653D74657374303031266F66666963652E6E616D653D6868737475266E616D653DE794A8E688B73126636F6D70616E792E6E616D653D68687374752669643D2675736572547970653D332672656D61726B733D26656D61696C3D, '');
INSERT INTO `sys_log` VALUES ('30471617c7ad4f9ba4f78f9328a33d89', '1', '---', '1', '2017-03-28 22:15:46', '0:0:0:0:0:0:0:1', 'Mozilla/5.0 (Windows NT 6.1; Win64; x64) AppleWebKit/537.36 (KHTML, like Gecko) Chrome/57.0.2987.110 Safari/537.36', '/jeesite/a/sys/user/delete', 'GET', 0x69643D33, '');
INSERT INTO `sys_log` VALUES ('305bc14f0d1944c0b8a02276d468dd5e', '1', '---', '1', '2017-04-30 21:53:43', '0:0:0:0:0:0:0:1', 'Mozilla/5.0 (Windows NT 10.0; WOW64) AppleWebKit/537.36 (KHTML, like Gecko) Chrome/57.0.2987.133 Safari/537.36', '/AirMonitor/a/sys/role/delete', 'GET', 0x69643D34, '');
INSERT INTO `sys_log` VALUES ('30707617926f4af5bbbf0c30f879ee86', '1', '--', '1', '2017-04-30 17:03:52', '0:0:0:0:0:0:0:1', 'Mozilla/5.0 (Windows NT 10.0; WOW64) AppleWebKit/537.36 (KHTML, like Gecko) Chrome/57.0.2987.133 Safari/537.36', '/AirMonitor/a/air/tbAirQuality', 'GET', '', '');
INSERT INTO `sys_log` VALUES ('30780a61b4de494a887e5d1a04f30158', '1', '---', '1', '2017-03-28 22:15:41', '0:0:0:0:0:0:0:1', 'Mozilla/5.0 (Windows NT 6.1; Win64; x64) AppleWebKit/537.36 (KHTML, like Gecko) Chrome/57.0.2987.110 Safari/537.36', '/jeesite/a/sys/user/delete', 'GET', 0x69643D32, '');
INSERT INTO `sys_log` VALUES ('312b685fa5bf451db25da1b2239d8561', '1', '--', '1', '2017-04-30 21:58:33', '0:0:0:0:0:0:0:1', 'Mozilla/5.0 (Windows NT 10.0; WOW64) AppleWebKit/537.36 (KHTML, like Gecko) Chrome/57.0.2987.133 Safari/537.36', '/AirMonitor/a/sys/role/', 'GET', 0x7265706167653D, '');
INSERT INTO `sys_log` VALUES ('31c869ba10984d8d975b78a6e63dd9e0', '1', '', '1', '2017-04-30 21:53:21', '0:0:0:0:0:0:0:1', 'Mozilla/5.0 (Windows NT 10.0; WOW64) AppleWebKit/537.36 (KHTML, like Gecko) Chrome/57.0.2987.133 Safari/537.36', '/AirMonitor/a', 'GET', 0x6C6F67696E3D, '');
INSERT INTO `sys_log` VALUES ('323ad9a0c81d4e37a14fd1ee84134171', '1', '--', 'fdbbca469d8441fb855e1018510e32f2', '2017-04-30 21:55:35', '0:0:0:0:0:0:0:1', 'Mozilla/5.0 (Windows NT 10.0; WOW64) AppleWebKit/537.36 (KHTML, like Gecko) Chrome/57.0.2987.133 Safari/537.36', '/AirMonitor/a/air/tbAirQuality', 'GET', '', '');
INSERT INTO `sys_log` VALUES ('32485f05bdec45f6acd6b19c6c0d2a98', '1', '--', '1', '2017-04-30 16:18:24', '0:0:0:0:0:0:0:1', 'Mozilla/5.0 (Windows NT 10.0; WOW64) AppleWebKit/537.36 (KHTML, like Gecko) Chrome/57.0.2987.133 Safari/537.36', '/AirMonitor/a/air/tbAirQuality', 'GET', '', '');
INSERT INTO `sys_log` VALUES ('32b0ee0730114587991af47499961776', '1', '--', '1', '2017-04-30 17:21:01', '0:0:0:0:0:0:0:1', 'Mozilla/5.0 (Windows NT 10.0; WOW64) AppleWebKit/537.36 (KHTML, like Gecko) Chrome/57.0.2987.133 Safari/537.36', '/AirMonitor/a/sys/user/info', 'GET', '', '');
INSERT INTO `sys_log` VALUES ('33bca3348152429e8f454015a3d77925', '1', '--', '1', '2017-05-16 11:32:37', '0:0:0:0:0:0:0:1', 'Mozilla/5.0 (Windows NT 10.0; WOW64) AppleWebKit/537.36 (KHTML, like Gecko) Chrome/58.0.3029.110 Safari/537.36', '/AirMonitor/a/sys/menu/', 'GET', '', '');
INSERT INTO `sys_log` VALUES ('33d0a392ff7f44ef8bdb011967d5b3ee', '1', '---', '1', '2017-05-02 10:29:27', '0:0:0:0:0:0:0:1', 'Mozilla/5.0 (Windows NT 10.0; WOW64) AppleWebKit/537.36 (KHTML, like Gecko) Chrome/57.0.2987.133 Safari/537.36', '/AirMonitor/a/sys/role/form', 'GET', 0x69643D3963623930386565333630643432313261643334376336656365316462656536, '');
INSERT INTO `sys_log` VALUES ('3470821f469e4dd6a36b2836f02cebfc', '1', '---', 'fdbbca469d8441fb855e1018510e32f2', '2017-05-02 13:25:54', '0:0:0:0:0:0:0:1', 'Mozilla/5.0 (Windows NT 10.0; WOW64) AppleWebKit/537.36 (KHTML, like Gecko) Chrome/57.0.2987.133 Safari/537.36', '/AirMonitor/a/sys/user/list', 'GET', '', '');
INSERT INTO `sys_log` VALUES ('349ddd8c8d204e868419c5eb86c8ec0a', '1', '---', '1', '2017-05-16 11:27:33', '0:0:0:0:0:0:0:1', 'Mozilla/5.0 (Windows NT 10.0; WOW64) AppleWebKit/537.36 (KHTML, like Gecko) Chrome/58.0.3029.110 Safari/537.36', '/AirMonitor/a/sys/menu/form', 'GET', 0x706172656E742E69643D3233353235383034306236613434373262623362666666353636646266343333, '');
INSERT INTO `sys_log` VALUES ('34ffed60801e4a9d93da2fda14427262', '1', '--', '1', '2017-04-30 16:56:25', '0:0:0:0:0:0:0:1', 'Mozilla/5.0 (Windows NT 10.0; WOW64) AppleWebKit/537.36 (KHTML, like Gecko) Chrome/57.0.2987.133 Safari/537.36', '/AirMonitor/a/air/tbAirQuality', 'GET', '', '');
INSERT INTO `sys_log` VALUES ('36020783202c4d93aa9c050146f75adc', '1', '---', '1', '2017-04-27 09:51:20', '0:0:0:0:0:0:0:1', 'Mozilla/5.0 (Windows NT 10.0; WOW64) AppleWebKit/537.36 (KHTML, like Gecko) Chrome/57.0.2987.133 Safari/537.36', '/AirMonitor/a/sys/menu/form', 'GET', 0x706172656E742E69643D3931346635636237316562333438353362323361623562663032323838343732, '');
INSERT INTO `sys_log` VALUES ('360a223b1a53470195eb92265f395c47', '1', '---', '1', '2017-03-28 22:16:00', '0:0:0:0:0:0:0:1', 'Mozilla/5.0 (Windows NT 6.1; Win64; x64) AppleWebKit/537.36 (KHTML, like Gecko) Chrome/57.0.2987.110 Safari/537.36', '/jeesite/a/sys/user/delete', 'GET', 0x69643D3131, '');
INSERT INTO `sys_log` VALUES ('365a2f3f818c4a7aa47d265ecbde2d02', '1', '--', '1', '2017-03-28 22:03:51', '0:0:0:0:0:0:0:1', 'Mozilla/5.0 (Windows NT 6.1; Win64; x64) AppleWebKit/537.36 (KHTML, like Gecko) Chrome/57.0.2987.110 Safari/537.36', '/jeesite/a/oa/oaNotify/self', 'GET', '', '');
INSERT INTO `sys_log` VALUES ('36a3055ecf2846d4837a5cd91910def3', '1', '--', '1', '2017-04-28 10:14:05', '0:0:0:0:0:0:0:1', 'Mozilla/5.0 (Windows NT 10.0; WOW64) AppleWebKit/537.36 (KHTML, like Gecko) Chrome/57.0.2987.133 Safari/537.36', '/AirMonitor/a/air/tbAirQuality', 'GET', '', '');
INSERT INTO `sys_log` VALUES ('373902d6527a43e387cb5efd28e34650', '1', '--', '1', '2017-04-30 16:46:17', '0:0:0:0:0:0:0:1', 'Mozilla/5.0 (Windows NT 10.0; WOW64) AppleWebKit/537.36 (KHTML, like Gecko) Chrome/57.0.2987.133 Safari/537.36', '/AirMonitor/a/sys/user/info', 'GET', '', '');
INSERT INTO `sys_log` VALUES ('37527a54b7084b399f4a359c9dd3cf88', '1', '--', '1', '2017-04-27 10:11:01', '0:0:0:0:0:0:0:1', 'Mozilla/5.0 (Windows NT 10.0; WOW64) AppleWebKit/537.36 (KHTML, like Gecko) Chrome/57.0.2987.133 Safari/537.36', '/AirMonitor/a/gen/genScheme', 'GET', '', '');
INSERT INTO `sys_log` VALUES ('37764a2f38b14ec788cebc29c8754b66', '1', '--', '1', '2017-05-16 11:15:43', '0:0:0:0:0:0:0:1', 'Mozilla/5.0 (Windows NT 10.0; WOW64) AppleWebKit/537.36 (KHTML, like Gecko) Chrome/58.0.3029.110 Safari/537.36', '/AirMonitor/a/sys/user/info', 'GET', '', '');
INSERT INTO `sys_log` VALUES ('37db534b6e0444e8bcb5a0680179590d', '1', '--', '1', '2017-05-16 11:28:25', '0:0:0:0:0:0:0:1', 'Mozilla/5.0 (Windows NT 10.0; WOW64) AppleWebKit/537.36 (KHTML, like Gecko) Chrome/58.0.3029.110 Safari/537.36', '/AirMonitor/a/sys/menu/', 'GET', '', '');
INSERT INTO `sys_log` VALUES ('38533beda7c04e06932e134c099334a3', '1', '--', '1', '2017-05-16 11:35:23', '0:0:0:0:0:0:0:1', 'Mozilla/5.0 (Windows NT 10.0; WOW64) AppleWebKit/537.36 (KHTML, like Gecko) Chrome/58.0.3029.110 Safari/537.36', '/AirMonitor/a/air/tbCO2/liseDel', 'GET', '', '');
INSERT INTO `sys_log` VALUES ('38bae37ef3e446e88bc7cccfebaf9147', '1', '---', 'fdbbca469d8441fb855e1018510e32f2', '2017-04-30 22:02:15', '0:0:0:0:0:0:0:1', 'Mozilla/5.0 (Windows NT 10.0; WOW64) AppleWebKit/537.36 (KHTML, like Gecko) Chrome/57.0.2987.133 Safari/537.36', '/AirMonitor/a/sys/role/form', 'GET', '', '');
INSERT INTO `sys_log` VALUES ('39030f967086495f8683e82f5c612bd0', '1', '--', '1', '2017-03-28 22:03:39', '0:0:0:0:0:0:0:1', 'Mozilla/5.0 (Windows NT 6.1; Win64; x64) AppleWebKit/537.36 (KHTML, like Gecko) Chrome/57.0.2987.110 Safari/537.36', '/jeesite/a/sys/menu/', 'GET', '', '');
INSERT INTO `sys_log` VALUES ('391768bd4f0c42239f39504e44fc515c', '1', '', '1', '2017-04-30 17:36:06', '0:0:0:0:0:0:0:1', 'Mozilla/5.0 (Windows NT 10.0; WOW64) AppleWebKit/537.36 (KHTML, like Gecko) Chrome/57.0.2987.133 Safari/537.36', '/AirMonitor/a', 'GET', 0x6C6F67696E3D, '');
INSERT INTO `sys_log` VALUES ('394cb98640854c8fa54df67f28efc11f', '1', '---', '1', '2017-03-28 22:17:58', '0:0:0:0:0:0:0:1', 'Mozilla/5.0 (Windows NT 6.1; Win64; x64) AppleWebKit/537.36 (KHTML, like Gecko) Chrome/57.0.2987.110 Safari/537.36', '/jeesite/a/sys/user/checkLoginName', 'GET', 0x6F6C644C6F67696E4E616D653D6672616E6B266C6F67696E4E616D653D6672616E6B, '');
INSERT INTO `sys_log` VALUES ('3a7a9ee1b272451987c4430e267353b2', '1', '--', '1', '2017-04-27 09:50:02', '0:0:0:0:0:0:0:1', 'Mozilla/5.0 (Windows NT 10.0; WOW64) AppleWebKit/537.36 (KHTML, like Gecko) Chrome/57.0.2987.133 Safari/537.36', '/AirMonitor/a/sys/dict/', 'GET', '', '');
INSERT INTO `sys_log` VALUES ('3a855afad4094ce888fe0fd6fb5308e5', '1', '--', '1', '2017-04-30 16:58:07', '0:0:0:0:0:0:0:1', 'Mozilla/5.0 (Windows NT 10.0; WOW64) AppleWebKit/537.36 (KHTML, like Gecko) Chrome/57.0.2987.133 Safari/537.36', '/AirMonitor/a/air/tbAirQuality', 'GET', '', '');
INSERT INTO `sys_log` VALUES ('3ac3ea1f047744e396ac767e8ffaa6ea', '1', '--PM10', '1', '2017-05-16 11:35:27', '0:0:0:0:0:0:0:1', 'Mozilla/5.0 (Windows NT 10.0; WOW64) AppleWebKit/537.36 (KHTML, like Gecko) Chrome/58.0.3029.110 Safari/537.36', '/AirMonitor/a/air/tbHCHO/listDel', 'GET', '', '');
INSERT INTO `sys_log` VALUES ('3b06e20c20ec4a1fb151009a484562e2', '1', '---', '1', '2017-03-28 22:16:04', '0:0:0:0:0:0:0:1', 'Mozilla/5.0 (Windows NT 6.1; Win64; x64) AppleWebKit/537.36 (KHTML, like Gecko) Chrome/57.0.2987.110 Safari/537.36', '/jeesite/a/sys/user/list', 'GET', 0x7265706167653D, '');
INSERT INTO `sys_log` VALUES ('3b1118b36019490abdf393d17a73182d', '1', '--', '1', '2017-03-28 22:09:41', '0:0:0:0:0:0:0:1', 'Mozilla/5.0 (Windows NT 6.1; Win64; x64) AppleWebKit/537.36 (KHTML, like Gecko) Chrome/57.0.2987.110 Safari/537.36', '/jeesite/a/sys/user/index', 'GET', '', '');
INSERT INTO `sys_log` VALUES ('3b2b731f4d3e48dcbbd9e338eb293a1e', '1', '---', '1', '2017-04-30 21:52:04', '0:0:0:0:0:0:0:1', 'Mozilla/5.0 (Windows NT 10.0; WOW64) AppleWebKit/537.36 (KHTML, like Gecko) Chrome/57.0.2987.133 Safari/537.36', '/AirMonitor/a/sys/menu/form', 'GET', 0x69643D3231, '');
INSERT INTO `sys_log` VALUES ('3b89c1dcb80f4958b8ee505d5eb895d4', '1', '-CO2-CO2', '1', '2017-05-16 11:16:34', '0:0:0:0:0:0:0:1', 'Mozilla/5.0 (Windows NT 10.0; WOW64) AppleWebKit/537.36 (KHTML, like Gecko) Chrome/58.0.3029.110 Safari/537.36', '/AirMonitor/a/air/tbCO2', 'GET', '', '');
INSERT INTO `sys_log` VALUES ('3c3b4ed5193b431d95ccf658c3a2c329', '1', '--', '1', '2017-05-16 11:33:16', '0:0:0:0:0:0:0:1', 'Mozilla/5.0 (Windows NT 10.0; WOW64) AppleWebKit/537.36 (KHTML, like Gecko) Chrome/58.0.3029.110 Safari/537.36', '/AirMonitor/a/sys/menu/', 'GET', '', '');
INSERT INTO `sys_log` VALUES ('3c67bbf26e854fd48f27ac2d0fbcbcfd', '1', '--', 'fdbbca469d8441fb855e1018510e32f2', '2017-05-16 11:37:49', '0:0:0:0:0:0:0:1', 'Mozilla/5.0 (Windows NT 10.0; WOW64) AppleWebKit/537.36 (KHTML, like Gecko) Chrome/58.0.3029.110 Safari/537.36', '/AirMonitor/a/air/tbCO2', 'GET', '', '');
INSERT INTO `sys_log` VALUES ('3f7e72efd9634e788793581809c69d7d', '1', '--', '1', '2017-04-26 11:09:28', '0:0:0:0:0:0:0:1', 'Mozilla/5.0 (Windows NT 6.1; WOW64) AppleWebKit/537.36 (KHTML, like Gecko) Chrome/56.0.2924.87 Safari/537.36', '/jeesite/a/act/process', 'GET', '', '');
INSERT INTO `sys_log` VALUES ('3fa1e7f03afc4684b1e669ad9146998f', '1', '---', '1', '2017-03-28 22:17:04', '0:0:0:0:0:0:0:1', 'Mozilla/5.0 (Windows NT 6.1; Win64; x64) AppleWebKit/537.36 (KHTML, like Gecko) Chrome/57.0.2987.110 Safari/537.36', '/jeesite/a/sys/role/form', 'GET', '', '');
INSERT INTO `sys_log` VALUES ('403de1d2422347a49587d34f8f680f2b', '1', '--', 'fdbbca469d8441fb855e1018510e32f2', '2017-04-30 21:57:43', '0:0:0:0:0:0:0:1', 'Mozilla/5.0 (Windows NT 10.0; WOW64) AppleWebKit/537.36 (KHTML, like Gecko) Chrome/57.0.2987.133 Safari/537.36', '/AirMonitor/a/sys/role/', 'GET', 0x7265706167653D, '');
INSERT INTO `sys_log` VALUES ('412b52b8d46547c7b8a3b09c331ef835', '1', '--', '1', '2017-04-27 09:49:49', '0:0:0:0:0:0:0:1', 'Mozilla/5.0 (Windows NT 10.0; WOW64) AppleWebKit/537.36 (KHTML, like Gecko) Chrome/57.0.2987.133 Safari/537.36', '/AirMonitor/a/gen/genScheme', 'GET', '', '');
INSERT INTO `sys_log` VALUES ('4168c32554974739a3e2e76787ca59fd', '1', '--', '1', '2017-05-16 11:16:02', '0:0:0:0:0:0:0:1', 'Mozilla/5.0 (Windows NT 10.0; WOW64) AppleWebKit/537.36 (KHTML, like Gecko) Chrome/58.0.3029.110 Safari/537.36', '/AirMonitor/a/air/tbAirQuality', 'GET', '', '');
INSERT INTO `sys_log` VALUES ('418baef2e10c441fa5accb2c77482fcb', '1', '--', '1', '2017-03-28 22:03:57', '0:0:0:0:0:0:0:1', 'Mozilla/5.0 (Windows NT 6.1; Win64; x64) AppleWebKit/537.36 (KHTML, like Gecko) Chrome/57.0.2987.110 Safari/537.36', '/jeesite/a/sys/user/info', 'GET', '', '');
INSERT INTO `sys_log` VALUES ('41ad464202fc41b287fe08a87c9397cc', '1', '---', '1', '2017-03-28 22:16:18', '0:0:0:0:0:0:0:1', 'Mozilla/5.0 (Windows NT 6.1; Win64; x64) AppleWebKit/537.36 (KHTML, like Gecko) Chrome/57.0.2987.110 Safari/537.36', '/jeesite/a/sys/user/checkLoginName', 'GET', 0x6F6C644C6F67696E4E616D653D7468696E6B67656D266C6F67696E4E616D653D7468696E6B67656D, '');
INSERT INTO `sys_log` VALUES ('428b3da2f4314cc4b3a82139b387bd1d', '1', '--', '1', '2017-03-28 22:11:21', '0:0:0:0:0:0:0:1', 'Mozilla/5.0 (Windows NT 6.1; Win64; x64) AppleWebKit/537.36 (KHTML, like Gecko) Chrome/57.0.2987.110 Safari/537.36', '/jeesite/a/sys/user/info', 'GET', '', '');
INSERT INTO `sys_log` VALUES ('42b9a268645f4abaa460df77fa0f9c42', '1', '--', '1', '2017-05-16 11:30:42', '0:0:0:0:0:0:0:1', 'Mozilla/5.0 (Windows NT 10.0; WOW64) AppleWebKit/537.36 (KHTML, like Gecko) Chrome/58.0.3029.110 Safari/537.36', '/AirMonitor/a/air/tbAirQuality', 'GET', '', '');
INSERT INTO `sys_log` VALUES ('42d313610630420b920bc339d292fea5', '1', '--', '1', '2017-04-30 16:52:30', '0:0:0:0:0:0:0:1', 'Mozilla/5.0 (Windows NT 10.0; WOW64) AppleWebKit/537.36 (KHTML, like Gecko) Chrome/57.0.2987.133 Safari/537.36', '/AirMonitor/a/air/tbAirQuality', 'GET', '', '');
INSERT INTO `sys_log` VALUES ('439ed24a4ad845cfa653d984fea66164', '1', '---', 'fdbbca469d8441fb855e1018510e32f2', '2017-04-30 22:01:53', '0:0:0:0:0:0:0:1', 'Mozilla/5.0 (Windows NT 10.0; WOW64) AppleWebKit/537.36 (KHTML, like Gecko) Chrome/57.0.2987.133 Safari/537.36', '/AirMonitor/a/sys/role/save', 'POST', 0x6F6C64456E6E616D653D266F66666963652E69643D363161656161383036373266346333663964386466656666373563313161313226726F6C65547970653D75736572266461746153636F70653D3826737973446174613D3026656E6E616D653D6E6F726D616C266F66666963654964733D2675736561626C653D31266F6C644E616D653D266F66666963652E6E616D653D6868737475266E616D653DE699AEE9809AE794A8E688B72669643D266D656E754964733D312C65393635346566666437353634333965396230666335326431373132613534312C65653165313234616562356234663963393436316663336331626231383565382C30306534646632343838316134666330623464363661373437613766392E2E2E2672656D61726B733D, '');
INSERT INTO `sys_log` VALUES ('43edca7650704a29943abda8dc8829e1', '1', '--', '1', '2017-03-28 22:17:49', '0:0:0:0:0:0:0:1', 'Mozilla/5.0 (Windows NT 6.1; Win64; x64) AppleWebKit/537.36 (KHTML, like Gecko) Chrome/57.0.2987.110 Safari/537.36', '/jeesite/a/sys/user/index', 'GET', '', '');
INSERT INTO `sys_log` VALUES ('43f1c36c647746edaf200b34276498ff', '1', '--', '1', '2017-05-16 11:16:13', '0:0:0:0:0:0:0:1', 'Mozilla/5.0 (Windows NT 10.0; WOW64) AppleWebKit/537.36 (KHTML, like Gecko) Chrome/58.0.3029.110 Safari/537.36', '/AirMonitor/a/sys/role/', 'GET', '', '');
INSERT INTO `sys_log` VALUES ('445148b234de40bf862fc7a61e56d34a', '1', '--', 'fdbbca469d8441fb855e1018510e32f2', '2017-04-30 21:59:39', '0:0:0:0:0:0:0:1', 'Mozilla/5.0 (Windows NT 10.0; WOW64) AppleWebKit/537.36 (KHTML, like Gecko) Chrome/57.0.2987.133 Safari/537.36', '/AirMonitor/a/sys/role/', 'GET', '', '');
INSERT INTO `sys_log` VALUES ('445b7f00484448ee899e2116bf5608e8', '1', '--', '1', '2017-04-30 16:12:29', '0:0:0:0:0:0:0:1', 'Mozilla/5.0 (Windows NT 10.0; WOW64) AppleWebKit/537.36 (KHTML, like Gecko) Chrome/57.0.2987.133 Safari/537.36', '/AirMonitor/a/air/tbAirQuality', 'GET', '', '');
INSERT INTO `sys_log` VALUES ('44d916859b964d0cb43ea653160f7991', '1', '---', '1', '2017-04-30 21:53:29', '0:0:0:0:0:0:0:1', 'Mozilla/5.0 (Windows NT 10.0; WOW64) AppleWebKit/537.36 (KHTML, like Gecko) Chrome/57.0.2987.133 Safari/537.36', '/AirMonitor/a/sys/user/list', 'GET', '', '');
INSERT INTO `sys_log` VALUES ('44f5f3fa4cff48d399f0d0c05e60cb83', '1', '--', '1', '2017-04-27 08:51:23', '0:0:0:0:0:0:0:1', 'Mozilla/5.0 (Windows NT 10.0; WOW64) AppleWebKit/537.36 (KHTML, like Gecko) Chrome/57.0.2987.133 Safari/537.36', '/AirMonitor/a/sys/user/info', 'GET', '', '');
INSERT INTO `sys_log` VALUES ('471b523d6e934827bd3be4171d8b2437', '1', '---', '1', '2017-03-28 22:13:59', '0:0:0:0:0:0:0:1', 'Mozilla/5.0 (Windows NT 6.1; Win64; x64) AppleWebKit/537.36 (KHTML, like Gecko) Chrome/57.0.2987.110 Safari/537.36', '/jeesite/a/sys/menu/form', 'GET', '', '');
INSERT INTO `sys_log` VALUES ('477fb64a6cf6496f813a7c68d199673b', '1', '---', '1', '2017-05-02 10:29:36', '0:0:0:0:0:0:0:1', 'Mozilla/5.0 (Windows NT 10.0; WOW64) AppleWebKit/537.36 (KHTML, like Gecko) Chrome/57.0.2987.133 Safari/537.36', '/AirMonitor/a/sys/role/save', 'POST', 0x69643D3963623930386565333630643432313261643334376336656365316462656536266F66666963652E69643D3631616561613830363732663463336639643864666566663735633131613132266F66666963652E6E616D653D6868737475266F6C644E616D653D6868737475266E616D653D6868737475266F6C64456E6E616D653D686873747526656E6E616D653D686873747526726F6C65547970653D61737369676E6D656E7426737973446174613D302675736561626C653D31266461746153636F70653D31266D656E754964733D312C32372C32382C32392C33302C32643838633931373263613134303639383832316435353461633734376230332C64323134313264353032386534396135626632336339393562356434663135612C35313537613335393739323234373836612E2E2E266F66666963654964733D2672656D61726B733D, '');
INSERT INTO `sys_log` VALUES ('47ce9aa89c674b9aba13bef7a9d4d4fb', '1', '--', '1', '2017-05-16 11:26:13', '0:0:0:0:0:0:0:1', 'Mozilla/5.0 (Windows NT 10.0; WOW64) AppleWebKit/537.36 (KHTML, like Gecko) Chrome/58.0.3029.110 Safari/537.36', '/AirMonitor/a/sys/menu/', 'GET', '', '');
INSERT INTO `sys_log` VALUES ('496500acce8a4483aa3b239e1bfafd8a', '1', '---', '1', '2017-03-28 22:15:34', '0:0:0:0:0:0:0:1', 'Mozilla/5.0 (Windows NT 6.1; Win64; x64) AppleWebKit/537.36 (KHTML, like Gecko) Chrome/57.0.2987.110 Safari/537.36', '/jeesite/a/sys/user/list', 'GET', '', '');
INSERT INTO `sys_log` VALUES ('49daa143fffa40f5aec2f0b9df4e8dba', '1', '---', '1', '2017-04-27 09:49:58', '0:0:0:0:0:0:0:1', 'Mozilla/5.0 (Windows NT 10.0; WOW64) AppleWebKit/537.36 (KHTML, like Gecko) Chrome/57.0.2987.133 Safari/537.36', '/AirMonitor/a/sys/user/list', 'GET', '', '');
INSERT INTO `sys_log` VALUES ('49fd228cef704cdcb0b7d7d4efa6dd3f', '1', '--', '1', '2017-04-30 17:03:27', '0:0:0:0:0:0:0:1', 'Mozilla/5.0 (Windows NT 10.0; WOW64) AppleWebKit/537.36 (KHTML, like Gecko) Chrome/57.0.2987.133 Safari/537.36', '/AirMonitor/a/air/tbAirQuality', 'GET', '', '');
INSERT INTO `sys_log` VALUES ('4b0a2651d7094dff8958973c73dea430', '1', '---', '1', '2017-04-27 09:50:47', '0:0:0:0:0:0:0:1', 'Mozilla/5.0 (Windows NT 10.0; WOW64) AppleWebKit/537.36 (KHTML, like Gecko) Chrome/57.0.2987.133 Safari/537.36', '/AirMonitor/a/sys/menu/save', 'POST', 0x69643D26706172656E742E69643D653936353465666664373536343339653962306663353264313731326135343126706172656E742E6E616D653DE7A9BAE6B094E8B4A8E9878FE79B91E6B58B266E616D653D434F32E79B91E6B58B26687265663D267461726765743D2669636F6E3D26736F72743D363026697353686F773D31267065726D697373696F6E3D2672656D61726B733D, '');
INSERT INTO `sys_log` VALUES ('4b131d77115b4da1b3316ea4a8a0828e', '1', '--', '1', '2017-04-27 10:11:28', '0:0:0:0:0:0:0:1', 'Mozilla/5.0 (Windows NT 10.0; WOW64) AppleWebKit/537.36 (KHTML, like Gecko) Chrome/57.0.2987.133 Safari/537.36', '/AirMonitor/a/gen/genScheme', 'GET', '', '');
INSERT INTO `sys_log` VALUES ('4bb5060ee9b64739ac8b1610a729e8c3', '1', '--', '1', '2017-05-16 11:36:14', '0:0:0:0:0:0:0:1', 'Mozilla/5.0 (Windows NT 10.0; WOW64) AppleWebKit/537.36 (KHTML, like Gecko) Chrome/58.0.3029.110 Safari/537.36', '/AirMonitor/a/sys/role/', 'GET', '', '');
INSERT INTO `sys_log` VALUES ('4bb7671e7f1b4a12b56e6317429427d2', '1', '--', '1', '2017-04-30 17:08:52', '0:0:0:0:0:0:0:1', 'Mozilla/5.0 (Windows NT 10.0; WOW64) AppleWebKit/537.36 (KHTML, like Gecko) Chrome/57.0.2987.133 Safari/537.36', '/AirMonitor/a/air/tbAirQuality', 'GET', '', '');
INSERT INTO `sys_log` VALUES ('4c2a022fb8ce491289aeda3fb2681e95', '1', '---', '1', '2017-04-30 22:01:09', '0:0:0:0:0:0:0:1', 'Mozilla/5.0 (Windows NT 10.0; WOW64) AppleWebKit/537.36 (KHTML, like Gecko) Chrome/57.0.2987.133 Safari/537.36', '/AirMonitor/a/sys/role/save', 'POST', 0x6F6C64456E6E616D653D6868737475266F66666963652E69643D363161656161383036373266346333663964386466656666373563313161313226726F6C65547970653D61737369676E6D656E74266461746153636F70653D3126737973446174613D3026656E6E616D653D6868737475266F66666963654964733D2675736561626C653D31266F6C644E616D653D6868737475266F66666963652E6E616D653D6868737475266E616D653D68687374752669643D3963623930386565333630643432313261643334376336656365316462656536266D656E754964733D312C32372C32382C32392C33302C322C332C372C382C392C32643838633931373263613134303639383832316435353461633734376230332C64323134313264353032386534396135626632336339393562356434663135612C353135376133352E2E2E2672656D61726B733D, '');
INSERT INTO `sys_log` VALUES ('4cd053d117714e20af23d08be7d28768', '1', '--', '1', '2017-04-30 21:58:11', '0:0:0:0:0:0:0:1', 'Mozilla/5.0 (Windows NT 10.0; WOW64) AppleWebKit/537.36 (KHTML, like Gecko) Chrome/57.0.2987.133 Safari/537.36', '/AirMonitor/a/sys/user/info', 'GET', '', '');
INSERT INTO `sys_log` VALUES ('4d1a5bd07c7e4b53924bb529a30dbdf6', '1', '--', '1', '2017-03-28 22:03:48', '0:0:0:0:0:0:0:1', 'Mozilla/5.0 (Windows NT 6.1; Win64; x64) AppleWebKit/537.36 (KHTML, like Gecko) Chrome/57.0.2987.110 Safari/537.36', '/jeesite/a/sys/user/modifyPwd', 'GET', '', '');
INSERT INTO `sys_log` VALUES ('4d878f5586834bbcb3c0a5c924303cbe', '1', '--', '1', '2017-04-26 11:09:46', '0:0:0:0:0:0:0:1', 'Mozilla/5.0 (Windows NT 6.1; WOW64) AppleWebKit/537.36 (KHTML, like Gecko) Chrome/56.0.2924.87 Safari/537.36', '/jeesite/a/act/process', 'GET', '', '');
INSERT INTO `sys_log` VALUES ('4e1ca377749c4d23855016c85cd1c268', '1', '--', 'fdbbca469d8441fb855e1018510e32f2', '2017-04-30 22:02:36', '0:0:0:0:0:0:0:1', 'Mozilla/5.0 (Windows NT 10.0; WOW64) AppleWebKit/537.36 (KHTML, like Gecko) Chrome/57.0.2987.133 Safari/537.36', '/AirMonitor/a/sys/role/', 'GET', 0x7265706167653D, '');
INSERT INTO `sys_log` VALUES ('4e36ed9aa50d480d9927001f1692b650', '1', '---', '1', '2017-03-28 22:16:57', '0:0:0:0:0:0:0:1', 'Mozilla/5.0 (Windows NT 6.1; Win64; x64) AppleWebKit/537.36 (KHTML, like Gecko) Chrome/57.0.2987.110 Safari/537.36', '/jeesite/a/sys/user/list', 'GET', 0x7265706167653D, '');
INSERT INTO `sys_log` VALUES ('4e4f9399c5a94c8693ac43db92eea133', '1', '--', '1', '2017-05-02 10:28:54', '0:0:0:0:0:0:0:1', 'Mozilla/5.0 (Windows NT 10.0; WOW64) AppleWebKit/537.36 (KHTML, like Gecko) Chrome/57.0.2987.133 Safari/537.36', '/AirMonitor/a/sys/role/', 'GET', '', '');
INSERT INTO `sys_log` VALUES ('4ef31e143113433ba92c8992c524af92', '1', '---', '1', '2017-03-28 22:15:03', '0:0:0:0:0:0:0:1', 'Mozilla/5.0 (Windows NT 6.1; Win64; x64) AppleWebKit/537.36 (KHTML, like Gecko) Chrome/57.0.2987.110 Safari/537.36', '/jeesite/a/sys/office/delete', 'GET', 0x69643D31, '');
INSERT INTO `sys_log` VALUES ('4f11ce85b8e246e0b48e7417cec1ce45', '1', '---', '1', '2017-05-16 11:34:03', '0:0:0:0:0:0:0:1', 'Mozilla/5.0 (Windows NT 10.0; WOW64) AppleWebKit/537.36 (KHTML, like Gecko) Chrome/58.0.3029.110 Safari/537.36', '/AirMonitor/a/sys/menu/save', 'POST', 0x69643D26706172656E742E69643D643339653065613563383934343035336130656265623162386539653737616326706172656E742E6E616D653DE58E86E58FB2E695B0E68DAEE588A0E999A4266E616D653D504D3130E588A0E999A426687265663D2F6169722F74624843484F2F6C69737444656C267461726765743D2669636F6E3D26736F72743D31323026697353686F773D31267065726D697373696F6E3D6169723A74624843484F3A766965772C6169723A74624843484F3A656469742672656D61726B733D, '');
INSERT INTO `sys_log` VALUES ('4f29e4d15a2c464ea64b3633821536c9', '1', '---', '1', '2017-03-28 22:16:23', '0:0:0:0:0:0:0:1', 'Mozilla/5.0 (Windows NT 6.1; Win64; x64) AppleWebKit/537.36 (KHTML, like Gecko) Chrome/57.0.2987.110 Safari/537.36', '/jeesite/a/sys/user/form', 'GET', '', '');
INSERT INTO `sys_log` VALUES ('4f2f38f7d0224e4a8c6cec1d28229ced', '1', '---', '1', '2017-04-30 21:49:45', '0:0:0:0:0:0:0:1', 'Mozilla/5.0 (Windows NT 10.0; WOW64) AppleWebKit/537.36 (KHTML, like Gecko) Chrome/57.0.2987.133 Safari/537.36', '/AirMonitor/a/sys/user/list', 'GET', '', '');
INSERT INTO `sys_log` VALUES ('4f5845aedbb5457aa0651eb7fcfa0680', '1', '--', 'fdbbca469d8441fb855e1018510e32f2', '2017-04-30 22:01:53', '0:0:0:0:0:0:0:1', 'Mozilla/5.0 (Windows NT 10.0; WOW64) AppleWebKit/537.36 (KHTML, like Gecko) Chrome/57.0.2987.133 Safari/537.36', '/AirMonitor/a/sys/role/', 'GET', 0x7265706167653D, '');
INSERT INTO `sys_log` VALUES ('5061da39eb124e2cb6d7b3015ae649ee', '1', '--', '1', '2017-05-16 11:16:12', '0:0:0:0:0:0:0:1', 'Mozilla/5.0 (Windows NT 10.0; WOW64) AppleWebKit/537.36 (KHTML, like Gecko) Chrome/58.0.3029.110 Safari/537.36', '/AirMonitor/a/air/tbAirQuality', 'GET', '', '');
INSERT INTO `sys_log` VALUES ('50ab42d9882b488484ea717c65f80819', '1', '---', 'fdbbca469d8441fb855e1018510e32f2', '2017-05-02 13:27:14', '0:0:0:0:0:0:0:1', 'Mozilla/5.0 (Windows NT 10.0; WOW64) AppleWebKit/537.36 (KHTML, like Gecko) Chrome/57.0.2987.133 Safari/537.36', '/AirMonitor/a/sys/user/list', 'GET', '', '');
INSERT INTO `sys_log` VALUES ('50c0c215e6734535a1995cba3d994515', '1', '---', 'fdbbca469d8441fb855e1018510e32f2', '2017-04-30 22:01:23', '0:0:0:0:0:0:0:1', 'Mozilla/5.0 (Windows NT 10.0; WOW64) AppleWebKit/537.36 (KHTML, like Gecko) Chrome/57.0.2987.133 Safari/537.36', '/AirMonitor/a/sys/role/form', 'GET', '', '');
INSERT INTO `sys_log` VALUES ('5115d178273b4ff1a24506c47b1c0002', '1', '--', '1', '2017-05-16 11:35:54', '0:0:0:0:0:0:0:1', 'Mozilla/5.0 (Windows NT 10.0; WOW64) AppleWebKit/537.36 (KHTML, like Gecko) Chrome/58.0.3029.110 Safari/537.36', '/AirMonitor/a/air/tbSO2', 'GET', '', '');
INSERT INTO `sys_log` VALUES ('51bb3828fc8b42e2a1994d43517a388c', '1', '--', '1', '2017-04-30 16:29:58', '0:0:0:0:0:0:0:1', 'Mozilla/5.0 (Windows NT 10.0; WOW64) AppleWebKit/537.36 (KHTML, like Gecko) Chrome/57.0.2987.133 Safari/537.36', '/AirMonitor/a/air/tbAirQuality', 'GET', '', '');
INSERT INTO `sys_log` VALUES ('520e7e468124450195996fa2394fc495', '1', '--', '1', '2017-05-16 11:35:52', '0:0:0:0:0:0:0:1', 'Mozilla/5.0 (Windows NT 10.0; WOW64) AppleWebKit/537.36 (KHTML, like Gecko) Chrome/58.0.3029.110 Safari/537.36', '/AirMonitor/a/air/tbCO2', 'GET', '', '');
INSERT INTO `sys_log` VALUES ('5267f230e4f943589dbef8d0675aed30', '1', '--', '1', '2017-04-30 21:49:39', '0:0:0:0:0:0:0:1', 'Mozilla/5.0 (Windows NT 10.0; WOW64) AppleWebKit/537.36 (KHTML, like Gecko) Chrome/57.0.2987.133 Safari/537.36', '/AirMonitor/a/air/tbAirQuality', 'GET', '', '');
INSERT INTO `sys_log` VALUES ('52835acdd057430084252fad1001ac66', '1', '--', '1', '2017-03-28 22:17:29', '0:0:0:0:0:0:0:1', 'Mozilla/5.0 (Windows NT 6.1; Win64; x64) AppleWebKit/537.36 (KHTML, like Gecko) Chrome/57.0.2987.110 Safari/537.36', '/jeesite/a/sys/role/', 'GET', 0x7265706167653D, '');
INSERT INTO `sys_log` VALUES ('52f602a6300b4f2c878714b24f3775fe', '1', '---', '1', '2017-03-28 22:15:48', '0:0:0:0:0:0:0:1', 'Mozilla/5.0 (Windows NT 6.1; Win64; x64) AppleWebKit/537.36 (KHTML, like Gecko) Chrome/57.0.2987.110 Safari/537.36', '/jeesite/a/sys/user/list', 'GET', 0x7265706167653D, '');
INSERT INTO `sys_log` VALUES ('534901ae07304bfb9306caebad103c5b', '1', '---', '1', '2017-05-16 11:30:55', '0:0:0:0:0:0:0:1', 'Mozilla/5.0 (Windows NT 10.0; WOW64) AppleWebKit/537.36 (KHTML, like Gecko) Chrome/58.0.3029.110 Safari/537.36', '/AirMonitor/a/sys/user/list', 'GET', '', '');
INSERT INTO `sys_log` VALUES ('53a20e1b47ec47a6a2bce8bdb405cbed', '1', '---', '1', '2017-04-30 21:51:32', '0:0:0:0:0:0:0:1', 'Mozilla/5.0 (Windows NT 10.0; WOW64) AppleWebKit/537.36 (KHTML, like Gecko) Chrome/57.0.2987.133 Safari/537.36', '/AirMonitor/a/sys/menu/form', 'GET', 0x69643D3230, '');
INSERT INTO `sys_log` VALUES ('543762edf0b9481eb820cc06a02604c9', '1', '---', '1', '2017-05-16 11:28:07', '0:0:0:0:0:0:0:1', 'Mozilla/5.0 (Windows NT 10.0; WOW64) AppleWebKit/537.36 (KHTML, like Gecko) Chrome/58.0.3029.110 Safari/537.36', '/AirMonitor/a/sys/menu/form', 'GET', 0x706172656E742E69643D3233353235383034306236613434373262623362666666353636646266343333, '');
INSERT INTO `sys_log` VALUES ('557f268e18cd48b49912304155e8148e', '1', '--', 'fdbbca469d8441fb855e1018510e32f2', '2017-03-28 22:18:11', '0:0:0:0:0:0:0:1', 'Mozilla/5.0 (Windows NT 6.1; Win64; x64) AppleWebKit/537.36 (KHTML, like Gecko) Chrome/57.0.2987.110 Safari/537.36', '/jeesite/a/sys/user/info', 'GET', '', '');
INSERT INTO `sys_log` VALUES ('56343f5a6eb1467e97dd779ff36b3d4a', '1', '---', '1', '2017-04-30 21:51:13', '0:0:0:0:0:0:0:1', 'Mozilla/5.0 (Windows NT 10.0; WOW64) AppleWebKit/537.36 (KHTML, like Gecko) Chrome/57.0.2987.133 Safari/537.36', '/AirMonitor/a/sys/menu/form', 'GET', 0x706172656E742E69643D3264383863393137326361313430363938383231643535346163373437623033, '');
INSERT INTO `sys_log` VALUES ('5695115a13b94dadadc34699b5f14492', '1', '--', '1', '2017-04-27 09:51:03', '0:0:0:0:0:0:0:1', 'Mozilla/5.0 (Windows NT 10.0; WOW64) AppleWebKit/537.36 (KHTML, like Gecko) Chrome/57.0.2987.133 Safari/537.36', '/AirMonitor/a/sys/menu/', 'GET', '', '');
INSERT INTO `sys_log` VALUES ('5709e3aa1ff7452dbdfb255dd4b83bd7', '1', '---', '1', '2017-03-28 22:15:07', '0:0:0:0:0:0:0:1', 'Mozilla/5.0 (Windows NT 6.1; Win64; x64) AppleWebKit/537.36 (KHTML, like Gecko) Chrome/57.0.2987.110 Safari/537.36', '/jeesite/a/sys/office/form', 'GET', 0x706172656E742E69643D, '');
INSERT INTO `sys_log` VALUES ('579006cc26c348b69c732da7a9e0baae', '1', '--', '1', '2017-04-30 21:53:23', '0:0:0:0:0:0:0:1', 'Mozilla/5.0 (Windows NT 10.0; WOW64) AppleWebKit/537.36 (KHTML, like Gecko) Chrome/57.0.2987.133 Safari/537.36', '/AirMonitor/a/sys/role/', 'GET', '', '');
INSERT INTO `sys_log` VALUES ('57af8ef43a244774aaa9786183d74b7f', '1', '--', '1', '2017-05-16 11:16:38', '0:0:0:0:0:0:0:1', 'Mozilla/5.0 (Windows NT 10.0; WOW64) AppleWebKit/537.36 (KHTML, like Gecko) Chrome/58.0.3029.110 Safari/537.36', '/AirMonitor/a/air/tbTempHum', 'GET', '', '');
INSERT INTO `sys_log` VALUES ('58341818c2fa4f6e8b362c07436430b8', '1', '---', '1', '2017-03-28 22:04:24', '0:0:0:0:0:0:0:1', 'Mozilla/5.0 (Windows NT 6.1; Win64; x64) AppleWebKit/537.36 (KHTML, like Gecko) Chrome/57.0.2987.110 Safari/537.36', '/jeesite/a/cms/article/', 'GET', 0x63617465676F72792E69643D33, '');
INSERT INTO `sys_log` VALUES ('587d303bcefd4e7f8424007115b83345', '1', '---', '1', '2017-03-28 22:14:21', '0:0:0:0:0:0:0:1', 'Mozilla/5.0 (Windows NT 6.1; Win64; x64) AppleWebKit/537.36 (KHTML, like Gecko) Chrome/57.0.2987.110 Safari/537.36', '/jeesite/a/sys/menu/save', 'POST', 0x69643D26706172656E742E69643D3126706172656E742E6E616D653DE58A9FE883BDE88F9CE58D95266E616D653DE58E86E58FB2E695B0E68DAEE69FA5E8AFA226687265663D267461726765743D2669636F6E3D26736F72743D3531323026697353686F773D31267065726D697373696F6E3D2672656D61726B733D, '');
INSERT INTO `sys_log` VALUES ('58dc2cce3874481ab14430754a456238', '1', '--', 'fdbbca469d8441fb855e1018510e32f2', '2017-05-02 13:15:43', '0:0:0:0:0:0:0:1', 'Mozilla/5.0 (Windows NT 10.0; WOW64) AppleWebKit/537.36 (KHTML, like Gecko) Chrome/57.0.2987.133 Safari/537.36', '/AirMonitor/a/sys/user/info', 'GET', '', '');
INSERT INTO `sys_log` VALUES ('5927391aa3c440049a4669fb10dfb351', '1', '---', '1', '2017-03-28 22:16:02', '0:0:0:0:0:0:0:1', 'Mozilla/5.0 (Windows NT 6.1; Win64; x64) AppleWebKit/537.36 (KHTML, like Gecko) Chrome/57.0.2987.110 Safari/537.36', '/jeesite/a/sys/user/list', 'GET', 0x7265706167653D, '');
INSERT INTO `sys_log` VALUES ('5a08ce33c45548b084df08d5eff9cbbc', '1', '---', '1', '2017-05-16 11:35:45', '0:0:0:0:0:0:0:1', 'Mozilla/5.0 (Windows NT 10.0; WOW64) AppleWebKit/537.36 (KHTML, like Gecko) Chrome/58.0.3029.110 Safari/537.36', '/AirMonitor/a/sys/menu/save', 'POST', 0x69643D383763323134623162616338343636656264326664363134346632363534336126706172656E742E69643D643339653065613563383934343035336130656265623162386539653737616326706172656E742E6E616D653DE58E86E58FB2E695B0E68DAEE588A0E999A4266E616D653DE4BA8CE6B0A7E58C96E7A2B3E588A0E999A426687265663D2F6169722F7462434F322F6C69737444656C267461726765743D2669636F6E3D26736F72743D333026697353686F773D31267065726D697373696F6E3D6169723A7462434F323A766965772C6169723A7462434F323A656469742672656D61726B733D, '');
INSERT INTO `sys_log` VALUES ('5a77be28de8b42a5a3438a241b74adf2', '1', '--', '1', '2017-04-30 17:20:22', '0:0:0:0:0:0:0:1', 'Mozilla/5.0 (Windows NT 10.0; WOW64) AppleWebKit/537.36 (KHTML, like Gecko) Chrome/57.0.2987.133 Safari/537.36', '/AirMonitor/a/sys/user/info', 'GET', '', '');
INSERT INTO `sys_log` VALUES ('5aea197fdc424dafa5df2cf2356a51b5', '1', '--', 'fdbbca469d8441fb855e1018510e32f2', '2017-05-02 13:17:01', '0:0:0:0:0:0:0:1', 'Mozilla/5.0 (Windows NT 10.0; WOW64) AppleWebKit/537.36 (KHTML, like Gecko) Chrome/57.0.2987.133 Safari/537.36', '/AirMonitor/a/sys/user/info', 'GET', '', '');
INSERT INTO `sys_log` VALUES ('5b0c86ce1c494bfd93fa11a9222c89d6', '1', '', '1', '2017-04-30 15:57:58', '0:0:0:0:0:0:0:1', 'Mozilla/5.0 (Windows NT 10.0; WOW64) AppleWebKit/537.36 (KHTML, like Gecko) Chrome/57.0.2987.133 Safari/537.36', '/AirMonitor/a', 'GET', 0x6C6F67696E3D, '');
INSERT INTO `sys_log` VALUES ('5b351c134dc54fda8e01694adbff0a5b', '1', '---', '1', '2017-05-16 11:26:12', '0:0:0:0:0:0:0:1', 'Mozilla/5.0 (Windows NT 10.0; WOW64) AppleWebKit/537.36 (KHTML, like Gecko) Chrome/58.0.3029.110 Safari/537.36', '/AirMonitor/a/sys/menu/updateSort', 'POST', 0x6964733D323726736F7274733D35303930, '');
INSERT INTO `sys_log` VALUES ('5b642cbd758446dc8badf53c829ff01e', '1', '---', '1', '2017-05-16 11:25:08', '0:0:0:0:0:0:0:1', 'Mozilla/5.0 (Windows NT 10.0; WOW64) AppleWebKit/537.36 (KHTML, like Gecko) Chrome/58.0.3029.110 Safari/537.36', '/AirMonitor/a/sys/menu/delete', 'GET', 0x69643D3734353362396164383539613462336238313661613364306461373730646361, '');
INSERT INTO `sys_log` VALUES ('5b644cc66c144901bdeba6c577998d21', '1', '-CO2-CO2', '1', '2017-04-30 16:26:22', '0:0:0:0:0:0:0:1', 'Mozilla/5.0 (Windows NT 10.0; WOW64) AppleWebKit/537.36 (KHTML, like Gecko) Chrome/57.0.2987.133 Safari/537.36', '/AirMonitor/a/air/tbCO2', 'GET', '', '');
INSERT INTO `sys_log` VALUES ('5b97876e2dc64415977ddfe01d902d05', '1', '--', 'fdbbca469d8441fb855e1018510e32f2', '2017-05-02 13:16:44', '0:0:0:0:0:0:0:1', 'Mozilla/5.0 (Windows NT 10.0; WOW64) AppleWebKit/537.36 (KHTML, like Gecko) Chrome/57.0.2987.133 Safari/537.36', '/AirMonitor/a/sys/user/info', 'GET', '', '');
INSERT INTO `sys_log` VALUES ('5bbcb349775c43339a1fea21d607513e', '1', '--', '1', '2017-04-30 17:04:02', '0:0:0:0:0:0:0:1', 'Mozilla/5.0 (Windows NT 10.0; WOW64) AppleWebKit/537.36 (KHTML, like Gecko) Chrome/57.0.2987.133 Safari/537.36', '/AirMonitor/a/sys/user/info', 'GET', '', '');
INSERT INTO `sys_log` VALUES ('5bbf8439e9c846c7b636c51b14eaa984', '1', '--', '1', '2017-04-30 21:47:42', '0:0:0:0:0:0:0:1', 'Mozilla/5.0 (Windows NT 10.0; WOW64) AppleWebKit/537.36 (KHTML, like Gecko) Chrome/57.0.2987.133 Safari/537.36', '/AirMonitor/a/sys/user/info', 'GET', '', '');
INSERT INTO `sys_log` VALUES ('5c21aa476ec24f14a82e637de8963cf8', '1', '', '1', '2017-03-28 22:03:32', '0:0:0:0:0:0:0:1', 'Mozilla/5.0 (Windows NT 6.1; Win64; x64) AppleWebKit/537.36 (KHTML, like Gecko) Chrome/57.0.2987.110 Safari/537.36', '/jeesite/a', 'GET', 0x6C6F67696E3D, '');
INSERT INTO `sys_log` VALUES ('5c3340d74f3a4cb09d3b9048c5389360', '1', '---', '1', '2017-05-16 11:29:31', '0:0:0:0:0:0:0:1', 'Mozilla/5.0 (Windows NT 10.0; WOW64) AppleWebKit/537.36 (KHTML, like Gecko) Chrome/58.0.3029.110 Safari/537.36', '/AirMonitor/a/sys/menu/form', 'GET', 0x706172656E742E69643D3233353235383034306236613434373262623362666666353636646266343333, '');
INSERT INTO `sys_log` VALUES ('5c4bb99599f34f27a9476492ca741152', '1', '--', '1', '2017-04-27 10:22:21', '0:0:0:0:0:0:0:1', 'Mozilla/5.0 (Windows NT 10.0; WOW64) AppleWebKit/537.36 (KHTML, like Gecko) Chrome/57.0.2987.133 Safari/537.36', '/AirMonitor/a/air/tbAirQuality', 'GET', '', '');
INSERT INTO `sys_log` VALUES ('5ca26451af344c21b54525a226f66f16', '1', '--', '1', '2017-04-30 21:51:55', '0:0:0:0:0:0:0:1', 'Mozilla/5.0 (Windows NT 10.0; WOW64) AppleWebKit/537.36 (KHTML, like Gecko) Chrome/57.0.2987.133 Safari/537.36', '/AirMonitor/a/sys/menu/', 'GET', '', '');
INSERT INTO `sys_log` VALUES ('5cd549df5cca4d9794971c81fe54376b', '1', '--', '1', '2017-04-30 17:11:21', '0:0:0:0:0:0:0:1', 'Mozilla/5.0 (Windows NT 10.0; WOW64) AppleWebKit/537.36 (KHTML, like Gecko) Chrome/57.0.2987.133 Safari/537.36', '/AirMonitor/a/air/tbAirQuality', 'GET', '', '');
INSERT INTO `sys_log` VALUES ('5d2b419e6a7c49bca1b56cff8032541c', '1', '--', '1', '2017-04-30 16:35:26', '0:0:0:0:0:0:0:1', 'Mozilla/5.0 (Windows NT 10.0; WOW64) AppleWebKit/537.36 (KHTML, like Gecko) Chrome/57.0.2987.133 Safari/537.36', '/AirMonitor/a/sys/user/index', 'GET', '', '');
INSERT INTO `sys_log` VALUES ('5d9ca3ba166349acac6d460a1c085094', '1', '--', '1', '2017-04-30 21:50:34', '0:0:0:0:0:0:0:1', 'Mozilla/5.0 (Windows NT 10.0; WOW64) AppleWebKit/537.36 (KHTML, like Gecko) Chrome/57.0.2987.133 Safari/537.36', '/AirMonitor/a/cms/', 'GET', '', '');
INSERT INTO `sys_log` VALUES ('5ddb84aba1d34a0096b54e6eb02ca2da', '1', '--', '1', '2017-04-30 21:58:14', '0:0:0:0:0:0:0:1', 'Mozilla/5.0 (Windows NT 10.0; WOW64) AppleWebKit/537.36 (KHTML, like Gecko) Chrome/57.0.2987.133 Safari/537.36', '/AirMonitor/a/sys/role/', 'GET', '', '');
INSERT INTO `sys_log` VALUES ('5de6471016674c6b855934bf94fcce6c', '1', '---', 'fdbbca469d8441fb855e1018510e32f2', '2017-05-02 10:34:56', '0:0:0:0:0:0:0:1', 'Mozilla/5.0 (Windows NT 10.0; Win64; x64) AppleWebKit/537.36 (KHTML, like Gecko) Chrome/52.0.2743.116 Safari/537.36 Edge/15.15063', '/AirMonitor/a/sys/user/list', 'GET', '', '');
INSERT INTO `sys_log` VALUES ('5dfa943edf2f4778a3a2302aeb64e431', '1', '--', '1', '2017-04-27 08:44:37', '0:0:0:0:0:0:0:1', 'Mozilla/5.0 (Windows NT 10.0; WOW64) AppleWebKit/537.36 (KHTML, like Gecko) Chrome/57.0.2987.133 Safari/537.36', '/AirMonitor/a/sys/user/info', 'GET', '', '');
INSERT INTO `sys_log` VALUES ('5ead1068709349dc8776f9f41c18c8c7', '1', '---', '1', '2017-03-28 22:16:09', '0:0:0:0:0:0:0:1', 'Mozilla/5.0 (Windows NT 6.1; Win64; x64) AppleWebKit/537.36 (KHTML, like Gecko) Chrome/57.0.2987.110 Safari/537.36', '/jeesite/a/sys/user/list', 'GET', 0x7265706167653D, '');
INSERT INTO `sys_log` VALUES ('5f2f02bb33d74e878b705657cda6214b', '1', '---', 'fdbbca469d8441fb855e1018510e32f2', '2017-04-30 21:57:07', '0:0:0:0:0:0:0:1', 'Mozilla/5.0 (Windows NT 10.0; WOW64) AppleWebKit/537.36 (KHTML, like Gecko) Chrome/57.0.2987.133 Safari/537.36', '/AirMonitor/a/sys/user/list', 'GET', '', '');
INSERT INTO `sys_log` VALUES ('5fcd14026a324539b0e69c2df93f9250', '1', '---', '1', '2017-03-28 22:17:42', '0:0:0:0:0:0:0:1', 'Mozilla/5.0 (Windows NT 6.1; Win64; x64) AppleWebKit/537.36 (KHTML, like Gecko) Chrome/57.0.2987.110 Safari/537.36', '/jeesite/a/sys/role/save', 'POST', 0x69643D3963623930386565333630643432313261643334376336656365316462656536266F66666963652E69643D3631616561613830363732663463336639643864666566663735633131613132266F66666963652E6E616D653D6868737475266F6C644E616D653D6868737475266E616D653D6868737475266F6C64456E6E616D653D686873747526656E6E616D653D686873747526726F6C65547970653D61737369676E6D656E7426737973446174613D312675736561626C653D31266461746153636F70653D31266D656E754964733D312C32372C32382C32392C33302C32643838633931373263613134303639383832316435353461633734376230332C62393936663465313864306334633539393835383666313035356339383233302C65393635346566666437353634333965392E2E2E266F66666963654964733D2672656D61726B733D, '');
INSERT INTO `sys_log` VALUES ('6006363901de4adcaa79c58f04109cc0', '1', '--', '1', '2017-04-30 17:04:21', '0:0:0:0:0:0:0:1', 'Mozilla/5.0 (Windows NT 10.0; WOW64) AppleWebKit/537.36 (KHTML, like Gecko) Chrome/57.0.2987.133 Safari/537.36', '/AirMonitor/a/air/tbAirQuality', 'GET', '', '');
INSERT INTO `sys_log` VALUES ('60d59c887ec14961831db8a68d777c20', '1', '--', 'fdbbca469d8441fb855e1018510e32f2', '2017-04-30 21:59:48', '0:0:0:0:0:0:0:1', 'Mozilla/5.0 (Windows NT 10.0; WOW64) AppleWebKit/537.36 (KHTML, like Gecko) Chrome/57.0.2987.133 Safari/537.36', '/AirMonitor/a/sys/role/', 'GET', 0x7265706167653D, '');
INSERT INTO `sys_log` VALUES ('60f11f15a66a46a7b16231c88a835a03', '1', '--', '1', '2017-04-27 09:49:59', '0:0:0:0:0:0:0:1', 'Mozilla/5.0 (Windows NT 10.0; WOW64) AppleWebKit/537.36 (KHTML, like Gecko) Chrome/57.0.2987.133 Safari/537.36', '/AirMonitor/a/sys/role/', 'GET', '', '');
INSERT INTO `sys_log` VALUES ('61060312a34f42c19b61c0f743c30c3a', '1', '-', '1', '2017-03-28 22:04:05', '0:0:0:0:0:0:0:1', 'Mozilla/5.0 (Windows NT 6.1; Win64; x64) AppleWebKit/537.36 (KHTML, like Gecko) Chrome/57.0.2987.110 Safari/537.36', '/jeesite/a/cms/none', 'GET', '', '');
INSERT INTO `sys_log` VALUES ('61776e7108b04faaa98e0eac4aa034a9', '1', '', '1', '2017-05-16 11:15:41', '0:0:0:0:0:0:0:1', 'Mozilla/5.0 (Windows NT 10.0; WOW64) AppleWebKit/537.36 (KHTML, like Gecko) Chrome/58.0.3029.110 Safari/537.36', '/AirMonitor/a', 'GET', 0x6C6F67696E3D, '');
INSERT INTO `sys_log` VALUES ('61fbf4c48c0d498c8373ac5889036933', '1', '---', '1', '2017-05-16 11:33:21', '0:0:0:0:0:0:0:1', 'Mozilla/5.0 (Windows NT 10.0; WOW64) AppleWebKit/537.36 (KHTML, like Gecko) Chrome/58.0.3029.110 Safari/537.36', '/AirMonitor/a/sys/menu/form', 'GET', 0x706172656E742E69643D6433396530656135633839343430353361306562656231623865396537376163, '');
INSERT INTO `sys_log` VALUES ('61fe2c3be7294e7791490f8d144eaf55', '1', '--', '1', '2017-04-30 16:40:58', '0:0:0:0:0:0:0:1', 'Mozilla/5.0 (Windows NT 10.0; WOW64) AppleWebKit/537.36 (KHTML, like Gecko) Chrome/57.0.2987.133 Safari/537.36', '/AirMonitor/a/air/tbAirQuality', 'GET', '', '');
INSERT INTO `sys_log` VALUES ('63828161be924d45ad6be09048d4bb74', '1', '--', '1', '2017-04-30 21:50:14', '0:0:0:0:0:0:0:1', 'Mozilla/5.0 (Windows NT 10.0; WOW64) AppleWebKit/537.36 (KHTML, like Gecko) Chrome/57.0.2987.133 Safari/537.36', '/AirMonitor/a/cms/', 'GET', '', '');
INSERT INTO `sys_log` VALUES ('6480801a5e34415d8e0d402563e2c2d2', '1', '--', '1', '2017-05-16 11:36:52', '0:0:0:0:0:0:0:1', 'Mozilla/5.0 (Windows NT 10.0; WOW64) AppleWebKit/537.36 (KHTML, like Gecko) Chrome/58.0.3029.110 Safari/537.36', '/AirMonitor/a/sys/user/index', 'GET', '', '');
INSERT INTO `sys_log` VALUES ('65c19b0b9a96416d8594d509d1598a2c', '1', '---', '1', '2017-03-28 22:16:19', '0:0:0:0:0:0:0:1', 'Mozilla/5.0 (Windows NT 6.1; Win64; x64) AppleWebKit/537.36 (KHTML, like Gecko) Chrome/57.0.2987.110 Safari/537.36', '/jeesite/a/sys/user/list', 'GET', 0x7265706167653D, '');
INSERT INTO `sys_log` VALUES ('6677bec614f04225acdf9f037a73226f', '1', '--', 'fdbbca469d8441fb855e1018510e32f2', '2017-05-02 14:31:48', '0:0:0:0:0:0:0:1', 'Mozilla/5.0 (Windows NT 10.0; Win64; x64) AppleWebKit/537.36 (KHTML, like Gecko) Chrome/52.0.2743.116 Safari/537.36 Edge/15.15063', '/AirMonitor/a/sys/user/index', 'GET', '', '');
INSERT INTO `sys_log` VALUES ('672adbbd9d974a2cb9bdf5a579eed3f8', '1', '--', '1', '2017-05-16 11:35:45', '0:0:0:0:0:0:0:1', 'Mozilla/5.0 (Windows NT 10.0; WOW64) AppleWebKit/537.36 (KHTML, like Gecko) Chrome/58.0.3029.110 Safari/537.36', '/AirMonitor/a/sys/menu/', 'GET', '', '');
INSERT INTO `sys_log` VALUES ('6744a53c51914270a93bfd44167500ed', '1', '---', '1', '2017-04-30 22:00:17', '0:0:0:0:0:0:0:1', 'Mozilla/5.0 (Windows NT 10.0; WOW64) AppleWebKit/537.36 (KHTML, like Gecko) Chrome/57.0.2987.133 Safari/537.36', '/AirMonitor/a/sys/role/form', 'GET', 0x69643D3963623930386565333630643432313261643334376336656365316462656536, '');
INSERT INTO `sys_log` VALUES ('67fc7d29faca481e80cbbb7c00309d5a', '1', '--', '1', '2017-04-30 16:29:54', '0:0:0:0:0:0:0:1', 'Mozilla/5.0 (Windows NT 10.0; WOW64) AppleWebKit/537.36 (KHTML, like Gecko) Chrome/57.0.2987.133 Safari/537.36', '/AirMonitor/a/sys/user/info', 'GET', '', '');
INSERT INTO `sys_log` VALUES ('6840ccb5023e476caa491a1135e47081', '1', '---', '1', '2017-05-02 10:28:57', '0:0:0:0:0:0:0:1', 'Mozilla/5.0 (Windows NT 10.0; WOW64) AppleWebKit/537.36 (KHTML, like Gecko) Chrome/57.0.2987.133 Safari/537.36', '/AirMonitor/a/sys/role/form', 'GET', 0x69643D3963623930386565333630643432313261643334376336656365316462656536, '');
INSERT INTO `sys_log` VALUES ('685a948dad7d453aa27b3cebc4aacf1c', '1', '--', '1', '2017-05-16 11:35:58', '0:0:0:0:0:0:0:1', 'Mozilla/5.0 (Windows NT 10.0; WOW64) AppleWebKit/537.36 (KHTML, like Gecko) Chrome/58.0.3029.110 Safari/537.36', '/AirMonitor/a/air/tbCO2/listDel', 'GET', '', '');
INSERT INTO `sys_log` VALUES ('688412a00b3a4748be3c3bceea18aea5', '1', '', 'fdbbca469d8441fb855e1018510e32f2', '2017-05-02 14:31:43', '0:0:0:0:0:0:0:1', 'Mozilla/5.0 (Windows NT 10.0; Win64; x64) AppleWebKit/537.36 (KHTML, like Gecko) Chrome/52.0.2743.116 Safari/537.36 Edge/15.15063', '/AirMonitor/a', 'GET', 0x6C6F67696E3D, '');
INSERT INTO `sys_log` VALUES ('68bd09da09814c2ab720831dc90648ae', '1', '--', '1', '2017-04-30 16:57:44', '0:0:0:0:0:0:0:1', 'Mozilla/5.0 (Windows NT 10.0; WOW64) AppleWebKit/537.36 (KHTML, like Gecko) Chrome/57.0.2987.133 Safari/537.36', '/AirMonitor/a/air/tbAirQuality', 'GET', '', '');
INSERT INTO `sys_log` VALUES ('6902a06ce9d248c0a27fe69cd6b2c94f', '1', '', 'fdbbca469d8441fb855e1018510e32f2', '2017-03-28 22:18:04', '0:0:0:0:0:0:0:1', 'Mozilla/5.0 (Windows NT 6.1; Win64; x64) AppleWebKit/537.36 (KHTML, like Gecko) Chrome/57.0.2987.110 Safari/537.36', '/jeesite/a', 'GET', 0x6C6F67696E3D, '');
INSERT INTO `sys_log` VALUES ('6903e749d2414ae49a8a48d0ad76a05e', '1', '--', '1', '2017-04-30 22:00:13', '0:0:0:0:0:0:0:1', 'Mozilla/5.0 (Windows NT 10.0; WOW64) AppleWebKit/537.36 (KHTML, like Gecko) Chrome/57.0.2987.133 Safari/537.36', '/AirMonitor/a/sys/role/', 'GET', '', '');
INSERT INTO `sys_log` VALUES ('6926c7902ac34ccca40e4fb98be40413', '1', '--', '1', '2017-03-28 22:09:38', '0:0:0:0:0:0:0:1', 'Mozilla/5.0 (Windows NT 6.1; Win64; x64) AppleWebKit/537.36 (KHTML, like Gecko) Chrome/57.0.2987.110 Safari/537.36', '/jeesite/a/sys/user/info', 'GET', '', '');
INSERT INTO `sys_log` VALUES ('6983b9f300ea49f0a9a5ad42b2a33d18', '1', '---', '1', '2017-05-16 11:36:10', '0:0:0:0:0:0:0:1', 'Mozilla/5.0 (Windows NT 10.0; WOW64) AppleWebKit/537.36 (KHTML, like Gecko) Chrome/58.0.3029.110 Safari/537.36', '/AirMonitor/a/sys/user/list', 'GET', '', '');
INSERT INTO `sys_log` VALUES ('698e4bf76b374c4e9aaf14c1c5f5a998', '1', '---', '1', '2017-04-30 21:52:38', '0:0:0:0:0:0:0:1', 'Mozilla/5.0 (Windows NT 10.0; WOW64) AppleWebKit/537.36 (KHTML, like Gecko) Chrome/57.0.2987.133 Safari/537.36', '/AirMonitor/a/sys/menu/form', 'GET', 0x69643D37, '');
INSERT INTO `sys_log` VALUES ('6a3eedb04a03425c8589053c2426cd6b', '1', '--', '1', '2017-05-16 11:38:13', '0:0:0:0:0:0:0:1', 'Mozilla/5.0 (Windows NT 10.0; WOW64) AppleWebKit/537.36 (KHTML, like Gecko) Chrome/58.0.3029.110 Safari/537.36', '/AirMonitor/a/sys/menu/', 'GET', '', '');
INSERT INTO `sys_log` VALUES ('6a5a9ecb19124640a9c1345a4481a0a3', '1', '--', '1', '2017-04-27 10:10:19', '0:0:0:0:0:0:0:1', 'Mozilla/5.0 (Windows NT 10.0; WOW64) AppleWebKit/537.36 (KHTML, like Gecko) Chrome/57.0.2987.133 Safari/537.36', '/AirMonitor/a/gen/genTable', 'GET', '', '');
INSERT INTO `sys_log` VALUES ('6abac298ea254b268a43e0af88a1cc03', '1', '--', '1', '2017-04-30 22:01:09', '0:0:0:0:0:0:0:1', 'Mozilla/5.0 (Windows NT 10.0; WOW64) AppleWebKit/537.36 (KHTML, like Gecko) Chrome/57.0.2987.133 Safari/537.36', '/AirMonitor/a/sys/role/', 'GET', 0x7265706167653D, '');
INSERT INTO `sys_log` VALUES ('6abebbe11da049b9bbf040bc4248a6de', '1', '--', '1', '2017-05-16 11:25:08', '0:0:0:0:0:0:0:1', 'Mozilla/5.0 (Windows NT 10.0; WOW64) AppleWebKit/537.36 (KHTML, like Gecko) Chrome/58.0.3029.110 Safari/537.36', '/AirMonitor/a/sys/menu/', 'GET', '', '');
INSERT INTO `sys_log` VALUES ('6afc4b20d853417f941650e16c2db9cd', '1', '--', '1', '2017-05-16 11:35:35', '0:0:0:0:0:0:0:1', 'Mozilla/5.0 (Windows NT 10.0; WOW64) AppleWebKit/537.36 (KHTML, like Gecko) Chrome/58.0.3029.110 Safari/537.36', '/AirMonitor/a/sys/menu/', 'GET', '', '');
INSERT INTO `sys_log` VALUES ('6b22410633c64f78b8e3e06e68d25329', '1', '', '1', '2017-04-30 16:12:26', '0:0:0:0:0:0:0:1', 'Mozilla/5.0 (Windows NT 10.0; WOW64) AppleWebKit/537.36 (KHTML, like Gecko) Chrome/57.0.2987.133 Safari/537.36', '/AirMonitor/a;JSESSIONID=77189f85e55947aaa60f43c3470b8288', 'GET', 0x6C6F67696E3D, '');
INSERT INTO `sys_log` VALUES ('6b7af7c33c184de88206b695d2d969f5', '1', '--', '1', '2017-05-16 11:35:28', '0:0:0:0:0:0:0:1', 'Mozilla/5.0 (Windows NT 10.0; WOW64) AppleWebKit/537.36 (KHTML, like Gecko) Chrome/58.0.3029.110 Safari/537.36', '/AirMonitor/a/air/tbSO2/listDel', 'GET', '', '');
INSERT INTO `sys_log` VALUES ('6baeee7367dc4d9280f32115fce30fad', '1', '--', '1', '2017-05-16 11:38:21', '0:0:0:0:0:0:0:1', 'Mozilla/5.0 (Windows NT 10.0; WOW64) AppleWebKit/537.36 (KHTML, like Gecko) Chrome/58.0.3029.110 Safari/537.36', '/AirMonitor/a/sys/menu/', 'GET', '', '');
INSERT INTO `sys_log` VALUES ('6bc3eab6ffd5444eb184a349b257cced', '1', '--', '1', '2017-04-30 17:19:14', '0:0:0:0:0:0:0:1', 'Mozilla/5.0 (Windows NT 10.0; WOW64) AppleWebKit/537.36 (KHTML, like Gecko) Chrome/57.0.2987.133 Safari/537.36', '/AirMonitor/a/sys/user/info', 'GET', '', '');
INSERT INTO `sys_log` VALUES ('6c5221ddb2324039ad9f7d821fac34c4', '1', '--', '1', '2017-04-27 10:18:36', '0:0:0:0:0:0:0:1', 'Mozilla/5.0 (Windows NT 10.0; WOW64) AppleWebKit/537.36 (KHTML, like Gecko) Chrome/57.0.2987.133 Safari/537.36', '/AirMonitor/a/sys/user/index', 'GET', '', '');
INSERT INTO `sys_log` VALUES ('6c54882076ce4fb1ae6d6579b705a7a3', '1', '--', '1', '2017-04-30 21:52:29', '0:0:0:0:0:0:0:1', 'Mozilla/5.0 (Windows NT 10.0; WOW64) AppleWebKit/537.36 (KHTML, like Gecko) Chrome/57.0.2987.133 Safari/537.36', '/AirMonitor/a/sys/menu/', 'GET', '', '');
INSERT INTO `sys_log` VALUES ('6c575109bfe24e91bd91282e714b0db5', '1', '--', '1', '2017-04-30 16:58:21', '0:0:0:0:0:0:0:1', 'Mozilla/5.0 (Windows NT 10.0; WOW64) AppleWebKit/537.36 (KHTML, like Gecko) Chrome/57.0.2987.133 Safari/537.36', '/AirMonitor/a/air/tbAirQuality', 'GET', '', '');
INSERT INTO `sys_log` VALUES ('6ca309261aec4dbf8158ee7a352122a2', '1', '--', 'fdbbca469d8441fb855e1018510e32f2', '2017-05-02 10:29:11', '0:0:0:0:0:0:0:1', 'Mozilla/5.0 (Windows NT 10.0; Win64; x64) AppleWebKit/537.36 (KHTML, like Gecko) Chrome/52.0.2743.116 Safari/537.36 Edge/15.15063', '/AirMonitor/a/sys/user/info', 'GET', 0x7461625061676549643D6A65726963686F746162696672616D655F30, '');
INSERT INTO `sys_log` VALUES ('6d47386f85d646799c76285846817228', '1', '--', 'fdbbca469d8441fb855e1018510e32f2', '2017-05-16 11:37:42', '0:0:0:0:0:0:0:1', 'Mozilla/5.0 (Windows NT 10.0; WOW64) AppleWebKit/537.36 (KHTML, like Gecko) Chrome/58.0.3029.110 Safari/537.36', '/AirMonitor/a/air/tbAirQuality', 'GET', '', '');
INSERT INTO `sys_log` VALUES ('6dab1a7f146148cf83fd396c47588cee', '1', '--', 'fdbbca469d8441fb855e1018510e32f2', '2017-04-30 21:55:33', '0:0:0:0:0:0:0:1', 'Mozilla/5.0 (Windows NT 10.0; WOW64) AppleWebKit/537.36 (KHTML, like Gecko) Chrome/57.0.2987.133 Safari/537.36', '/AirMonitor/a/air/tbAirQuality', 'GET', '', '');
INSERT INTO `sys_log` VALUES ('6dcadb6b63cd44f19cc8f2a1074e041c', '1', '---', '1', '2017-04-30 21:51:53', '0:0:0:0:0:0:0:1', 'Mozilla/5.0 (Windows NT 10.0; WOW64) AppleWebKit/537.36 (KHTML, like Gecko) Chrome/57.0.2987.133 Safari/537.36', '/AirMonitor/a/sys/user/list', 'GET', '', '');
INSERT INTO `sys_log` VALUES ('6dfa65da6bb44ae1a07f87631a59c97b', '1', '--', '1', '2017-04-27 09:43:49', '0:0:0:0:0:0:0:1', 'Mozilla/5.0 (Windows NT 10.0; WOW64) AppleWebKit/537.36 (KHTML, like Gecko) Chrome/57.0.2987.133 Safari/537.36', '/AirMonitor/a/gen/genScheme', 'GET', '', '');
INSERT INTO `sys_log` VALUES ('6e0a6dd330ef47fdacfbcff2636efa69', '1', '--', 'fdbbca469d8441fb855e1018510e32f2', '2017-04-30 21:55:13', '0:0:0:0:0:0:0:1', 'Mozilla/5.0 (Windows NT 10.0; WOW64) AppleWebKit/537.36 (KHTML, like Gecko) Chrome/57.0.2987.133 Safari/537.36', '/AirMonitor/a/sys/role/', 'GET', '', '');
INSERT INTO `sys_log` VALUES ('6e16950a8e6049449831e0413769d0c5', '1', '--', '1', '2017-04-30 16:31:10', '0:0:0:0:0:0:0:1', 'Mozilla/5.0 (Windows NT 10.0; WOW64) AppleWebKit/537.36 (KHTML, like Gecko) Chrome/57.0.2987.133 Safari/537.36', '/AirMonitor/a/sys/user/info', 'GET', '', '');
INSERT INTO `sys_log` VALUES ('6e33d2b3a71047d698d3acd1a86928a5', '1', '--', 'fdbbca469d8441fb855e1018510e32f2', '2017-04-30 21:57:59', '0:0:0:0:0:0:0:1', 'Mozilla/5.0 (Windows NT 10.0; WOW64) AppleWebKit/537.36 (KHTML, like Gecko) Chrome/57.0.2987.133 Safari/537.36', '/AirMonitor/a/sys/role/', 'GET', '', '');
INSERT INTO `sys_log` VALUES ('6e655d300a254a059f142e2f3f666f15', '1', '--', '1', '2017-04-28 10:13:19', '0:0:0:0:0:0:0:1', 'Mozilla/5.0 (Windows NT 10.0; WOW64) AppleWebKit/537.36 (KHTML, like Gecko) Chrome/57.0.2987.133 Safari/537.36', '/AirMonitor/a/air/tbTempHum', 'GET', '', '');
INSERT INTO `sys_log` VALUES ('6e72a989333341418ae6e4e557736f54', '1', '--', '1', '2017-04-30 21:53:52', '0:0:0:0:0:0:0:1', 'Mozilla/5.0 (Windows NT 10.0; WOW64) AppleWebKit/537.36 (KHTML, like Gecko) Chrome/57.0.2987.133 Safari/537.36', '/AirMonitor/a/sys/role/', 'GET', 0x7265706167653D, '');
INSERT INTO `sys_log` VALUES ('6e9899ddea0b4d498d2ad85e510dce0e', '1', '--', '1', '2017-04-30 21:54:01', '0:0:0:0:0:0:0:1', 'Mozilla/5.0 (Windows NT 10.0; WOW64) AppleWebKit/537.36 (KHTML, like Gecko) Chrome/57.0.2987.133 Safari/537.36', '/AirMonitor/a/sys/role/', 'GET', 0x7265706167653D, '');
INSERT INTO `sys_log` VALUES ('6e9c994a31b24e4db370953704a515cd', '1', '--', '1', '2017-05-16 11:30:42', '0:0:0:0:0:0:0:1', 'Mozilla/5.0 (Windows NT 10.0; WOW64) AppleWebKit/537.36 (KHTML, like Gecko) Chrome/58.0.3029.110 Safari/537.36', '/AirMonitor/a/air/tbCO2', 'GET', '', '');
INSERT INTO `sys_log` VALUES ('7076b0062500474fa2c9b4ab56bad663', '1', '--', '1', '2017-05-16 11:15:45', '0:0:0:0:0:0:0:1', 'Mozilla/5.0 (Windows NT 10.0; WOW64) AppleWebKit/537.36 (KHTML, like Gecko) Chrome/58.0.3029.110 Safari/537.36', '/AirMonitor/a/air/tbAirQuality', 'GET', '', '');
INSERT INTO `sys_log` VALUES ('7090933de3184d64aa380ff74e5824b3', '1', '--', '1', '2017-05-16 11:30:45', '0:0:0:0:0:0:0:1', 'Mozilla/5.0 (Windows NT 10.0; WOW64) AppleWebKit/537.36 (KHTML, like Gecko) Chrome/58.0.3029.110 Safari/537.36', '/AirMonitor/a/air/tbHCHO', 'GET', '', '');
INSERT INTO `sys_log` VALUES ('7121b5cdd17d4260ab58e6a5926babab', '1', '---', '1', '2017-05-16 11:38:03', '0:0:0:0:0:0:0:1', 'Mozilla/5.0 (Windows NT 10.0; WOW64) AppleWebKit/537.36 (KHTML, like Gecko) Chrome/58.0.3029.110 Safari/537.36', '/AirMonitor/a/sys/user/list', 'GET', '', '');
INSERT INTO `sys_log` VALUES ('717a78815e504aa6b825de069b45542f', '1', '---', '1', '2017-03-28 22:15:31', '0:0:0:0:0:0:0:1', 'Mozilla/5.0 (Windows NT 6.1; Win64; x64) AppleWebKit/537.36 (KHTML, like Gecko) Chrome/57.0.2987.110 Safari/537.36', '/jeesite/a/sys/office/list', 'GET', 0x69643D26706172656E744964733D302C, '');
INSERT INTO `sys_log` VALUES ('71a228954f05408c8e3a579472a304af', '1', '--PM10', '1', '2017-05-16 11:30:46', '0:0:0:0:0:0:0:1', 'Mozilla/5.0 (Windows NT 10.0; WOW64) AppleWebKit/537.36 (KHTML, like Gecko) Chrome/58.0.3029.110 Safari/537.36', '/AirMonitor/a/air/tbPM10', 'GET', '', '');
INSERT INTO `sys_log` VALUES ('7202bf6abbfd480286a08f10acf9575c', '1', '--', '1', '2017-03-28 22:04:09', '0:0:0:0:0:0:0:1', 'Mozilla/5.0 (Windows NT 6.1; Win64; x64) AppleWebKit/537.36 (KHTML, like Gecko) Chrome/57.0.2987.110 Safari/537.36', '/jeesite/a/cms/', 'GET', '', '');
INSERT INTO `sys_log` VALUES ('72417078715a4dfda70507cbae808d3e', '1', '---', 'fdbbca469d8441fb855e1018510e32f2', '2017-04-30 21:57:18', '0:0:0:0:0:0:0:1', 'Mozilla/5.0 (Windows NT 10.0; WOW64) AppleWebKit/537.36 (KHTML, like Gecko) Chrome/57.0.2987.133 Safari/537.36', '/AirMonitor/a/sys/role/form', 'GET', '', '');
INSERT INTO `sys_log` VALUES ('7279dd82b6334f2e88c291408bc5a2dd', '1', '---', '1', '2017-04-27 09:53:14', '0:0:0:0:0:0:0:1', 'Mozilla/5.0 (Windows NT 10.0; WOW64) AppleWebKit/537.36 (KHTML, like Gecko) Chrome/57.0.2987.133 Safari/537.36', '/AirMonitor/a/sys/menu/save', 'POST', 0x69643D26706172656E742E69643D386232356435663933316264343839313963373761333030373064353138623726706172656E742E6E616D653DE6B8A9E6B9BFE5BAA6E79B91E6B58B266E616D653DE6B8A9E6B9BFE5BAA626687265663D2F6169722F746254656D7048756D267461726765743D2669636F6E3D26736F72743D333026697353686F773D31267065726D697373696F6E3D6169723A746254656D7048756D3A766965772C6169723A746254656D7048756D3A656469742672656D61726B733D, '');
INSERT INTO `sys_log` VALUES ('728a95a68494446da35330be18f47ebe', '1', '--', 'fdbbca469d8441fb855e1018510e32f2', '2017-05-16 11:37:47', '0:0:0:0:0:0:0:1', 'Mozilla/5.0 (Windows NT 10.0; WOW64) AppleWebKit/537.36 (KHTML, like Gecko) Chrome/58.0.3029.110 Safari/537.36', '/AirMonitor/a/sys/user/index', 'GET', '', '');
INSERT INTO `sys_log` VALUES ('729f16c3653345d2b0dbafee1cf22f1c', '1', '---', '1', '2017-05-16 11:29:20', '0:0:0:0:0:0:0:1', 'Mozilla/5.0 (Windows NT 10.0; WOW64) AppleWebKit/537.36 (KHTML, like Gecko) Chrome/58.0.3029.110 Safari/537.36', '/AirMonitor/a/sys/menu/save', 'POST', 0x69643D26706172656E742E69643D323335323538303430623661343437326262336266666635363664626634333326706172656E742E6E616D653DE58E86E58FB2E695B0E68DAEE69FA5E8AFA2266E616D653D504D3130E69FA5E8AFA226687265663D2F6169722F7462504D3130267461726765743D2669636F6E3D26736F72743D31323026697353686F773D31267065726D697373696F6E3D6169723A7462504D31303A766965772C6169723A7462504D31303A656469742672656D61726B733D, '');
INSERT INTO `sys_log` VALUES ('72af949c59764349b48623446b5936e9', '1', '--', '1', '2017-04-26 11:09:44', '0:0:0:0:0:0:0:1', 'Mozilla/5.0 (Windows NT 6.1; WOW64) AppleWebKit/537.36 (KHTML, like Gecko) Chrome/56.0.2924.87 Safari/537.36', '/jeesite/a/act/model', 'GET', '', '');
INSERT INTO `sys_log` VALUES ('72cb4c9950bb4b40b1f912e40648d82d', '1', '---', '1', '2017-04-27 09:50:40', '0:0:0:0:0:0:0:1', 'Mozilla/5.0 (Windows NT 10.0; WOW64) AppleWebKit/537.36 (KHTML, like Gecko) Chrome/57.0.2987.133 Safari/537.36', '/AirMonitor/a/sys/menu/form', 'GET', 0x706172656E742E69643D6539363534656666643735363433396539623066633532643137313261353431, '');
INSERT INTO `sys_log` VALUES ('731f5608b5f7423c838e3225a5536e44', '1', '---', '1', '2017-03-28 22:15:51', '0:0:0:0:0:0:0:1', 'Mozilla/5.0 (Windows NT 6.1; Win64; x64) AppleWebKit/537.36 (KHTML, like Gecko) Chrome/57.0.2987.110 Safari/537.36', '/jeesite/a/sys/user/list', 'GET', 0x7265706167653D, '');
INSERT INTO `sys_log` VALUES ('737047a35ecc4f30b6cdf965f2e9a9cb', '1', '--', '1', '2017-03-28 22:04:02', '0:0:0:0:0:0:0:1', 'Mozilla/5.0 (Windows NT 6.1; Win64; x64) AppleWebKit/537.36 (KHTML, like Gecko) Chrome/57.0.2987.110 Safari/537.36', '/jeesite/a/sys/user/info', 'GET', '', '');
INSERT INTO `sys_log` VALUES ('7400e5204e8645ffb0bf99e8dc220161', '1', '--', '1', '2017-05-16 11:16:20', '0:0:0:0:0:0:0:1', 'Mozilla/5.0 (Windows NT 10.0; WOW64) AppleWebKit/537.36 (KHTML, like Gecko) Chrome/58.0.3029.110 Safari/537.36', '/AirMonitor/a/sys/user/index', 'GET', '', '');
INSERT INTO `sys_log` VALUES ('7474143bc061429c915ba725c8b0b93d', '1', '--', '1', '2017-05-16 11:31:00', '0:0:0:0:0:0:0:1', 'Mozilla/5.0 (Windows NT 10.0; WOW64) AppleWebKit/537.36 (KHTML, like Gecko) Chrome/58.0.3029.110 Safari/537.36', '/AirMonitor/a/sys/menu/', 'GET', '', '');
INSERT INTO `sys_log` VALUES ('751917c792d646f4b3221ac9baa0fb82', '1', '--', '1', '2017-04-27 09:41:59', '0:0:0:0:0:0:0:1', 'Mozilla/5.0 (Windows NT 10.0; WOW64) AppleWebKit/537.36 (KHTML, like Gecko) Chrome/57.0.2987.133 Safari/537.36', '/AirMonitor/a/gen/genTable', 'GET', '', '');
INSERT INTO `sys_log` VALUES ('75373b3ceec04dcab3f255482dd2fdcc', '1', '--', 'e8ed1e64be4f44eeb0ccda3532832636', '2017-04-30 22:03:38', '0:0:0:0:0:0:0:1', 'Mozilla/5.0 (Windows NT 10.0; Win64; x64) AppleWebKit/537.36 (KHTML, like Gecko) Chrome/52.0.2743.116 Safari/537.36 Edge/15.15063', '/AirMonitor/a/air/tbAirQuality', 'GET', '', '');
INSERT INTO `sys_log` VALUES ('760a896a4b5b410aa422ac3dcc8cc6ba', '1', '--PM10', '1', '2017-05-16 11:35:26', '0:0:0:0:0:0:0:1', 'Mozilla/5.0 (Windows NT 10.0; WOW64) AppleWebKit/537.36 (KHTML, like Gecko) Chrome/58.0.3029.110 Safari/537.36', '/AirMonitor/a/air/tbHCHO/listDel', 'GET', '', '');
INSERT INTO `sys_log` VALUES ('7635f4f2be0e44b8aff766695b3b21cb', '1', '--', '1', '2017-05-16 11:37:04', '0:0:0:0:0:0:0:1', 'Mozilla/5.0 (Windows NT 10.0; WOW64) AppleWebKit/537.36 (KHTML, like Gecko) Chrome/58.0.3029.110 Safari/537.36', '/AirMonitor/a/air/tbAirQuality', 'GET', '', '');
INSERT INTO `sys_log` VALUES ('764321a3a49d40d3b77fa07a98b7ff60', '1', '--', '1', '2017-04-27 08:52:14', '0:0:0:0:0:0:0:1', 'Mozilla/5.0 (Windows NT 10.0; WOW64) AppleWebKit/537.36 (KHTML, like Gecko) Chrome/57.0.2987.133 Safari/537.36', '/AirMonitor/a/sys/user/info', 'GET', '', '');
INSERT INTO `sys_log` VALUES ('776ae309efd3455897f77c1c99d7a88f', '1', '-', '1', '2017-04-30 21:50:34', '0:0:0:0:0:0:0:1', 'Mozilla/5.0 (Windows NT 10.0; WOW64) AppleWebKit/537.36 (KHTML, like Gecko) Chrome/57.0.2987.133 Safari/537.36', '/AirMonitor/a/cms/tree', 'GET', '', '');
INSERT INTO `sys_log` VALUES ('78d348bb20344ed6a81b9925abcc4f0f', '1', '---', '1', '2017-03-28 22:04:13', '0:0:0:0:0:0:0:1', 'Mozilla/5.0 (Windows NT 6.1; Win64; x64) AppleWebKit/537.36 (KHTML, like Gecko) Chrome/57.0.2987.110 Safari/537.36', '/jeesite/a/cms/link/', 'GET', 0x63617465676F72792E69643D3230, '');
INSERT INTO `sys_log` VALUES ('79928d8e2281444aa7d31745637472f8', '1', '---', '1', '2017-03-28 22:17:29', '0:0:0:0:0:0:0:1', 'Mozilla/5.0 (Windows NT 6.1; Win64; x64) AppleWebKit/537.36 (KHTML, like Gecko) Chrome/57.0.2987.110 Safari/537.36', '/jeesite/a/sys/role/save', 'POST', 0x69643D266F66666963652E69643D3631616561613830363732663463336639643864666566663735633131613132266F66666963652E6E616D653D6868737475266F6C644E616D653D266E616D653D6868737475266F6C64456E6E616D653D26656E6E616D653D686873747526726F6C65547970653D61737369676E6D656E7426737973446174613D312675736561626C653D31266461746153636F70653D38266D656E754964733D312C32372C32382C32392C33302C32643838633931373263613134303639383832316435353461633734376230332C62393936663465313864306334633539393835383666313035356339383233302C65393635346566666437353634333965392E2E2E266F66666963654964733D2672656D61726B733D, '');
INSERT INTO `sys_log` VALUES ('79aa1e8112ed420596cd67a255139c68', '1', '--', '1', '2017-05-16 11:35:29', '0:0:0:0:0:0:0:1', 'Mozilla/5.0 (Windows NT 10.0; WOW64) AppleWebKit/537.36 (KHTML, like Gecko) Chrome/58.0.3029.110 Safari/537.36', '/AirMonitor/a/air/tbTempHum/listDel', 'GET', '', '');
INSERT INTO `sys_log` VALUES ('79d4bf29608b46799f4857b1e7c66a3c', '1', '--', '1', '2017-04-27 09:49:49', '0:0:0:0:0:0:0:1', 'Mozilla/5.0 (Windows NT 10.0; WOW64) AppleWebKit/537.36 (KHTML, like Gecko) Chrome/57.0.2987.133 Safari/537.36', '/AirMonitor/a/gen/genTable', 'GET', '', '');
INSERT INTO `sys_log` VALUES ('7a0dfbf7be534d8e927571c09d84e282', '1', '', '1', '2017-04-30 21:47:38', '0:0:0:0:0:0:0:1', 'Mozilla/5.0 (Windows NT 10.0; WOW64) AppleWebKit/537.36 (KHTML, like Gecko) Chrome/57.0.2987.133 Safari/537.36', '/AirMonitor/a', 'GET', 0x6C6F67696E3D, '');
INSERT INTO `sys_log` VALUES ('7a290be5f6f9406db2e3e055bc787923', '1', '', '1', '2017-04-26 11:09:12', '0:0:0:0:0:0:0:1', 'Mozilla/5.0 (Windows NT 6.1; WOW64) AppleWebKit/537.36 (KHTML, like Gecko) Chrome/56.0.2924.87 Safari/537.36', '/jeesite/a', 'GET', 0x6C6F67696E3D, '');
INSERT INTO `sys_log` VALUES ('7a57824dcd83483abecc2e2919a807e0', '1', '---', '1', '2017-03-28 22:16:07', '0:0:0:0:0:0:0:1', 'Mozilla/5.0 (Windows NT 6.1; Win64; x64) AppleWebKit/537.36 (KHTML, like Gecko) Chrome/57.0.2987.110 Safari/537.36', '/jeesite/a/sys/user/delete', 'GET', 0x69643D38, '');
INSERT INTO `sys_log` VALUES ('7a7fe268cbe243b9b51ba379b4bc33b2', '1', '--', '1', '2017-05-16 11:36:29', '0:0:0:0:0:0:0:1', 'Mozilla/5.0 (Windows NT 10.0; WOW64) AppleWebKit/537.36 (KHTML, like Gecko) Chrome/58.0.3029.110 Safari/537.36', '/AirMonitor/a/sys/role/', 'GET', 0x7265706167653D, '');
INSERT INTO `sys_log` VALUES ('7aaf585be1604f2695b9cadcebc2b453', '1', '--', 'fdbbca469d8441fb855e1018510e32f2', '2017-04-30 21:57:14', '0:0:0:0:0:0:0:1', 'Mozilla/5.0 (Windows NT 10.0; WOW64) AppleWebKit/537.36 (KHTML, like Gecko) Chrome/57.0.2987.133 Safari/537.36', '/AirMonitor/a/sys/user/info', 'GET', '', '');
INSERT INTO `sys_log` VALUES ('7ad04b1a184e4311b5c991efc857c834', '1', '--', '1', '2017-05-16 11:35:21', '0:0:0:0:0:0:0:1', 'Mozilla/5.0 (Windows NT 10.0; WOW64) AppleWebKit/537.36 (KHTML, like Gecko) Chrome/58.0.3029.110 Safari/537.36', '/AirMonitor/a/air/tbCO2', 'GET', '', '');
INSERT INTO `sys_log` VALUES ('7ae285a44c7a49e4a8bcd5fbeaa2bca2', '1', '---', '1', '2017-05-16 11:25:47', '0:0:0:0:0:0:0:1', 'Mozilla/5.0 (Windows NT 10.0; WOW64) AppleWebKit/537.36 (KHTML, like Gecko) Chrome/58.0.3029.110 Safari/537.36', '/AirMonitor/a/sys/menu/save', 'POST', 0x69643D26706172656E742E69643D313563643061646162373738343936623962346666346137333862386633396426706172656E742E6E616D653DE58E86E58FB2E695B0E68DAEE7BBB4E68AA4266E616D653DE58E86E58FB2E695B0E68DAEE588A0E999A426687265663D267461726765743D2669636F6E3D26736F72743D363026697353686F773D31267065726D697373696F6E3D2672656D61726B733D, '');
INSERT INTO `sys_log` VALUES ('7b259ade0f944b9e921bf86de4bec490', '1', '-', '1', '2017-04-26 11:11:02', '0:0:0:0:0:0:0:1', 'Mozilla/5.0 (Windows NT 6.1; WOW64) AppleWebKit/537.36 (KHTML, like Gecko) Chrome/56.0.2924.87 Safari/537.36', '/jeesite/a/cms/none', 'GET', '', '');
INSERT INTO `sys_log` VALUES ('7b3b3396fe9c41a3a4a251cb17a6b873', '1', '--', '1', '2017-04-30 16:35:29', '0:0:0:0:0:0:0:1', 'Mozilla/5.0 (Windows NT 10.0; WOW64) AppleWebKit/537.36 (KHTML, like Gecko) Chrome/57.0.2987.133 Safari/537.36', '/AirMonitor/a/sys/user/info', 'GET', '', '');
INSERT INTO `sys_log` VALUES ('7b59fab44fce49908a2ea1e49d0643d1', '1', '', '1', '2017-05-16 11:24:36', '0:0:0:0:0:0:0:1', 'Mozilla/5.0 (Windows NT 10.0; WOW64) AppleWebKit/537.36 (KHTML, like Gecko) Chrome/58.0.3029.110 Safari/537.36', '/AirMonitor/a', 'GET', 0x6C6F67696E3D, '');
INSERT INTO `sys_log` VALUES ('7b6b53c293b1464a8553a5c306b41b1c', '1', '--', 'fdbbca469d8441fb855e1018510e32f2', '2017-04-30 22:01:16', '0:0:0:0:0:0:0:1', 'Mozilla/5.0 (Windows NT 10.0; WOW64) AppleWebKit/537.36 (KHTML, like Gecko) Chrome/57.0.2987.133 Safari/537.36', '/AirMonitor/a/sys/user/info', 'GET', '', '');
INSERT INTO `sys_log` VALUES ('7bbbcdb6c8de4a5c872afe63e1ff616f', '1', '--', 'fdbbca469d8441fb855e1018510e32f2', '2017-05-02 13:41:02', '0:0:0:0:0:0:0:1', 'Mozilla/5.0 (Windows NT 10.0; WOW64) AppleWebKit/537.36 (KHTML, like Gecko) Chrome/57.0.2987.133 Safari/537.36', '/AirMonitor/a/sys/user/info', 'GET', '', '');
INSERT INTO `sys_log` VALUES ('7bceef079466433e8025006fb14233af', '1', '--', '1', '2017-05-16 11:27:29', '0:0:0:0:0:0:0:1', 'Mozilla/5.0 (Windows NT 10.0; WOW64) AppleWebKit/537.36 (KHTML, like Gecko) Chrome/58.0.3029.110 Safari/537.36', '/AirMonitor/a/sys/menu/', 'GET', '', '');
INSERT INTO `sys_log` VALUES ('7c1b3afd08c24f5f9be8ad946f6f9a70', '1', '---', '1', '2017-04-27 09:52:55', '0:0:0:0:0:0:0:1', 'Mozilla/5.0 (Windows NT 10.0; WOW64) AppleWebKit/537.36 (KHTML, like Gecko) Chrome/57.0.2987.133 Safari/537.36', '/AirMonitor/a/sys/menu/form', 'GET', 0x706172656E742E69643D3862323564356639333162643438393139633737613330303730643531386237, '');
INSERT INTO `sys_log` VALUES ('7c95ee05b0f54e01887d51f2ec54c9fd', '1', '--', '1', '2017-04-27 09:46:46', '0:0:0:0:0:0:0:1', 'Mozilla/5.0 (Windows NT 10.0; WOW64) AppleWebKit/537.36 (KHTML, like Gecko) Chrome/57.0.2987.133 Safari/537.36', '/AirMonitor/a/gen/genScheme', 'GET', '', '');
INSERT INTO `sys_log` VALUES ('7c9ed2708f5f4754b280ff90d4ce6f31', '1', '--', '1', '2017-04-30 16:49:55', '0:0:0:0:0:0:0:1', 'Mozilla/5.0 (Windows NT 10.0; WOW64) AppleWebKit/537.36 (KHTML, like Gecko) Chrome/57.0.2987.133 Safari/537.36', '/AirMonitor/a/sys/user/info', 'GET', '', '');
INSERT INTO `sys_log` VALUES ('7cc8d653be1a4c6f820c1b85cbc29a7a', '1', '--', '1', '2017-04-27 08:52:35', '0:0:0:0:0:0:0:1', 'Mozilla/5.0 (Windows NT 10.0; WOW64) AppleWebKit/537.36 (KHTML, like Gecko) Chrome/57.0.2987.133 Safari/537.36', '/AirMonitor/a/sys/user/info', 'GET', '', '');
INSERT INTO `sys_log` VALUES ('7cdfd7cce7ef454a95e3a9a855138bb6', '1', '--', '1', '2017-03-28 22:14:48', '0:0:0:0:0:0:0:1', 'Mozilla/5.0 (Windows NT 6.1; Win64; x64) AppleWebKit/537.36 (KHTML, like Gecko) Chrome/57.0.2987.110 Safari/537.36', '/jeesite/a/sys/user/index', 'GET', '', '');
INSERT INTO `sys_log` VALUES ('7cfd088cba3c4eb198c292b6e2178a84', '1', '--', '1', '2017-03-28 22:12:42', '0:0:0:0:0:0:0:1', 'Mozilla/5.0 (Windows NT 6.1; Win64; x64) AppleWebKit/537.36 (KHTML, like Gecko) Chrome/57.0.2987.110 Safari/537.36', '/jeesite/a/sys/user/index', 'GET', '', '');
INSERT INTO `sys_log` VALUES ('7d052956e3fd4b26a6302cc935caccdc', '1', '---', '1', '2017-05-16 11:36:36', '0:0:0:0:0:0:0:1', 'Mozilla/5.0 (Windows NT 10.0; WOW64) AppleWebKit/537.36 (KHTML, like Gecko) Chrome/58.0.3029.110 Safari/537.36', '/AirMonitor/a/sys/role/form', 'GET', 0x69643D3963623930386565333630643432313261643334376336656365316462656536, '');
INSERT INTO `sys_log` VALUES ('7d43ca5996084bb183e8eae243913c29', '1', '---', 'fdbbca469d8441fb855e1018510e32f2', '2017-04-30 21:59:48', '0:0:0:0:0:0:0:1', 'Mozilla/5.0 (Windows NT 10.0; WOW64) AppleWebKit/537.36 (KHTML, like Gecko) Chrome/57.0.2987.133 Safari/537.36', '/AirMonitor/a/sys/role/save', 'POST', 0x6F6C64456E6E616D653D6868737475266F66666963652E69643D363161656161383036373266346333663964386466656666373563313161313226726F6C65547970653D61737369676E6D656E74266461746153636F70653D3126737973446174613D3126656E6E616D653D6868737475266F66666963654964733D2675736561626C653D31266F6C644E616D653D6868737475266F66666963652E6E616D653D6868737475266E616D653D68687374752669643D3963623930386565333630643432313261643334376336656365316462656536266D656E754964733D312C32372C32382C32392C33302C32643838633931373263613134303639383832316435353461633734376230332C64323134313264353032386534396135626632336339393562356434663135612C35313537613335393739323234373836612E2E2E2672656D61726B733D, '');
INSERT INTO `sys_log` VALUES ('7d56a96b52bf4b61a8450b486eca071c', '1', '---', '1', '2017-04-27 10:18:57', '0:0:0:0:0:0:0:1', 'Mozilla/5.0 (Windows NT 10.0; WOW64) AppleWebKit/537.36 (KHTML, like Gecko) Chrome/57.0.2987.133 Safari/537.36', '/AirMonitor/a/sys/menu/form', 'GET', 0x706172656E742E69643D6565316531323461656235623466396339343631666333633162623138356538, '');
INSERT INTO `sys_log` VALUES ('7dd283da5c18439fba9330989656210f', '1', '--', 'fdbbca469d8441fb855e1018510e32f2', '2017-05-16 11:37:49', '0:0:0:0:0:0:0:1', 'Mozilla/5.0 (Windows NT 10.0; WOW64) AppleWebKit/537.36 (KHTML, like Gecko) Chrome/58.0.3029.110 Safari/537.36', '/AirMonitor/a/sys/user/info', 'GET', '', '');
INSERT INTO `sys_log` VALUES ('7e0723c39f894bd69c8f8ef1f1db3910', '1', '--', 'fdbbca469d8441fb855e1018510e32f2', '2017-05-02 13:14:31', '0:0:0:0:0:0:0:1', 'Mozilla/5.0 (Windows NT 10.0; WOW64) AppleWebKit/537.36 (KHTML, like Gecko) Chrome/57.0.2987.133 Safari/537.36', '/AirMonitor/a/sys/user/info', 'GET', '', '');
INSERT INTO `sys_log` VALUES ('7e09882a3cbd4a2084735dfa941463e0', '1', '--', '1', '2017-04-27 09:08:37', '0:0:0:0:0:0:0:1', 'Mozilla/5.0 (Windows NT 10.0; WOW64) AppleWebKit/537.36 (KHTML, like Gecko) Chrome/57.0.2987.133 Safari/537.36', '/AirMonitor/a/sys/user/info', 'GET', '', '');
INSERT INTO `sys_log` VALUES ('7f2d051edb4b4b56baa755676d8088aa', '1', '--', '1', '2017-05-16 11:37:21', '0:0:0:0:0:0:0:1', 'Mozilla/5.0 (Windows NT 10.0; WOW64) AppleWebKit/537.36 (KHTML, like Gecko) Chrome/58.0.3029.110 Safari/537.36', '/AirMonitor/a/air/tbCO2', 'GET', '', '');
INSERT INTO `sys_log` VALUES ('7f4668b5386e42268ee427981bd7a10e', '1', '--', '1', '2017-04-30 22:00:02', '0:0:0:0:0:0:0:1', 'Mozilla/5.0 (Windows NT 10.0; WOW64) AppleWebKit/537.36 (KHTML, like Gecko) Chrome/57.0.2987.133 Safari/537.36', '/AirMonitor/a/sys/user/index', 'GET', '', '');
INSERT INTO `sys_log` VALUES ('803d0290b4bc49f090c53932b3dd76f5', '1', '--', '1', '2017-04-30 21:50:54', '0:0:0:0:0:0:0:1', 'Mozilla/5.0 (Windows NT 10.0; WOW64) AppleWebKit/537.36 (KHTML, like Gecko) Chrome/57.0.2987.133 Safari/537.36', '/AirMonitor/a/sys/menu/', 'GET', '', '');
INSERT INTO `sys_log` VALUES ('809942b42fa94576893048eba93f992c', '1', '---', '1', '2017-04-30 21:53:40', '0:0:0:0:0:0:0:1', 'Mozilla/5.0 (Windows NT 10.0; WOW64) AppleWebKit/537.36 (KHTML, like Gecko) Chrome/57.0.2987.133 Safari/537.36', '/AirMonitor/a/sys/role/delete', 'GET', 0x69643D37, '');
INSERT INTO `sys_log` VALUES ('823b2291a6eb4dfd9527885a28b3a032', '1', '--', '1', '2017-04-30 21:53:58', '0:0:0:0:0:0:0:1', 'Mozilla/5.0 (Windows NT 10.0; WOW64) AppleWebKit/537.36 (KHTML, like Gecko) Chrome/57.0.2987.133 Safari/537.36', '/AirMonitor/a/sys/role/', 'GET', 0x7265706167653D, '');
INSERT INTO `sys_log` VALUES ('828237a94b074a9e9c61a653d168999f', '1', '--', '1', '2017-04-30 16:49:51', '0:0:0:0:0:0:0:1', 'Mozilla/5.0 (Windows NT 10.0; WOW64) AppleWebKit/537.36 (KHTML, like Gecko) Chrome/57.0.2987.133 Safari/537.36', '/AirMonitor/a/air/tbAirQuality', 'GET', '', '');
INSERT INTO `sys_log` VALUES ('8290bac30cb7429bab62e8f03882c6be', '1', '--', '1', '2017-04-26 11:09:22', '0:0:0:0:0:0:0:1', 'Mozilla/5.0 (Windows NT 6.1; WOW64) AppleWebKit/537.36 (KHTML, like Gecko) Chrome/56.0.2924.87 Safari/537.36', '/jeesite/a/oa/oaNotify/self', 'GET', '', '');
INSERT INTO `sys_log` VALUES ('829d7ea3414d43bf963faf641bf1bd17', '1', '--', '1', '2017-05-02 10:28:52', '0:0:0:0:0:0:0:1', 'Mozilla/5.0 (Windows NT 10.0; WOW64) AppleWebKit/537.36 (KHTML, like Gecko) Chrome/57.0.2987.133 Safari/537.36', '/AirMonitor/a/sys/user/index', 'GET', '', '');
INSERT INTO `sys_log` VALUES ('82f35de981dc4d3bb417bf2a49648274', '1', '---', '1', '2017-05-16 11:24:42', '0:0:0:0:0:0:0:1', 'Mozilla/5.0 (Windows NT 10.0; WOW64) AppleWebKit/537.36 (KHTML, like Gecko) Chrome/58.0.3029.110 Safari/537.36', '/AirMonitor/a/sys/user/list', 'GET', '', '');
INSERT INTO `sys_log` VALUES ('8330b00b864f4127b6521ad62b4ac22e', '1', '--', 'fdbbca469d8441fb855e1018510e32f2', '2017-04-30 22:02:42', '0:0:0:0:0:0:0:1', 'Mozilla/5.0 (Windows NT 10.0; WOW64) AppleWebKit/537.36 (KHTML, like Gecko) Chrome/57.0.2987.133 Safari/537.36', '/AirMonitor/a/sys/user/index', 'GET', '', '');
INSERT INTO `sys_log` VALUES ('83ac9a863d024262970cb9ec99a7a2d8', '1', '--', '1', '2017-05-16 11:15:58', '0:0:0:0:0:0:0:1', 'Mozilla/5.0 (Windows NT 10.0; WOW64) AppleWebKit/537.36 (KHTML, like Gecko) Chrome/58.0.3029.110 Safari/537.36', '/AirMonitor/a/air/tbAirQuality', 'GET', '', '');
INSERT INTO `sys_log` VALUES ('83b0ff66436f441aa8afe0cfc4c0d68e', '1', '--', '1', '2017-05-16 11:38:55', '0:0:0:0:0:0:0:1', 'Mozilla/5.0 (Windows NT 10.0; WOW64) AppleWebKit/537.36 (KHTML, like Gecko) Chrome/58.0.3029.110 Safari/537.36', '/AirMonitor/a/air/tbAirQuality', 'GET', '', '');
INSERT INTO `sys_log` VALUES ('83b7957a0ac145a5985bbcb2ffbac80c', '1', '--', '1', '2017-04-30 22:00:00', '0:0:0:0:0:0:0:1', 'Mozilla/5.0 (Windows NT 10.0; WOW64) AppleWebKit/537.36 (KHTML, like Gecko) Chrome/57.0.2987.133 Safari/537.36', '/AirMonitor/a/sys/user/info', 'GET', '', '');
INSERT INTO `sys_log` VALUES ('843dd48d05b34b5ea3a68a31bd4d7b75', '1', '', '1', '2017-04-27 10:19:41', '0:0:0:0:0:0:0:1', 'Mozilla/5.0 (Windows NT 10.0; WOW64) AppleWebKit/537.36 (KHTML, like Gecko) Chrome/57.0.2987.133 Safari/537.36', '/AirMonitor/a', 'GET', 0x6C6F67696E3D, '');
INSERT INTO `sys_log` VALUES ('8443abffd441438ca58e7cf5649db1e7', '1', '', '1', '2017-03-28 22:14:32', '0:0:0:0:0:0:0:1', 'Mozilla/5.0 (Windows NT 6.1; Win64; x64) AppleWebKit/537.36 (KHTML, like Gecko) Chrome/57.0.2987.110 Safari/537.36', '/jeesite/a', 'GET', 0x6C6F67696E3D, '');
INSERT INTO `sys_log` VALUES ('84743eee04f24d4a9808e514a2e2b0b5', '1', '--', '1', '2017-03-28 22:13:50', '0:0:0:0:0:0:0:1', 'Mozilla/5.0 (Windows NT 6.1; Win64; x64) AppleWebKit/537.36 (KHTML, like Gecko) Chrome/57.0.2987.110 Safari/537.36', '/jeesite/a/sys/menu/', 'GET', '', '');
INSERT INTO `sys_log` VALUES ('84a87be5c9f540a187d1ec83013980c5', '1', '-CO2-CO2', '1', '2017-04-30 16:19:24', '0:0:0:0:0:0:0:1', 'Mozilla/5.0 (Windows NT 10.0; WOW64) AppleWebKit/537.36 (KHTML, like Gecko) Chrome/57.0.2987.133 Safari/537.36', '/AirMonitor/a/air/tbCO2', 'GET', '', '');
INSERT INTO `sys_log` VALUES ('8612c68b35074873802618a49199f704', '1', '--', 'fdbbca469d8441fb855e1018510e32f2', '2017-05-02 10:29:42', '0:0:0:0:0:0:0:1', 'Mozilla/5.0 (Windows NT 10.0; Win64; x64) AppleWebKit/537.36 (KHTML, like Gecko) Chrome/52.0.2743.116 Safari/537.36 Edge/15.15063', '/AirMonitor/a/sys/user/info', 'GET', 0x7461625061676549643D6A65726963686F746162696672616D655F30, '');
INSERT INTO `sys_log` VALUES ('8619c42850fa447c84988756765889c9', '1', '---', 'fdbbca469d8441fb855e1018510e32f2', '2017-05-02 13:31:41', '0:0:0:0:0:0:0:1', 'Mozilla/5.0 (Windows NT 10.0; WOW64) AppleWebKit/537.36 (KHTML, like Gecko) Chrome/57.0.2987.133 Safari/537.36', '/AirMonitor/a/sys/role/form', 'GET', 0x69643D31, '');
INSERT INTO `sys_log` VALUES ('863478365f034f739c5b9e8eddbd6617', '1', '--', '1', '2017-03-28 22:04:05', '0:0:0:0:0:0:0:1', 'Mozilla/5.0 (Windows NT 6.1; Win64; x64) AppleWebKit/537.36 (KHTML, like Gecko) Chrome/57.0.2987.110 Safari/537.36', '/jeesite/a/cms/', 'GET', '', '');
INSERT INTO `sys_log` VALUES ('867ebace504a4e2797af8813d3decded', '1', '--', '1', '2017-05-16 11:35:20', '0:0:0:0:0:0:0:1', 'Mozilla/5.0 (Windows NT 10.0; WOW64) AppleWebKit/537.36 (KHTML, like Gecko) Chrome/58.0.3029.110 Safari/537.36', '/AirMonitor/a/air/tbAirQuality', 'GET', '', '');
INSERT INTO `sys_log` VALUES ('86f19574ca5d497d91034a3e6677139c', '1', '--', '1', '2017-04-28 10:12:58', '0:0:0:0:0:0:0:1', 'Mozilla/5.0 (Windows NT 10.0; WOW64) AppleWebKit/537.36 (KHTML, like Gecko) Chrome/57.0.2987.133 Safari/537.36', '/AirMonitor/a/air/tbAirQuality', 'GET', '', '');
INSERT INTO `sys_log` VALUES ('873179a608594bd39e213f8474d4edaa', '1', '-CO2-CO2', '1', '2017-04-27 09:56:57', '127.0.0.1', 'Mozilla/5.0 (Windows NT 10.0; WOW64) AppleWebKit/537.36 (KHTML, like Gecko) Chrome/57.0.2987.133 Safari/537.36', '/AirMonitor/a/air/tbCO2', 'GET', '', '');
INSERT INTO `sys_log` VALUES ('87b1123dab7e41e5a47f62e56236d0b4', '1', '', '1', '2017-05-02 10:28:49', '0:0:0:0:0:0:0:1', 'Mozilla/5.0 (Windows NT 10.0; WOW64) AppleWebKit/537.36 (KHTML, like Gecko) Chrome/57.0.2987.133 Safari/537.36', '/AirMonitor/a', 'GET', 0x6C6F67696E3D, '');
INSERT INTO `sys_log` VALUES ('87ee8a3ffe9a42be8aa5209713c15415', '1', '---', '1', '2017-03-28 22:15:03', '0:0:0:0:0:0:0:1', 'Mozilla/5.0 (Windows NT 6.1; Win64; x64) AppleWebKit/537.36 (KHTML, like Gecko) Chrome/57.0.2987.110 Safari/537.36', '/jeesite/a/sys/office/list', 'GET', 0x69643D3026706172656E744964733D302C, '');
INSERT INTO `sys_log` VALUES ('88452141a11b440fa1f22f2f4cbeba05', '1', '---', '1', '2017-04-27 10:19:34', '0:0:0:0:0:0:0:1', 'Mozilla/5.0 (Windows NT 10.0; WOW64) AppleWebKit/537.36 (KHTML, like Gecko) Chrome/57.0.2987.133 Safari/537.36', '/AirMonitor/a/sys/menu/save', 'POST', 0x69643D26706172656E742E69643D656531653132346165623562346639633934363166633363316262313835653826706172656E742E6E616D653DE7A9BAE6B094E8B4A8E9878FE79B91E6B58B266E616D653DE69FA5E79C8BE7A9BAE6B094E8B4A8E9878F26687265663D2F6169722F74624169725175616C697479267461726765743D2669636F6E3D26736F72743D333026697353686F773D31267065726D697373696F6E3D6169723A74624169725175616C6974793A766965772C6169723A74624169725175616C6974793A656469742672656D61726B733D, '');
INSERT INTO `sys_log` VALUES ('887d7e82b55943b6934f027fce772dc4', '1', '--', 'fdbbca469d8441fb855e1018510e32f2', '2017-05-02 13:36:01', '0:0:0:0:0:0:0:1', 'Mozilla/5.0 (Windows NT 10.0; WOW64) AppleWebKit/537.36 (KHTML, like Gecko) Chrome/57.0.2987.133 Safari/537.36', '/AirMonitor/a/air/tbAirQuality', 'GET', '', '');
INSERT INTO `sys_log` VALUES ('8897ee86f2d8487fb43bc5fd46d1c941', '1', '--', '1', '2017-05-16 11:38:03', '0:0:0:0:0:0:0:1', 'Mozilla/5.0 (Windows NT 10.0; WOW64) AppleWebKit/537.36 (KHTML, like Gecko) Chrome/58.0.3029.110 Safari/537.36', '/AirMonitor/a/sys/user/index', 'GET', '', '');
INSERT INTO `sys_log` VALUES ('88a1486254524becb595cd9c93ab9f5a', '1', '---', '1', '2017-05-16 11:33:16', '0:0:0:0:0:0:0:1', 'Mozilla/5.0 (Windows NT 10.0; WOW64) AppleWebKit/537.36 (KHTML, like Gecko) Chrome/58.0.3029.110 Safari/537.36', '/AirMonitor/a/sys/menu/save', 'POST', 0x69643D26706172656E742E69643D643339653065613563383934343035336130656265623162386539653737616326706172656E742E6E616D653DE58E86E58FB2E695B0E68DAEE588A0E999A4266E616D653DE794B2E9869BE588A0E999A426687265663D2F6169722F74624843484F2F6C69737444656C267461726765743D2669636F6E3D26736F72743D393026697353686F773D31267065726D697373696F6E3D6169723A74624843484F3A766965772C6169723A74624843484F3A656469742672656D61726B733D, '');
INSERT INTO `sys_log` VALUES ('8916dc7725814ff89790b99d7c572063', '1', '--', '1', '2017-05-16 11:25:37', '0:0:0:0:0:0:0:1', 'Mozilla/5.0 (Windows NT 10.0; WOW64) AppleWebKit/537.36 (KHTML, like Gecko) Chrome/58.0.3029.110 Safari/537.36', '/AirMonitor/a/sys/menu/', 'GET', '', '');
INSERT INTO `sys_log` VALUES ('89dc865b5dac4473ba1ef39b6d94410c', '1', '--', '1', '2017-04-30 21:53:40', '0:0:0:0:0:0:0:1', 'Mozilla/5.0 (Windows NT 10.0; WOW64) AppleWebKit/537.36 (KHTML, like Gecko) Chrome/57.0.2987.133 Safari/537.36', '/AirMonitor/a/sys/role/', 'GET', 0x7265706167653D, '');
INSERT INTO `sys_log` VALUES ('8a15a52d962b4305a88ba7a6aed61cc7', '1', '---', 'fdbbca469d8441fb855e1018510e32f2', '2017-04-30 22:03:15', '0:0:0:0:0:0:0:1', 'Mozilla/5.0 (Windows NT 10.0; WOW64) AppleWebKit/537.36 (KHTML, like Gecko) Chrome/57.0.2987.133 Safari/537.36', '/AirMonitor/a/sys/user/list', 'GET', 0x7265706167653D, '');
INSERT INTO `sys_log` VALUES ('8a916279d011425789cef3a1a94e55a0', '1', '---', '1', '2017-04-30 21:53:55', '0:0:0:0:0:0:0:1', 'Mozilla/5.0 (Windows NT 10.0; WOW64) AppleWebKit/537.36 (KHTML, like Gecko) Chrome/57.0.2987.133 Safari/537.36', '/AirMonitor/a/sys/role/delete', 'GET', 0x69643D33, '');
INSERT INTO `sys_log` VALUES ('8a96ae97b9d842199bd192cbf35e755d', '1', '---', '1', '2017-03-28 22:16:04', '0:0:0:0:0:0:0:1', 'Mozilla/5.0 (Windows NT 6.1; Win64; x64) AppleWebKit/537.36 (KHTML, like Gecko) Chrome/57.0.2987.110 Safari/537.36', '/jeesite/a/sys/user/delete', 'GET', 0x69643D39, '');
INSERT INTO `sys_log` VALUES ('8ae266321a994cc498d4c2a4f8f51822', '1', '--', '1', '2017-05-16 11:34:46', '0:0:0:0:0:0:0:1', 'Mozilla/5.0 (Windows NT 10.0; WOW64) AppleWebKit/537.36 (KHTML, like Gecko) Chrome/58.0.3029.110 Safari/537.36', '/AirMonitor/a/sys/menu/', 'GET', '', '');
INSERT INTO `sys_log` VALUES ('8c15b318c8b946749f04f01362413c1f', '1', '--', '1', '2017-04-30 17:30:39', '0:0:0:0:0:0:0:1', 'Mozilla/5.0 (Windows NT 10.0; WOW64) AppleWebKit/537.36 (KHTML, like Gecko) Chrome/57.0.2987.133 Safari/537.36', '/AirMonitor/a/air/tbAirQuality', 'GET', '', '');
INSERT INTO `sys_log` VALUES ('8c455c7262df49bda05c2b9304c0afb6', '1', '', '1', '2017-05-16 11:10:25', '0:0:0:0:0:0:0:1', 'Mozilla/5.0 (Windows NT 10.0; WOW64) AppleWebKit/537.36 (KHTML, like Gecko) Chrome/58.0.3029.110 Safari/537.36', '/AirMonitor/a', 'GET', 0x6C6F67696E3D, '');
INSERT INTO `sys_log` VALUES ('8c52d17a87f741f5ad7190b92c2620b8', '1', '--', '1', '2017-05-16 11:15:56', '0:0:0:0:0:0:0:1', 'Mozilla/5.0 (Windows NT 10.0; WOW64) AppleWebKit/537.36 (KHTML, like Gecko) Chrome/58.0.3029.110 Safari/537.36', '/AirMonitor/a/air/tbAirQuality', 'GET', '', '');
INSERT INTO `sys_log` VALUES ('8ce254cd22544003b0c10cd779ce300d', '1', '--', 'fdbbca469d8441fb855e1018510e32f2', '2017-04-30 21:57:15', '0:0:0:0:0:0:0:1', 'Mozilla/5.0 (Windows NT 10.0; WOW64) AppleWebKit/537.36 (KHTML, like Gecko) Chrome/57.0.2987.133 Safari/537.36', '/AirMonitor/a/air/tbAirQuality', 'GET', '', '');
INSERT INTO `sys_log` VALUES ('8d9984819d5048a78f8dd990442c7d98', '1', '---', 'fdbbca469d8441fb855e1018510e32f2', '2017-04-30 21:58:50', '0:0:0:0:0:0:0:1', 'Mozilla/5.0 (Windows NT 10.0; WOW64) AppleWebKit/537.36 (KHTML, like Gecko) Chrome/57.0.2987.133 Safari/537.36', '/AirMonitor/a/sys/role/form', 'GET', '', '');
INSERT INTO `sys_log` VALUES ('8dbf24bfc2ea46359ea9c9ee1170f75d', '1', '--', '1', '2017-04-28 10:14:04', '0:0:0:0:0:0:0:1', 'Mozilla/5.0 (Windows NT 10.0; WOW64) AppleWebKit/537.36 (KHTML, like Gecko) Chrome/57.0.2987.133 Safari/537.36', '/AirMonitor/a/air/tbAirQuality', 'GET', '', '');
INSERT INTO `sys_log` VALUES ('8e009244c2604a13bc2a9627e434c649', '1', '---', '1', '2017-04-30 21:51:20', '0:0:0:0:0:0:0:1', 'Mozilla/5.0 (Windows NT 10.0; WOW64) AppleWebKit/537.36 (KHTML, like Gecko) Chrome/57.0.2987.133 Safari/537.36', '/AirMonitor/a/sys/menu/save', 'POST', 0x706172656E742E6E616D653DE794A8E688B7E7AEA1E79086266E616D653DE794A8E688B7E7AEA1E790862669636F6E3D26706172656E742E69643D3264383863393137326361313430363938383231643535346163373437623033267065726D697373696F6E3D26687265663D2669643D26736F72743D33302672656D61726B733D26697353686F773D31267461726765743D, '');
INSERT INTO `sys_log` VALUES ('8e00ad8d31b1461eb797b5dc4bce500c', '1', '', 'fdbbca469d8441fb855e1018510e32f2', '2017-05-02 10:27:33', '0:0:0:0:0:0:0:1', 'Mozilla/5.0 (Windows NT 10.0; Win64; x64) AppleWebKit/537.36 (KHTML, like Gecko) Chrome/52.0.2743.116 Safari/537.36 Edge/15.15063', '/AirMonitor/a', 'GET', 0x6C6F67696E3D, '');
INSERT INTO `sys_log` VALUES ('8e2596cfbbfc4d05b138616e31f58511', '1', '--', '1', '2017-05-16 11:16:22', '0:0:0:0:0:0:0:1', 'Mozilla/5.0 (Windows NT 10.0; WOW64) AppleWebKit/537.36 (KHTML, like Gecko) Chrome/58.0.3029.110 Safari/537.36', '/AirMonitor/a/sys/role/', 'GET', '', '');
INSERT INTO `sys_log` VALUES ('8e35693917434281a59d79391ac5e558', '1', '--', '1', '2017-04-27 09:50:03', '0:0:0:0:0:0:0:1', 'Mozilla/5.0 (Windows NT 10.0; WOW64) AppleWebKit/537.36 (KHTML, like Gecko) Chrome/57.0.2987.133 Safari/537.36', '/AirMonitor/a/sys/menu/', 'GET', '', '');
INSERT INTO `sys_log` VALUES ('8e3edd12b25a410fa369496646f377a7', '1', '---', 'fdbbca469d8441fb855e1018510e32f2', '2017-04-30 21:59:40', '0:0:0:0:0:0:0:1', 'Mozilla/5.0 (Windows NT 10.0; WOW64) AppleWebKit/537.36 (KHTML, like Gecko) Chrome/57.0.2987.133 Safari/537.36', '/AirMonitor/a/sys/role/form', 'GET', 0x69643D3963623930386565333630643432313261643334376336656365316462656536, '');
INSERT INTO `sys_log` VALUES ('8e6ed1e7a51e4e71948f2d70480bb2f7', '1', '---', '1', '2017-04-30 21:54:51', '0:0:0:0:0:0:0:1', 'Mozilla/5.0 (Windows NT 10.0; WOW64) AppleWebKit/537.36 (KHTML, like Gecko) Chrome/57.0.2987.133 Safari/537.36', '/AirMonitor/a/sys/user/list', 'GET', '', '');
INSERT INTO `sys_log` VALUES ('8ea4052579b244fd857b7d96a88a3fcf', '1', '--', '1', '2017-05-02 10:28:49', '0:0:0:0:0:0:0:1', 'Mozilla/5.0 (Windows NT 10.0; WOW64) AppleWebKit/537.36 (KHTML, like Gecko) Chrome/57.0.2987.133 Safari/537.36', '/AirMonitor/a/sys/user/info', 'GET', '', '');
INSERT INTO `sys_log` VALUES ('8ebab1bd12b94b79b7dc9b2cfb44dbf0', '1', '--', '1', '2017-04-30 21:49:57', '0:0:0:0:0:0:0:1', 'Mozilla/5.0 (Windows NT 10.0; WOW64) AppleWebKit/537.36 (KHTML, like Gecko) Chrome/57.0.2987.133 Safari/537.36', '/AirMonitor/a/sys/user/info', 'GET', '', '');
INSERT INTO `sys_log` VALUES ('8eca501ae33c4c0ea0b3253f65d03a57', '1', '--', 'fdbbca469d8441fb855e1018510e32f2', '2017-05-02 10:34:55', '0:0:0:0:0:0:0:1', 'Mozilla/5.0 (Windows NT 10.0; Win64; x64) AppleWebKit/537.36 (KHTML, like Gecko) Chrome/52.0.2743.116 Safari/537.36 Edge/15.15063', '/AirMonitor/a/sys/user/index', 'GET', 0x7461625061676549643D6A65726963686F746162696672616D655F31, '');
INSERT INTO `sys_log` VALUES ('8ece3e90a996422f9fccff3501c957b0', '1', '--', '1', '2017-04-30 16:55:28', '0:0:0:0:0:0:0:1', 'Mozilla/5.0 (Windows NT 10.0; WOW64) AppleWebKit/537.36 (KHTML, like Gecko) Chrome/57.0.2987.133 Safari/537.36', '/AirMonitor/a/air/tbAirQuality', 'GET', '', '');
INSERT INTO `sys_log` VALUES ('8f11940da50e433698b4efc5926eae7d', '1', '-PM2.5-PM2.5', '1', '2017-04-27 09:53:28', '0:0:0:0:0:0:0:1', 'Mozilla/5.0 (Windows NT 10.0; WOW64) AppleWebKit/537.36 (KHTML, like Gecko) Chrome/57.0.2987.133 Safari/537.36', '/AirMonitor/a/air/tbPm25', 'GET', '', '');
INSERT INTO `sys_log` VALUES ('8f356c3196df45e69d8e5b5e21f610c1', '1', '---', '1', '2017-04-27 09:50:35', '0:0:0:0:0:0:0:1', 'Mozilla/5.0 (Windows NT 10.0; WOW64) AppleWebKit/537.36 (KHTML, like Gecko) Chrome/57.0.2987.133 Safari/537.36', '/AirMonitor/a/sys/menu/save', 'POST', 0x69643D26706172656E742E69643D653936353465666664373536343339653962306663353264313731326135343126706172656E742E6E616D653DE7A9BAE6B094E8B4A8E9878FE79B91E6B58B266E616D653DE7A9BAE6B094E8B4A8E9878FE79B91E6B58B26687265663D267461726765743D2669636F6E3D26736F72743D333026697353686F773D31267065726D697373696F6E3D2672656D61726B733D, '');
INSERT INTO `sys_log` VALUES ('8fabdacb027e49dc9493132df214dd49', '1', '--', '1', '2017-03-28 22:04:04', '0:0:0:0:0:0:0:1', 'Mozilla/5.0 (Windows NT 6.1; Win64; x64) AppleWebKit/537.36 (KHTML, like Gecko) Chrome/57.0.2987.110 Safari/537.36', '/jeesite/a/oa/oaNotify/self', 'GET', '', '');
INSERT INTO `sys_log` VALUES ('9057889a583b42538fe0016099d97701', '1', '---', 'fdbbca469d8441fb855e1018510e32f2', '2017-04-30 21:55:34', '0:0:0:0:0:0:0:1', 'Mozilla/5.0 (Windows NT 10.0; WOW64) AppleWebKit/537.36 (KHTML, like Gecko) Chrome/57.0.2987.133 Safari/537.36', '/AirMonitor/a/sys/user/list', 'GET', '', '');
INSERT INTO `sys_log` VALUES ('90bf1d86b087431ba866796c5dc6960f', '1', '--', '1', '2017-04-30 16:49:58', '0:0:0:0:0:0:0:1', 'Mozilla/5.0 (Windows NT 10.0; WOW64) AppleWebKit/537.36 (KHTML, like Gecko) Chrome/57.0.2987.133 Safari/537.36', '/AirMonitor/a/air/tbAirQuality', 'GET', '', '');
INSERT INTO `sys_log` VALUES ('90e76c3dfd71498d957aa45eeaf12bad', '1', '--', '1', '2017-03-28 22:04:08', '0:0:0:0:0:0:0:1', 'Mozilla/5.0 (Windows NT 6.1; Win64; x64) AppleWebKit/537.36 (KHTML, like Gecko) Chrome/57.0.2987.110 Safari/537.36', '/jeesite/a/gen/genTable', 'GET', '', '');
INSERT INTO `sys_log` VALUES ('91634bd6588d44feac42e915ba5286a4', '1', '-', '1', '2017-04-30 21:50:34', '0:0:0:0:0:0:0:1', 'Mozilla/5.0 (Windows NT 10.0; WOW64) AppleWebKit/537.36 (KHTML, like Gecko) Chrome/57.0.2987.133 Safari/537.36', '/AirMonitor/a/cms/none', 'GET', '', '');
INSERT INTO `sys_log` VALUES ('9180a822aab040bb9cc83841580ae8b7', '1', '---', '1', '2017-03-28 22:17:52', '0:0:0:0:0:0:0:1', 'Mozilla/5.0 (Windows NT 6.1; Win64; x64) AppleWebKit/537.36 (KHTML, like Gecko) Chrome/57.0.2987.110 Safari/537.36', '/jeesite/a/sys/user/form', 'GET', 0x69643D6664626263613436396438343431666238353565313031383531306533326632, '');
INSERT INTO `sys_log` VALUES ('92060fb27ffc41688942a2d0eb0481b8', '1', '---', '1', '2017-04-30 22:00:02', '0:0:0:0:0:0:0:1', 'Mozilla/5.0 (Windows NT 10.0; WOW64) AppleWebKit/537.36 (KHTML, like Gecko) Chrome/57.0.2987.133 Safari/537.36', '/AirMonitor/a/sys/user/list', 'GET', '', '');
INSERT INTO `sys_log` VALUES ('924ebbf820cb4667a7ed5207e5854363', '1', '--', 'fdbbca469d8441fb855e1018510e32f2', '2017-05-02 10:29:18', '0:0:0:0:0:0:0:1', 'Mozilla/5.0 (Windows NT 10.0; Win64; x64) AppleWebKit/537.36 (KHTML, like Gecko) Chrome/52.0.2743.116 Safari/537.36 Edge/15.15063', '/AirMonitor/a/sys/user/info', 'GET', 0x7461625061676549643D6A65726963686F746162696672616D655F30, '');
INSERT INTO `sys_log` VALUES ('927d16e0a07747a1ab737ff582c602bd', '1', '--', '1', '2017-03-28 22:04:01', '0:0:0:0:0:0:0:1', 'Mozilla/5.0 (Windows NT 6.1; Win64; x64) AppleWebKit/537.36 (KHTML, like Gecko) Chrome/57.0.2987.110 Safari/537.36', '/jeesite/a/sys/user/modifyPwd', 'GET', '', '');
INSERT INTO `sys_log` VALUES ('92b7f234b2d945fd8e407809fa59f9e4', '1', '--', '1', '2017-04-30 16:12:27', '0:0:0:0:0:0:0:1', 'Mozilla/5.0 (Windows NT 10.0; WOW64) AppleWebKit/537.36 (KHTML, like Gecko) Chrome/57.0.2987.133 Safari/537.36', '/AirMonitor/a/sys/user/info', 'GET', '', '');
INSERT INTO `sys_log` VALUES ('93b6d304c33a4f52911b805f16e277d5', '1', '--', '1', '2017-03-28 22:03:41', '0:0:0:0:0:0:0:1', 'Mozilla/5.0 (Windows NT 6.1; Win64; x64) AppleWebKit/537.36 (KHTML, like Gecko) Chrome/57.0.2987.110 Safari/537.36', '/jeesite/a/sys/user/info', 'GET', '', '');
INSERT INTO `sys_log` VALUES ('93f92032b282494fb18b687e3bb31967', '1', '-PM2.5-PM2.5', '1', '2017-04-28 10:13:17', '0:0:0:0:0:0:0:1', 'Mozilla/5.0 (Windows NT 10.0; WOW64) AppleWebKit/537.36 (KHTML, like Gecko) Chrome/57.0.2987.133 Safari/537.36', '/AirMonitor/a/air/tbPm25', 'GET', '', '');
INSERT INTO `sys_log` VALUES ('93fc101ae0b44e78a0b57de9433d8af6', '1', '', '1', '2017-04-30 21:58:11', '0:0:0:0:0:0:0:1', 'Mozilla/5.0 (Windows NT 10.0; WOW64) AppleWebKit/537.36 (KHTML, like Gecko) Chrome/57.0.2987.133 Safari/537.36', '/AirMonitor/a', 'GET', 0x6C6F67696E3D, '');
INSERT INTO `sys_log` VALUES ('94ad71b8a6c841b38416650eadc8fdf9', '1', '---', '1', '2017-03-28 22:15:55', '0:0:0:0:0:0:0:1', 'Mozilla/5.0 (Windows NT 6.1; Win64; x64) AppleWebKit/537.36 (KHTML, like Gecko) Chrome/57.0.2987.110 Safari/537.36', '/jeesite/a/sys/user/delete', 'GET', 0x69643D3133, '');
INSERT INTO `sys_log` VALUES ('94e612caad6d4a768b2de3cc17722d6f', '1', '---', '1', '2017-05-16 11:34:45', '0:0:0:0:0:0:0:1', 'Mozilla/5.0 (Windows NT 10.0; WOW64) AppleWebKit/537.36 (KHTML, like Gecko) Chrome/58.0.3029.110 Safari/537.36', '/AirMonitor/a/sys/menu/save', 'POST', 0x69643D26706172656E742E69643D643339653065613563383934343035336130656265623162386539653737616326706172656E742E6E616D653DE58E86E58FB2E695B0E68DAEE588A0E999A4266E616D653DE4BA8CE6B0A7E58C96E7A1ABE588A0E999A426687265663D2F6169722F7462534F322F6C69737444656C267461726765743D2669636F6E3D26736F72743D31353026697353686F773D31267065726D697373696F6E3D6169723A7462534F323A766965772C6169723A7462534F323A656469742672656D61726B733D, '');
INSERT INTO `sys_log` VALUES ('954d5099c4694ff0933550ac074bb8bc', '1', '--', '1', '2017-03-28 22:03:56', '0:0:0:0:0:0:0:1', 'Mozilla/5.0 (Windows NT 6.1; Win64; x64) AppleWebKit/537.36 (KHTML, like Gecko) Chrome/57.0.2987.110 Safari/537.36', '/jeesite/a/sys/user/index', 'GET', '', '');
INSERT INTO `sys_log` VALUES ('95b63d6c931f422094d749ca387ec45e', '1', '--', '1', '2017-04-27 09:57:26', '127.0.0.1', 'Mozilla/5.0 (Windows NT 10.0; WOW64) AppleWebKit/537.36 (KHTML, like Gecko) Chrome/57.0.2987.133 Safari/537.36', '/AirMonitor/a/air/tbTempHum', 'GET', '', '');
INSERT INTO `sys_log` VALUES ('9642171766d948f79b5fa4842d2e1cb8', '1', '--', '1', '2017-04-30 17:10:08', '0:0:0:0:0:0:0:1', 'Mozilla/5.0 (Windows NT 10.0; WOW64) AppleWebKit/537.36 (KHTML, like Gecko) Chrome/57.0.2987.133 Safari/537.36', '/AirMonitor/a/sys/user/info', 'GET', '', '');
INSERT INTO `sys_log` VALUES ('96cbe2179f9c46b3905e466e4b2a2b86', '1', '---', '1', '2017-05-16 11:25:21', '0:0:0:0:0:0:0:1', 'Mozilla/5.0 (Windows NT 10.0; WOW64) AppleWebKit/537.36 (KHTML, like Gecko) Chrome/58.0.3029.110 Safari/537.36', '/AirMonitor/a/sys/menu/form', 'GET', 0x69643D3135636430616461623737383439366239623466663461373338623866333964, '');
INSERT INTO `sys_log` VALUES ('96e2dba32bcb457590267d0e7ac00a2f', '1', '--', '1', '2017-04-27 09:46:37', '0:0:0:0:0:0:0:1', 'Mozilla/5.0 (Windows NT 10.0; WOW64) AppleWebKit/537.36 (KHTML, like Gecko) Chrome/57.0.2987.133 Safari/537.36', '/AirMonitor/a/sys/user/info', 'GET', '', '');
INSERT INTO `sys_log` VALUES ('97412e93016e4bf5a3b7e5d151d708f0', '1', '--', '1', '2017-04-26 11:09:33', '0:0:0:0:0:0:0:1', 'Mozilla/5.0 (Windows NT 6.1; WOW64) AppleWebKit/537.36 (KHTML, like Gecko) Chrome/56.0.2924.87 Safari/537.36', '/jeesite/a/act/model', 'GET', '', '');
INSERT INTO `sys_log` VALUES ('977ae05e8b6b42079124a6cc7bb9491e', '1', '---', '1', '2017-05-16 11:34:50', '0:0:0:0:0:0:0:1', 'Mozilla/5.0 (Windows NT 10.0; WOW64) AppleWebKit/537.36 (KHTML, like Gecko) Chrome/58.0.3029.110 Safari/537.36', '/AirMonitor/a/sys/menu/form', 'GET', 0x706172656E742E69643D6433396530656135633839343430353361306562656231623865396537376163, '');
INSERT INTO `sys_log` VALUES ('979bb94d486d47138bcd75bed9918dc4', '1', '--', '1', '2017-04-27 10:18:35', '0:0:0:0:0:0:0:1', 'Mozilla/5.0 (Windows NT 10.0; WOW64) AppleWebKit/537.36 (KHTML, like Gecko) Chrome/57.0.2987.133 Safari/537.36', '/AirMonitor/a/gen/genTable', 'GET', '', '');
INSERT INTO `sys_log` VALUES ('98419476ea894fd6a403001e2f021392', '1', '---', '1', '2017-04-30 21:50:13', '0:0:0:0:0:0:0:1', 'Mozilla/5.0 (Windows NT 10.0; WOW64) AppleWebKit/537.36 (KHTML, like Gecko) Chrome/57.0.2987.133 Safari/537.36', '/AirMonitor/a/sys/user/list', 'GET', '', '');
INSERT INTO `sys_log` VALUES ('98ae848548424ca2840beb830e6be76c', '1', '', 'fdbbca469d8441fb855e1018510e32f2', '2017-05-16 11:37:42', '0:0:0:0:0:0:0:1', 'Mozilla/5.0 (Windows NT 10.0; WOW64) AppleWebKit/537.36 (KHTML, like Gecko) Chrome/58.0.3029.110 Safari/537.36', '/AirMonitor/a', 'GET', 0x6C6F67696E3D, '');
INSERT INTO `sys_log` VALUES ('9976e85fe98a4cbda38eb38a1a0e29d2', '1', '---', '1', '2017-05-16 11:28:25', '0:0:0:0:0:0:0:1', 'Mozilla/5.0 (Windows NT 10.0; WOW64) AppleWebKit/537.36 (KHTML, like Gecko) Chrome/58.0.3029.110 Safari/537.36', '/AirMonitor/a/sys/menu/save', 'POST', 0x69643D26706172656E742E69643D323335323538303430623661343437326262336266666635363664626634333326706172656E742E6E616D653DE58E86E58FB2E695B0E68DAEE69FA5E8AFA2266E616D653DE794B2E9869BE69FA5E8AFA226687265663D2F6169722F74624843484F267461726765743D2669636F6E3D26736F72743D393026697353686F773D31267065726D697373696F6E3D6169723A74624843484F3A766965772C6169723A74624843484F3A656469742672656D61726B733D, '');
INSERT INTO `sys_log` VALUES ('998360de89194b7dacde503c6770e9e2', '1', '---', '1', '2017-05-16 11:26:24', '0:0:0:0:0:0:0:1', 'Mozilla/5.0 (Windows NT 10.0; WOW64) AppleWebKit/537.36 (KHTML, like Gecko) Chrome/58.0.3029.110 Safari/537.36', '/AirMonitor/a/sys/menu/form', 'GET', 0x706172656E742E69643D3233353235383034306236613434373262623362666666353636646266343333, '');
INSERT INTO `sys_log` VALUES ('9a18745b4d31486784c7398b02613ea2', '1', '--', 'fdbbca469d8441fb855e1018510e32f2', '2017-04-30 21:55:34', '0:0:0:0:0:0:0:1', 'Mozilla/5.0 (Windows NT 10.0; WOW64) AppleWebKit/537.36 (KHTML, like Gecko) Chrome/57.0.2987.133 Safari/537.36', '/AirMonitor/a/sys/user/index', 'GET', '', '');
INSERT INTO `sys_log` VALUES ('9b56bcf04c9a48a1ac48717578bdeb3e', '1', '---', '1', '2017-03-28 22:04:06', '0:0:0:0:0:0:0:1', 'Mozilla/5.0 (Windows NT 6.1; Win64; x64) AppleWebKit/537.36 (KHTML, like Gecko) Chrome/57.0.2987.110 Safari/537.36', '/jeesite/a/sys/user/list', 'GET', '', '');
INSERT INTO `sys_log` VALUES ('9bb89e9aefc54e72ad03c207b26af857', '1', '--', '1', '2017-05-16 11:24:38', '0:0:0:0:0:0:0:1', 'Mozilla/5.0 (Windows NT 10.0; WOW64) AppleWebKit/537.36 (KHTML, like Gecko) Chrome/58.0.3029.110 Safari/537.36', '/AirMonitor/a/sys/user/info', 'GET', '', '');
INSERT INTO `sys_log` VALUES ('9c00a7530882443c8081482044312ebe', '1', '--', 'fdbbca469d8441fb855e1018510e32f2', '2017-04-30 21:55:20', '0:0:0:0:0:0:0:1', 'Mozilla/5.0 (Windows NT 10.0; WOW64) AppleWebKit/537.36 (KHTML, like Gecko) Chrome/57.0.2987.133 Safari/537.36', '/AirMonitor/a/air/tbAirQuality', 'GET', '', '');
INSERT INTO `sys_log` VALUES ('9ceea5a95fa041aea408653ec1e64819', '1', '--', '1', '2017-04-26 11:09:48', '0:0:0:0:0:0:0:1', 'Mozilla/5.0 (Windows NT 6.1; WOW64) AppleWebKit/537.36 (KHTML, like Gecko) Chrome/56.0.2924.87 Safari/537.36', '/jeesite/a/act/model', 'GET', '', '');
INSERT INTO `sys_log` VALUES ('9d26e1dc9b1549ad8856f203f0b49f62', '1', '--', '1', '2017-04-26 11:11:01', '127.0.0.1', 'Mozilla/5.0 (Windows NT 6.1; WOW64) AppleWebKit/537.36 (KHTML, like Gecko) Chrome/56.0.2924.87 Safari/537.36', '/jeesite/a/cms/', 'GET', '', '');
INSERT INTO `sys_log` VALUES ('9d296fda930645b5b4a60b971c381b37', '1', '---', '1', '2017-05-16 11:31:55', '0:0:0:0:0:0:0:1', 'Mozilla/5.0 (Windows NT 10.0; WOW64) AppleWebKit/537.36 (KHTML, like Gecko) Chrome/58.0.3029.110 Safari/537.36', '/AirMonitor/a/sys/menu/form', 'GET', 0x706172656E742E69643D6433396530656135633839343430353361306562656231623865396537376163, '');
INSERT INTO `sys_log` VALUES ('9d71a92896064672900d13e128b7e33a', '1', '---', '1', '2017-03-28 22:04:13', '0:0:0:0:0:0:0:1', 'Mozilla/5.0 (Windows NT 6.1; Win64; x64) AppleWebKit/537.36 (KHTML, like Gecko) Chrome/57.0.2987.110 Safari/537.36', '/jeesite/a/cms/link/', 'GET', 0x63617465676F72792E69643D3139, '');
INSERT INTO `sys_log` VALUES ('9dfffb8babc8460cbcc729b475aad8e0', '1', '--', 'fdbbca469d8441fb855e1018510e32f2', '2017-03-28 22:18:04', '0:0:0:0:0:0:0:1', 'Mozilla/5.0 (Windows NT 6.1; Win64; x64) AppleWebKit/537.36 (KHTML, like Gecko) Chrome/57.0.2987.110 Safari/537.36', '/jeesite/a/sys/user/info', 'GET', '', '');
INSERT INTO `sys_log` VALUES ('9ed7fff1689940ed89034fe6c74b12a8', '1', '--', '1', '2017-04-30 21:49:46', '0:0:0:0:0:0:0:1', 'Mozilla/5.0 (Windows NT 10.0; WOW64) AppleWebKit/537.36 (KHTML, like Gecko) Chrome/57.0.2987.133 Safari/537.36', '/AirMonitor/a/sys/user/info', 'GET', '', '');
INSERT INTO `sys_log` VALUES ('9eeab7a1c49c4e73a10e9cb4d5e7e73e', '1', '--', '1', '2017-03-28 22:15:34', '0:0:0:0:0:0:0:1', 'Mozilla/5.0 (Windows NT 6.1; Win64; x64) AppleWebKit/537.36 (KHTML, like Gecko) Chrome/57.0.2987.110 Safari/537.36', '/jeesite/a/sys/user/index', 'GET', '', '');
INSERT INTO `sys_log` VALUES ('9f06b1dce7a0421084e2565b9e461889', '1', '--', '1', '2017-04-30 16:46:20', '0:0:0:0:0:0:0:1', 'Mozilla/5.0 (Windows NT 10.0; WOW64) AppleWebKit/537.36 (KHTML, like Gecko) Chrome/57.0.2987.133 Safari/537.36', '/AirMonitor/a/air/tbAirQuality', 'GET', '', '');
INSERT INTO `sys_log` VALUES ('9f502508931d4b5fa2b28970e3f7c61b', '1', '--', '1', '2017-05-16 11:38:06', '0:0:0:0:0:0:0:1', 'Mozilla/5.0 (Windows NT 10.0; WOW64) AppleWebKit/537.36 (KHTML, like Gecko) Chrome/58.0.3029.110 Safari/537.36', '/AirMonitor/a/sys/menu/', 'GET', '', '');
INSERT INTO `sys_log` VALUES ('9fa80477fda1493dae628951b01f14a4', '1', '-PM2.5-PM2.5', '1', '2017-04-28 10:13:41', '0:0:0:0:0:0:0:1', 'Mozilla/5.0 (Windows NT 10.0; WOW64) AppleWebKit/537.36 (KHTML, like Gecko) Chrome/57.0.2987.133 Safari/537.36', '/AirMonitor/a/air/tbPm25', 'GET', '', '');
INSERT INTO `sys_log` VALUES ('9febb73482b34640ae6e29a3925282e7', '1', '--', '1', '2017-04-27 09:50:35', '0:0:0:0:0:0:0:1', 'Mozilla/5.0 (Windows NT 10.0; WOW64) AppleWebKit/537.36 (KHTML, like Gecko) Chrome/57.0.2987.133 Safari/537.36', '/AirMonitor/a/sys/menu/', 'GET', '', '');
INSERT INTO `sys_log` VALUES ('a03aeb6688e14309a2540653ac5d6138', '1', '-', '1', '2017-04-26 11:11:02', '127.0.0.1', 'Mozilla/5.0 (Windows NT 6.1; WOW64) AppleWebKit/537.36 (KHTML, like Gecko) Chrome/56.0.2924.87 Safari/537.36', '/jeesite/a/cms/tree', 'GET', '', '');
INSERT INTO `sys_log` VALUES ('a052696307ab4168a7b61c47683f0e12', '1', '---', '1', '2017-03-28 22:15:48', '0:0:0:0:0:0:0:1', 'Mozilla/5.0 (Windows NT 6.1; Win64; x64) AppleWebKit/537.36 (KHTML, like Gecko) Chrome/57.0.2987.110 Safari/537.36', '/jeesite/a/sys/user/delete', 'GET', 0x69643D34, '');
INSERT INTO `sys_log` VALUES ('a0a742649eb543eda12fb48c1a893bb7', '1', '--', '1', '2017-04-30 16:35:29', '0:0:0:0:0:0:0:1', 'Mozilla/5.0 (Windows NT 10.0; WOW64) AppleWebKit/537.36 (KHTML, like Gecko) Chrome/57.0.2987.133 Safari/537.36', '/AirMonitor/a/cms/', 'GET', '', '');
INSERT INTO `sys_log` VALUES ('a0c9a9f38f934412ab41751e5881e6c7', '1', '--', 'fdbbca469d8441fb855e1018510e32f2', '2017-05-02 13:14:36', '0:0:0:0:0:0:0:1', 'Mozilla/5.0 (Windows NT 10.0; WOW64) AppleWebKit/537.36 (KHTML, like Gecko) Chrome/57.0.2987.133 Safari/537.36', '/AirMonitor/a/sys/user/modifyPwd', 'GET', '', '');
INSERT INTO `sys_log` VALUES ('a0df379872f8454da968cc87d4f6bb48', '1', '--', '1', '2017-03-28 22:13:57', '0:0:0:0:0:0:0:1', 'Mozilla/5.0 (Windows NT 6.1; Win64; x64) AppleWebKit/537.36 (KHTML, like Gecko) Chrome/57.0.2987.110 Safari/537.36', '/jeesite/a/sys/menu/', 'GET', '', '');
INSERT INTO `sys_log` VALUES ('a0f9d13b4b444ab098c5671c6c7615fd', '1', '--', '1', '2017-04-30 16:57:27', '0:0:0:0:0:0:0:1', 'Mozilla/5.0 (Windows NT 10.0; WOW64) AppleWebKit/537.36 (KHTML, like Gecko) Chrome/57.0.2987.133 Safari/537.36', '/AirMonitor/a/air/tbAirQuality', 'GET', '', '');
INSERT INTO `sys_log` VALUES ('a119e6a05d5c493ba3dd6c852b81e1a0', '1', '--', '1', '2017-05-16 11:24:58', '0:0:0:0:0:0:0:1', 'Mozilla/5.0 (Windows NT 10.0; WOW64) AppleWebKit/537.36 (KHTML, like Gecko) Chrome/58.0.3029.110 Safari/537.36', '/AirMonitor/a/sys/menu/', 'GET', '', '');
INSERT INTO `sys_log` VALUES ('a230c17d1f10427eb907ecef695dac56', '1', '---', '1', '2017-03-28 22:15:58', '0:0:0:0:0:0:0:1', 'Mozilla/5.0 (Windows NT 6.1; Win64; x64) AppleWebKit/537.36 (KHTML, like Gecko) Chrome/57.0.2987.110 Safari/537.36', '/jeesite/a/sys/user/list', 'GET', 0x7265706167653D, '');
INSERT INTO `sys_log` VALUES ('a33b32b91e0a4a19b0b53c801b93c131', '1', '--', '1', '2017-03-28 22:04:06', '0:0:0:0:0:0:0:1', 'Mozilla/5.0 (Windows NT 6.1; Win64; x64) AppleWebKit/537.36 (KHTML, like Gecko) Chrome/57.0.2987.110 Safari/537.36', '/jeesite/a/sys/user/index', 'GET', '', '');
INSERT INTO `sys_log` VALUES ('a393a8e4ac804ba08ab16c2e459f374f', '1', '--', '1', '2017-05-16 11:30:37', '0:0:0:0:0:0:0:1', 'Mozilla/5.0 (Windows NT 10.0; WOW64) AppleWebKit/537.36 (KHTML, like Gecko) Chrome/58.0.3029.110 Safari/537.36', '/AirMonitor/a/air/tbCO', 'GET', '', '');
INSERT INTO `sys_log` VALUES ('a438c1bf6e974075b10883140cef4334', '1', '--', '1', '2017-04-30 17:19:15', '0:0:0:0:0:0:0:1', 'Mozilla/5.0 (Windows NT 10.0; WOW64) AppleWebKit/537.36 (KHTML, like Gecko) Chrome/57.0.2987.133 Safari/537.36', '/AirMonitor/a/air/tbAirQuality', 'GET', '', '');
INSERT INTO `sys_log` VALUES ('a4481ff292d14461898aedadb123dfdd', '1', '--', '1', '2017-04-27 10:18:40', '0:0:0:0:0:0:0:1', 'Mozilla/5.0 (Windows NT 10.0; WOW64) AppleWebKit/537.36 (KHTML, like Gecko) Chrome/57.0.2987.133 Safari/537.36', '/AirMonitor/a/sys/menu/', 'GET', '', '');
INSERT INTO `sys_log` VALUES ('a49e9295b447434fb2387747ba126537', '1', '--', '1', '2017-04-27 10:20:15', '0:0:0:0:0:0:0:1', 'Mozilla/5.0 (Windows NT 10.0; WOW64) AppleWebKit/537.36 (KHTML, like Gecko) Chrome/57.0.2987.133 Safari/537.36', '/AirMonitor/a/air/tbAirQuality', 'GET', '', '');
INSERT INTO `sys_log` VALUES ('a52d6cb109a14c79870240d3a65741cf', '1', '--', '1', '2017-04-30 21:53:55', '0:0:0:0:0:0:0:1', 'Mozilla/5.0 (Windows NT 10.0; WOW64) AppleWebKit/537.36 (KHTML, like Gecko) Chrome/57.0.2987.133 Safari/537.36', '/AirMonitor/a/sys/role/', 'GET', 0x7265706167653D, '');
INSERT INTO `sys_log` VALUES ('a6ff6dbf01da42ae9236b005c923c054', '1', '--', '1', '2017-05-16 11:25:17', '0:0:0:0:0:0:0:1', 'Mozilla/5.0 (Windows NT 10.0; WOW64) AppleWebKit/537.36 (KHTML, like Gecko) Chrome/58.0.3029.110 Safari/537.36', '/AirMonitor/a/sys/menu/', 'GET', '', '');
INSERT INTO `sys_log` VALUES ('a76e821a8d254b95a09e350bc57d1636', '1', '--', '1', '2017-05-16 11:16:15', '0:0:0:0:0:0:0:1', 'Mozilla/5.0 (Windows NT 10.0; WOW64) AppleWebKit/537.36 (KHTML, like Gecko) Chrome/58.0.3029.110 Safari/537.36', '/AirMonitor/a/air/tbAirQuality', 'GET', '', '');
INSERT INTO `sys_log` VALUES ('a7b4ac815d7445898e19f0c2586afcc2', '1', '---', 'fdbbca469d8441fb855e1018510e32f2', '2017-04-30 21:55:11', '0:0:0:0:0:0:0:1', 'Mozilla/5.0 (Windows NT 10.0; WOW64) AppleWebKit/537.36 (KHTML, like Gecko) Chrome/57.0.2987.133 Safari/537.36', '/AirMonitor/a/sys/user/list', 'GET', '', '');
INSERT INTO `sys_log` VALUES ('a882a42ff26f4f42b8dc839838310482', '1', '---', '1', '2017-04-27 10:18:34', '0:0:0:0:0:0:0:1', 'Mozilla/5.0 (Windows NT 10.0; WOW64) AppleWebKit/537.36 (KHTML, like Gecko) Chrome/57.0.2987.133 Safari/537.36', '/AirMonitor/a/sys/user/list', 'GET', '', '');
INSERT INTO `sys_log` VALUES ('a8911decbf4746b390a69798fd53e255', '1', '--', '1', '2017-04-27 09:52:01', '0:0:0:0:0:0:0:1', 'Mozilla/5.0 (Windows NT 10.0; WOW64) AppleWebKit/537.36 (KHTML, like Gecko) Chrome/57.0.2987.133 Safari/537.36', '/AirMonitor/a/sys/menu/', 'GET', '', '');
INSERT INTO `sys_log` VALUES ('a99b20547dbf4b9393deda26ad452451', '1', '-PM2.5-PM2.5', '1', '2017-04-27 09:57:13', '127.0.0.1', 'Mozilla/5.0 (Windows NT 10.0; WOW64) AppleWebKit/537.36 (KHTML, like Gecko) Chrome/57.0.2987.133 Safari/537.36', '/AirMonitor/a/air/tbPm25', 'GET', '', '');
INSERT INTO `sys_log` VALUES ('aa69b1a7d0394b61be0df3cb4463e09a', '1', '---', '1', '2017-05-02 10:28:53', '0:0:0:0:0:0:0:1', 'Mozilla/5.0 (Windows NT 10.0; WOW64) AppleWebKit/537.36 (KHTML, like Gecko) Chrome/57.0.2987.133 Safari/537.36', '/AirMonitor/a/sys/user/list', 'GET', '', '');
INSERT INTO `sys_log` VALUES ('ab1bead002514b2cb0e3e36055f3c7ee', '1', '--', '1', '2017-04-30 16:55:32', '0:0:0:0:0:0:0:1', 'Mozilla/5.0 (Windows NT 10.0; WOW64) AppleWebKit/537.36 (KHTML, like Gecko) Chrome/57.0.2987.133 Safari/537.36', '/AirMonitor/a/air/tbAirQuality', 'GET', '', '');
INSERT INTO `sys_log` VALUES ('ab35ccca9e1a4d958ad7ceae663bcef4', '1', '--', '1', '2017-05-16 11:10:28', '0:0:0:0:0:0:0:1', 'Mozilla/5.0 (Windows NT 10.0; WOW64) AppleWebKit/537.36 (KHTML, like Gecko) Chrome/58.0.3029.110 Safari/537.36', '/AirMonitor/a/sys/user/info', 'GET', '', '');
INSERT INTO `sys_log` VALUES ('ab46686c33464503997f6f5571c97e8a', '1', '---', '1', '2017-05-16 11:25:28', '0:0:0:0:0:0:0:1', 'Mozilla/5.0 (Windows NT 10.0; WOW64) AppleWebKit/537.36 (KHTML, like Gecko) Chrome/58.0.3029.110 Safari/537.36', '/AirMonitor/a/sys/menu/save', 'POST', 0x69643D313563643061646162373738343936623962346666346137333862386633396426706172656E742E69643D3126706172656E742E6E616D653DE58A9FE883BDE88F9CE58D95266E616D653DE58E86E58FB2E695B0E68DAEE7BBB4E68AA426687265663D267461726765743D2669636F6E3D26736F72743D3531323026697353686F773D31267065726D697373696F6E3D2672656D61726B733D, '');
INSERT INTO `sys_log` VALUES ('abb921102b59496fbf111310ff8737ed', '1', '--', 'fdbbca469d8441fb855e1018510e32f2', '2017-05-02 14:31:51', '0:0:0:0:0:0:0:1', 'Mozilla/5.0 (Windows NT 10.0; Win64; x64) AppleWebKit/537.36 (KHTML, like Gecko) Chrome/52.0.2743.116 Safari/537.36 Edge/15.15063', '/AirMonitor/a/air/tbAirQuality', 'GET', '', '');
INSERT INTO `sys_log` VALUES ('abe3cdf7ef3246c2ac08a74a2c9f320d', '1', '-', '1', '2017-04-30 16:35:30', '0:0:0:0:0:0:0:1', 'Mozilla/5.0 (Windows NT 10.0; WOW64) AppleWebKit/537.36 (KHTML, like Gecko) Chrome/57.0.2987.133 Safari/537.36', '/AirMonitor/a/cms/tree', 'GET', '', '');
INSERT INTO `sys_log` VALUES ('ac8ced2c26a3420faac6889168423d13', '1', '---', '1', '2017-04-27 09:51:03', '0:0:0:0:0:0:0:1', 'Mozilla/5.0 (Windows NT 10.0; WOW64) AppleWebKit/537.36 (KHTML, like Gecko) Chrome/57.0.2987.133 Safari/537.36', '/AirMonitor/a/sys/menu/save', 'POST', 0x69643D26706172656E742E69643D653936353465666664373536343339653962306663353264313731326135343126706172656E742E6E616D653DE7A9BAE6B094E8B4A8E9878FE79B91E6B58B266E616D653D504D322E35E79B91E6B58B26687265663D267461726765743D2669636F6E3D26736F72743D393026697353686F773D31267065726D697373696F6E3D2672656D61726B733D, '');
INSERT INTO `sys_log` VALUES ('ac9e0a102e43486b8583e922bc21fb02', '1', '--', '1', '2017-04-30 16:26:02', '0:0:0:0:0:0:0:1', 'Mozilla/5.0 (Windows NT 10.0; WOW64) AppleWebKit/537.36 (KHTML, like Gecko) Chrome/57.0.2987.133 Safari/537.36', '/AirMonitor/a/air/tbAirQuality', 'GET', '', '');
INSERT INTO `sys_log` VALUES ('accd558fa9ae4dc1af7ce7274c503d59', '1', '--', '1', '2017-03-28 22:04:05', '0:0:0:0:0:0:0:1', 'Mozilla/5.0 (Windows NT 6.1; Win64; x64) AppleWebKit/537.36 (KHTML, like Gecko) Chrome/57.0.2987.110 Safari/537.36', '/jeesite/a/sys/user/index', 'GET', '', '');
INSERT INTO `sys_log` VALUES ('ad5dd30f323a4f8c8bd6e78a66988089', '1', '---', '1', '2017-04-27 09:51:06', '0:0:0:0:0:0:0:1', 'Mozilla/5.0 (Windows NT 10.0; WOW64) AppleWebKit/537.36 (KHTML, like Gecko) Chrome/57.0.2987.133 Safari/537.36', '/AirMonitor/a/sys/menu/form', 'GET', 0x706172656E742E69643D6539363534656666643735363433396539623066633532643137313261353431, '');
INSERT INTO `sys_log` VALUES ('ad71493a10db4327a27ac52542f4e4da', '1', '---', '1', '2017-05-16 11:28:39', '0:0:0:0:0:0:0:1', 'Mozilla/5.0 (Windows NT 10.0; WOW64) AppleWebKit/537.36 (KHTML, like Gecko) Chrome/58.0.3029.110 Safari/537.36', '/AirMonitor/a/sys/menu/form', 'GET', 0x706172656E742E69643D3233353235383034306236613434373262623362666666353636646266343333, '');
INSERT INTO `sys_log` VALUES ('add4986b4ef24dd0b95a4f8a016a8a58', '1', '--', '1', '2017-04-30 16:55:31', '0:0:0:0:0:0:0:1', 'Mozilla/5.0 (Windows NT 10.0; WOW64) AppleWebKit/537.36 (KHTML, like Gecko) Chrome/57.0.2987.133 Safari/537.36', '/AirMonitor/a/air/tbAirQuality', 'GET', '', '');
INSERT INTO `sys_log` VALUES ('af2801a200954250b041817a464c8f20', '1', '---', '1', '2017-03-28 22:17:58', '0:0:0:0:0:0:0:1', 'Mozilla/5.0 (Windows NT 6.1; Win64; x64) AppleWebKit/537.36 (KHTML, like Gecko) Chrome/57.0.2987.110 Safari/537.36', '/jeesite/a/sys/user/save', 'POST', 0x69643D66646262636134363964383434316662383535653130313835313065333266322670686F746F3D26636F6D70616E792E69643D363161656161383036373266346333663964386466656666373563313161313226636F6D70616E792E6E616D653D6868737475266F66666963652E69643D3631616561613830363732663463336639643864666566663735633131613132266F66666963652E6E616D653D6868737475266E6F3D303031266E616D653D4672616E6B2057616E67266F6C644C6F67696E4E616D653D6672616E6B266C6F67696E4E616D653D6672616E6B266E657750617373776F72643D26636F6E6669726D4E657750617373776F72643D26656D61696C3D3835313532313430374071712E636F6D2670686F6E653D266D6F62696C653D3135353338303532323837266C6F67696E466C61673D312675736572547970653D26726F6C6549644C6973743D3963623930386565333630643432313261643334376336656365316462656536265F726F6C6549644C6973743D6F6E2672656D61726B733D, '');
INSERT INTO `sys_log` VALUES ('af3530fd174f46368b4e7d05c76c1b65', '1', '--', '1', '2017-04-27 10:19:42', '0:0:0:0:0:0:0:1', 'Mozilla/5.0 (Windows NT 10.0; WOW64) AppleWebKit/537.36 (KHTML, like Gecko) Chrome/57.0.2987.133 Safari/537.36', '/AirMonitor/a/sys/user/info', 'GET', '', '');
INSERT INTO `sys_log` VALUES ('af76e328621f44d78f89be3eb27ed0da', '1', '', '1', '2017-05-16 11:38:55', '0:0:0:0:0:0:0:1', 'Mozilla/5.0 (Windows NT 10.0; WOW64) AppleWebKit/537.36 (KHTML, like Gecko) Chrome/58.0.3029.110 Safari/537.36', '/AirMonitor/a', 'GET', 0x6C6F67696E3D, '');
INSERT INTO `sys_log` VALUES ('af811d41257a4312ba38e17bb59e1a2b', '1', '--', '1', '2017-05-16 11:30:44', '0:0:0:0:0:0:0:1', 'Mozilla/5.0 (Windows NT 10.0; WOW64) AppleWebKit/537.36 (KHTML, like Gecko) Chrome/58.0.3029.110 Safari/537.36', '/AirMonitor/a/air/tbCO', 'GET', '', '');
INSERT INTO `sys_log` VALUES ('af9c2e9b6c57443f90899e14d5d4560e', '1', '--', '1', '2017-04-26 11:09:14', '0:0:0:0:0:0:0:1', 'Mozilla/5.0 (Windows NT 6.1; WOW64) AppleWebKit/537.36 (KHTML, like Gecko) Chrome/56.0.2924.87 Safari/537.36', '/jeesite/a/sys/user/info', 'GET', '', '');
INSERT INTO `sys_log` VALUES ('afc040b08a5a4d919f24340c4a18c750', '1', '--', '1', '2017-03-28 22:03:35', '0:0:0:0:0:0:0:1', 'Mozilla/5.0 (Windows NT 6.1; Win64; x64) AppleWebKit/537.36 (KHTML, like Gecko) Chrome/57.0.2987.110 Safari/537.36', '/jeesite/a/sys/user/index', 'GET', '', '');
INSERT INTO `sys_log` VALUES ('b06fade3c0cb4c55a8db93b533f5dd87', '1', '--', '1', '2017-05-16 11:30:36', '0:0:0:0:0:0:0:1', 'Mozilla/5.0 (Windows NT 10.0; WOW64) AppleWebKit/537.36 (KHTML, like Gecko) Chrome/58.0.3029.110 Safari/537.36', '/AirMonitor/a/air/tbHCHO', 'GET', '', '');
INSERT INTO `sys_log` VALUES ('b0a125e9bc2346d28679aca1699fb77b', '1', '---', '1', '2017-05-16 11:27:29', '0:0:0:0:0:0:0:1', 'Mozilla/5.0 (Windows NT 10.0; WOW64) AppleWebKit/537.36 (KHTML, like Gecko) Chrome/58.0.3029.110 Safari/537.36', '/AirMonitor/a/sys/menu/save', 'POST', 0x69643D26706172656E742E69643D323335323538303430623661343437326262336266666635363664626634333326706172656E742E6E616D653DE58E86E58FB2E695B0E68DAEE69FA5E8AFA2266E616D653DE4BA8CE6B0A7E58C96E7A2B3E69FA5E8AFA226687265663D2F6169722F7462434F32267461726765743D2669636F6E3D26736F72743D333026697353686F773D31267065726D697373696F6E3D6169723A7462434F323A766965772C6169723A7462434F323A656469742672656D61726B733D, '');
INSERT INTO `sys_log` VALUES ('b0f724b32cd34de2998c8403ac9f3674', '1', '-CO2-CO2', '1', '2017-04-27 10:18:31', '0:0:0:0:0:0:0:1', 'Mozilla/5.0 (Windows NT 10.0; WOW64) AppleWebKit/537.36 (KHTML, like Gecko) Chrome/57.0.2987.133 Safari/537.36', '/AirMonitor/a/air/tbCO2', 'GET', '', '');
INSERT INTO `sys_log` VALUES ('b13683fa5bea453c96c29c82704dc60e', '1', '---', '1', '2017-03-28 22:12:50', '0:0:0:0:0:0:0:1', 'Mozilla/5.0 (Windows NT 6.1; Win64; x64) AppleWebKit/537.36 (KHTML, like Gecko) Chrome/57.0.2987.110 Safari/537.36', '/jeesite/a/sys/menu/form', 'GET', 0x69643D3237, '');
INSERT INTO `sys_log` VALUES ('b137c04de97d460fbe101a5c67578438', '1', '--', 'fdbbca469d8441fb855e1018510e32f2', '2017-04-30 21:57:15', '0:0:0:0:0:0:0:1', 'Mozilla/5.0 (Windows NT 10.0; WOW64) AppleWebKit/537.36 (KHTML, like Gecko) Chrome/57.0.2987.133 Safari/537.36', '/AirMonitor/a/sys/role/', 'GET', '', '');
INSERT INTO `sys_log` VALUES ('b1e337f736354be8a3ed0751d3ad4720', '1', '--', '1', '2017-04-30 21:53:44', '0:0:0:0:0:0:0:1', 'Mozilla/5.0 (Windows NT 10.0; WOW64) AppleWebKit/537.36 (KHTML, like Gecko) Chrome/57.0.2987.133 Safari/537.36', '/AirMonitor/a/sys/role/', 'GET', 0x7265706167653D, '');
INSERT INTO `sys_log` VALUES ('b220e15bdee043efb16e011c332b1f4d', '1', '--', '1', '2017-04-28 10:14:21', '0:0:0:0:0:0:0:1', 'Mozilla/5.0 (Windows NT 10.0; WOW64) AppleWebKit/537.36 (KHTML, like Gecko) Chrome/57.0.2987.133 Safari/537.36', '/AirMonitor/a/air/tbAirQuality', 'GET', '', '');
INSERT INTO `sys_log` VALUES ('b299eaacbbd3410c94615bf9e8ab2abb', '1', '--', '1', '2017-04-30 21:53:21', '0:0:0:0:0:0:0:1', 'Mozilla/5.0 (Windows NT 10.0; WOW64) AppleWebKit/537.36 (KHTML, like Gecko) Chrome/57.0.2987.133 Safari/537.36', '/AirMonitor/a/sys/user/info', 'GET', '', '');
INSERT INTO `sys_log` VALUES ('b345b332bd2745af948163c4114f8243', '1', '', '1', '2017-04-27 08:44:34', '0:0:0:0:0:0:0:1', 'Mozilla/5.0 (Windows NT 10.0; WOW64) AppleWebKit/537.36 (KHTML, like Gecko) Chrome/57.0.2987.133 Safari/537.36', '/AirMonitor/a', 'GET', 0x6C6F67696E3D, '');
INSERT INTO `sys_log` VALUES ('b38768d1393f4d969c6b98a4395c6611', '1', '---', '1', '2017-03-28 22:16:07', '0:0:0:0:0:0:0:1', 'Mozilla/5.0 (Windows NT 6.1; Win64; x64) AppleWebKit/537.36 (KHTML, like Gecko) Chrome/57.0.2987.110 Safari/537.36', '/jeesite/a/sys/user/list', 'GET', 0x7265706167653D, '');
INSERT INTO `sys_log` VALUES ('b395109f36f5457a9884d3d4460f1cc3', '1', '---', '1', '2017-05-16 11:38:48', '0:0:0:0:0:0:0:1', 'Mozilla/5.0 (Windows NT 10.0; WOW64) AppleWebKit/537.36 (KHTML, like Gecko) Chrome/58.0.3029.110 Safari/537.36', '/AirMonitor/a/sys/menu/save', 'POST', 0x69643D26706172656E742E69643D613537393138656630666632343766663832323633653032346233383236356526706172656E742E6E616D653DE88A82E782B9E7AEA1E79086266E616D653DE88A82E782B9E4BFA1E681AF26687265663D2F6169722F74624E6F6465267461726765743D2669636F6E3D26736F72743D333026697353686F773D31267065726D697373696F6E3D6169723A74624E6F64653A766965772C6169723A74624E6F64653A656469742672656D61726B733D, '');
INSERT INTO `sys_log` VALUES ('b3aa64ae482a4b36a9265bbe56ef26a5', '1', '--', '1', '2017-04-30 17:28:56', '0:0:0:0:0:0:0:1', 'Mozilla/5.0 (Windows NT 10.0; WOW64) AppleWebKit/537.36 (KHTML, like Gecko) Chrome/57.0.2987.133 Safari/537.36', '/AirMonitor/a/air/tbAirQuality', 'GET', '', '');
INSERT INTO `sys_log` VALUES ('b3f61c570caa4b86aebf0e8c79eb131e', '1', '---', '1', '2017-04-30 21:52:14', '0:0:0:0:0:0:0:1', 'Mozilla/5.0 (Windows NT 10.0; WOW64) AppleWebKit/537.36 (KHTML, like Gecko) Chrome/57.0.2987.133 Safari/537.36', '/AirMonitor/a/sys/menu/save', 'POST', 0x706172656E742E6E616D653DE794A8E688B7E7AEA1E79086266E616D653DE794A8E688B7E7AEA1E790862669636F6E3D26706172656E742E69643D6432313431326435303238653439613562663233633939356235643466313561267065726D697373696F6E3D7379733A757365723A766965772C7379733A757365723A6564697426687265663D2F7379732F757365722F696E6465782669643D26736F72743D33302672656D61726B733D26697353686F773D31267461726765743D, '');
INSERT INTO `sys_log` VALUES ('b3f828bc9236439ebffa025f86352247', '1', '--', 'fdbbca469d8441fb855e1018510e32f2', '2017-05-02 10:27:58', '0:0:0:0:0:0:0:1', 'Mozilla/5.0 (Windows NT 10.0; Win64; x64) AppleWebKit/537.36 (KHTML, like Gecko) Chrome/52.0.2743.116 Safari/537.36 Edge/15.15063', '/AirMonitor/a/sys/user/info', 'GET', 0x7461625061676549643D6A65726963686F746162696672616D655F30, '');
INSERT INTO `sys_log` VALUES ('b42ccd65d0344844a5fdd47a7bba59f4', '1', '---', '1', '2017-03-28 22:09:40', '0:0:0:0:0:0:0:1', 'Mozilla/5.0 (Windows NT 6.1; Win64; x64) AppleWebKit/537.36 (KHTML, like Gecko) Chrome/57.0.2987.110 Safari/537.36', '/jeesite/a/sys/user/list', 'GET', '', '');
INSERT INTO `sys_log` VALUES ('b43a90ca840a4f4fa66bb681257c446c', '1', '--', '1', '2017-05-16 11:30:33', '0:0:0:0:0:0:0:1', 'Mozilla/5.0 (Windows NT 10.0; WOW64) AppleWebKit/537.36 (KHTML, like Gecko) Chrome/58.0.3029.110 Safari/537.36', '/AirMonitor/a/air/tbCO2', 'GET', '', '');
INSERT INTO `sys_log` VALUES ('b4723181810e4ca0aada5e4ecd23fadc', '1', '--', '1', '2017-04-30 21:50:16', '0:0:0:0:0:0:0:1', 'Mozilla/5.0 (Windows NT 10.0; WOW64) AppleWebKit/537.36 (KHTML, like Gecko) Chrome/57.0.2987.133 Safari/537.36', '/AirMonitor/a/oa/oaNotify/self', 'GET', '', '');
INSERT INTO `sys_log` VALUES ('b492a5d138db40aa861109dc35c260ef', '1', '--', '1', '2017-04-27 09:50:47', '0:0:0:0:0:0:0:1', 'Mozilla/5.0 (Windows NT 10.0; WOW64) AppleWebKit/537.36 (KHTML, like Gecko) Chrome/57.0.2987.133 Safari/537.36', '/AirMonitor/a/sys/menu/', 'GET', '', '');
INSERT INTO `sys_log` VALUES ('b4cad51f02324af9b8de21af5f7b0124', '1', '---', '1', '2017-04-27 09:50:51', '0:0:0:0:0:0:0:1', 'Mozilla/5.0 (Windows NT 10.0; WOW64) AppleWebKit/537.36 (KHTML, like Gecko) Chrome/57.0.2987.133 Safari/537.36', '/AirMonitor/a/sys/menu/form', 'GET', 0x706172656E742E69643D6539363534656666643735363433396539623066633532643137313261353431, '');
INSERT INTO `sys_log` VALUES ('b4d366af46b84dc282876ea327583aa1', '1', '---', '1', '2017-03-28 22:15:51', '0:0:0:0:0:0:0:1', 'Mozilla/5.0 (Windows NT 6.1; Win64; x64) AppleWebKit/537.36 (KHTML, like Gecko) Chrome/57.0.2987.110 Safari/537.36', '/jeesite/a/sys/user/delete', 'GET', 0x69643D35, '');
INSERT INTO `sys_log` VALUES ('b542969d23224168b4d870104e8265f7', '1', '---', 'fdbbca469d8441fb855e1018510e32f2', '2017-05-02 13:31:28', '0:0:0:0:0:0:0:1', 'Mozilla/5.0 (Windows NT 10.0; WOW64) AppleWebKit/537.36 (KHTML, like Gecko) Chrome/57.0.2987.133 Safari/537.36', '/AirMonitor/a/sys/user/list', 'GET', '', '');
INSERT INTO `sys_log` VALUES ('b54a86b9e8424857a508c0585c63c1b2', '1', '', 'fdbbca469d8441fb855e1018510e32f2', '2017-04-30 21:58:45', '0:0:0:0:0:0:0:1', 'Mozilla/5.0 (Windows NT 10.0; WOW64) AppleWebKit/537.36 (KHTML, like Gecko) Chrome/57.0.2987.133 Safari/537.36', '/AirMonitor/a', 'GET', 0x6C6F67696E3D, '');
INSERT INTO `sys_log` VALUES ('b5a4683bc24040c59907b79dbb532116', '1', '--', '1', '2017-03-28 22:11:14', '0:0:0:0:0:0:0:1', 'Mozilla/5.0 (Windows NT 6.1; Win64; x64) AppleWebKit/537.36 (KHTML, like Gecko) Chrome/57.0.2987.110 Safari/537.36', '/jeesite/a/sys/user/info', 'GET', '', '');
INSERT INTO `sys_log` VALUES ('b5c05f533a20401ea53a6db52650b837', '1', '---', 'fdbbca469d8441fb855e1018510e32f2', '2017-05-02 13:17:00', '0:0:0:0:0:0:0:1', 'Mozilla/5.0 (Windows NT 10.0; WOW64) AppleWebKit/537.36 (KHTML, like Gecko) Chrome/57.0.2987.133 Safari/537.36', '/AirMonitor/a/sys/user/list', 'GET', '', '');
INSERT INTO `sys_log` VALUES ('b5e8a329fc3b4963934cbaee52d052ea', '1', '--', 'fdbbca469d8441fb855e1018510e32f2', '2017-04-30 21:58:47', '0:0:0:0:0:0:0:1', 'Mozilla/5.0 (Windows NT 10.0; WOW64) AppleWebKit/537.36 (KHTML, like Gecko) Chrome/57.0.2987.133 Safari/537.36', '/AirMonitor/a/sys/role/', 'GET', '', '');
INSERT INTO `sys_log` VALUES ('b5fdc5e43b0f4dee8899aa1a22589905', '1', '', '1', '2017-04-28 10:12:54', '0:0:0:0:0:0:0:1', 'Mozilla/5.0 (Windows NT 10.0; WOW64) AppleWebKit/537.36 (KHTML, like Gecko) Chrome/57.0.2987.133 Safari/537.36', '/AirMonitor/a', 'GET', 0x6C6F67696E3D, '');
INSERT INTO `sys_log` VALUES ('b642a288e1ff49eb91eaecadedbf5259', '1', '--', '1', '2017-04-27 09:53:24', '0:0:0:0:0:0:0:1', 'Mozilla/5.0 (Windows NT 10.0; WOW64) AppleWebKit/537.36 (KHTML, like Gecko) Chrome/57.0.2987.133 Safari/537.36', '/AirMonitor/a/sys/user/info', 'GET', '', '');
INSERT INTO `sys_log` VALUES ('b8b4b14f0b2547eea1e8842a977d0fdc', '1', '---', '1', '2017-04-27 09:52:06', '0:0:0:0:0:0:0:1', 'Mozilla/5.0 (Windows NT 10.0; WOW64) AppleWebKit/537.36 (KHTML, like Gecko) Chrome/57.0.2987.133 Safari/537.36', '/AirMonitor/a/sys/menu/form', 'GET', 0x706172656E742E69643D3734353362396164383539613462336238313661613364306461373730646361, '');
INSERT INTO `sys_log` VALUES ('b946b0a7e1e944e4a4362e14230192c7', '1', '--', '1', '2017-03-28 22:17:42', '0:0:0:0:0:0:0:1', 'Mozilla/5.0 (Windows NT 6.1; Win64; x64) AppleWebKit/537.36 (KHTML, like Gecko) Chrome/57.0.2987.110 Safari/537.36', '/jeesite/a/sys/role/', 'GET', 0x7265706167653D, '');
INSERT INTO `sys_log` VALUES ('ba9d321a81ff49e9ab537f7338ed7d25', '1', '--', '1', '2017-04-27 10:22:19', '0:0:0:0:0:0:0:1', 'Mozilla/5.0 (Windows NT 10.0; WOW64) AppleWebKit/537.36 (KHTML, like Gecko) Chrome/57.0.2987.133 Safari/537.36', '/AirMonitor/a/sys/user/info', 'GET', '', '');
INSERT INTO `sys_log` VALUES ('bb215ad5d930437cafd76a77a6bfacfa', '1', '---', '1', '2017-05-16 11:25:39', '0:0:0:0:0:0:0:1', 'Mozilla/5.0 (Windows NT 10.0; WOW64) AppleWebKit/537.36 (KHTML, like Gecko) Chrome/58.0.3029.110 Safari/537.36', '/AirMonitor/a/sys/menu/form', 'GET', 0x706172656E742E69643D3135636430616461623737383439366239623466663461373338623866333964, '');
INSERT INTO `sys_log` VALUES ('bbeea5479db4429d8e7de9dc5061659e', '1', '--', '1', '2017-05-16 11:30:00', '0:0:0:0:0:0:0:1', 'Mozilla/5.0 (Windows NT 10.0; WOW64) AppleWebKit/537.36 (KHTML, like Gecko) Chrome/58.0.3029.110 Safari/537.36', '/AirMonitor/a/sys/menu/', 'GET', '', '');
INSERT INTO `sys_log` VALUES ('bbf7c6b0ace549b79d59b58a263756cf', '1', '---', '1', '2017-04-30 21:50:09', '0:0:0:0:0:0:0:1', 'Mozilla/5.0 (Windows NT 10.0; WOW64) AppleWebKit/537.36 (KHTML, like Gecko) Chrome/57.0.2987.133 Safari/537.36', '/AirMonitor/a/sys/user/list', 'GET', '', '');
INSERT INTO `sys_log` VALUES ('bc25751a08c2413d98a58185a87e6b71', '1', '---', '1', '2017-04-30 21:52:29', '0:0:0:0:0:0:0:1', 'Mozilla/5.0 (Windows NT 10.0; WOW64) AppleWebKit/537.36 (KHTML, like Gecko) Chrome/57.0.2987.133 Safari/537.36', '/AirMonitor/a/sys/menu/save', 'POST', 0x706172656E742E6E616D653DE8A792E889B2E7AEA1E79086266E616D653DE8A792E889B2E7AEA1E790862669636F6E3D26706172656E742E69643D6239393666346531386430633463353939383538366631303535633938323330267065726D697373696F6E3D26687265663D2669643D26736F72743D33302672656D61726B733D26697353686F773D31267461726765743D, '');
INSERT INTO `sys_log` VALUES ('bc5c058c201744788cb8fcb85e5948d3', '1', '---', '1', '2017-05-16 11:36:29', '0:0:0:0:0:0:0:1', 'Mozilla/5.0 (Windows NT 10.0; WOW64) AppleWebKit/537.36 (KHTML, like Gecko) Chrome/58.0.3029.110 Safari/537.36', '/AirMonitor/a/sys/role/save', 'POST', 0x69643D3437656633666236613030373436346339353937636566333833396237393662266F66666963652E69643D3631616561613830363732663463336639643864666566663735633131613132266F66666963652E6E616D653D6868737475266F6C644E616D653DE699AEE9809AE794A8E688B7266E616D653DE699AEE9809AE794A8E688B7266F6C64456E6E616D653D6E6F726D616C26656E6E616D653D6E6F726D616C26726F6C65547970653D61737369676E6D656E7426737973446174613D302675736561626C653D31266461746153636F70653D38266D656E754964733D312C65393635346566666437353634333965396230666335326431373132613534312C65653165313234616562356234663963393436316663336331626231383565382C30306534646632343838316134666330623464363661373437613766392E2E2E266F66666963654964733D2672656D61726B733D, '');
INSERT INTO `sys_log` VALUES ('bc8cad72117d4bc8986447d17bed1a61', '1', '---', '1', '2017-05-16 11:24:57', '0:0:0:0:0:0:0:1', 'Mozilla/5.0 (Windows NT 10.0; WOW64) AppleWebKit/537.36 (KHTML, like Gecko) Chrome/58.0.3029.110 Safari/537.36', '/AirMonitor/a/sys/menu/delete', 'GET', 0x69643D3931346635636237316562333438353362323361623562663032323838343732, '');
INSERT INTO `sys_log` VALUES ('bce90274caf5469894f94faba4229c0d', '1', '---', '1', '2017-03-28 22:17:48', '0:0:0:0:0:0:0:1', 'Mozilla/5.0 (Windows NT 6.1; Win64; x64) AppleWebKit/537.36 (KHTML, like Gecko) Chrome/57.0.2987.110 Safari/537.36', '/jeesite/a/sys/office/list', 'GET', 0x69643D26706172656E744964733D, '');
INSERT INTO `sys_log` VALUES ('bcf07d219c8440da8275f89dca327bf4', '1', '--', '1', '2017-04-26 11:09:29', '0:0:0:0:0:0:0:1', 'Mozilla/5.0 (Windows NT 6.1; WOW64) AppleWebKit/537.36 (KHTML, like Gecko) Chrome/56.0.2924.87 Safari/537.36', '/jeesite/a/act/model', 'GET', '', '');
INSERT INTO `sys_log` VALUES ('bd5d1c86d96542b296d23589a4cf025c', '1', '', 'fdbbca469d8441fb855e1018510e32f2', '2017-05-02 13:14:31', '0:0:0:0:0:0:0:1', 'Mozilla/5.0 (Windows NT 10.0; WOW64) AppleWebKit/537.36 (KHTML, like Gecko) Chrome/57.0.2987.133 Safari/537.36', '/AirMonitor/a', 'GET', 0x6C6F67696E3D, '');
INSERT INTO `sys_log` VALUES ('bdaa485507db4fc1855ab5bced056a3b', '1', '--', '1', '2017-04-30 21:51:20', '0:0:0:0:0:0:0:1', 'Mozilla/5.0 (Windows NT 10.0; WOW64) AppleWebKit/537.36 (KHTML, like Gecko) Chrome/57.0.2987.133 Safari/537.36', '/AirMonitor/a/sys/menu/', 'GET', '', '');
INSERT INTO `sys_log` VALUES ('bdb019e57e0c4480b50af05f417676ff', '1', '-', '1', '2017-03-28 22:04:06', '0:0:0:0:0:0:0:1', 'Mozilla/5.0 (Windows NT 6.1; Win64; x64) AppleWebKit/537.36 (KHTML, like Gecko) Chrome/57.0.2987.110 Safari/537.36', '/jeesite/a/cms/tree', 'GET', '', '');
INSERT INTO `sys_log` VALUES ('bddf6fb2a0504780acb428d54f399325', '1', '--', '1', '2017-04-30 21:52:15', '0:0:0:0:0:0:0:1', 'Mozilla/5.0 (Windows NT 10.0; WOW64) AppleWebKit/537.36 (KHTML, like Gecko) Chrome/57.0.2987.133 Safari/537.36', '/AirMonitor/a/sys/menu/', 'GET', '', '');
INSERT INTO `sys_log` VALUES ('be1dd22e7eaf4ee29358dc4328d904f8', '1', '--', 'fdbbca469d8441fb855e1018510e32f2', '2017-05-02 13:31:42', '0:0:0:0:0:0:0:1', 'Mozilla/5.0 (Windows NT 10.0; WOW64) AppleWebKit/537.36 (KHTML, like Gecko) Chrome/57.0.2987.133 Safari/537.36', '/AirMonitor/a/sys/role/', 'GET', '', '');
INSERT INTO `sys_log` VALUES ('be397636de2b41abbd3cae53efbb2339', '1', '--', '1', '2017-05-16 11:31:52', '0:0:0:0:0:0:0:1', 'Mozilla/5.0 (Windows NT 10.0; WOW64) AppleWebKit/537.36 (KHTML, like Gecko) Chrome/58.0.3029.110 Safari/537.36', '/AirMonitor/a/sys/menu/', 'GET', '', '');
INSERT INTO `sys_log` VALUES ('be90b3ddb8f0497f8c1110d693e77186', '1', '---', '1', '2017-05-16 11:30:12', '0:0:0:0:0:0:0:1', 'Mozilla/5.0 (Windows NT 10.0; WOW64) AppleWebKit/537.36 (KHTML, like Gecko) Chrome/58.0.3029.110 Safari/537.36', '/AirMonitor/a/sys/menu/form', 'GET', 0x706172656E742E69643D3233353235383034306236613434373262623362666666353636646266343333, '');
INSERT INTO `sys_log` VALUES ('beb563974e5046e48cc951056120d2f1', '1', '--', '1', '2017-04-27 09:52:41', '0:0:0:0:0:0:0:1', 'Mozilla/5.0 (Windows NT 10.0; WOW64) AppleWebKit/537.36 (KHTML, like Gecko) Chrome/57.0.2987.133 Safari/537.36', '/AirMonitor/a/sys/menu/', 'GET', '', '');
INSERT INTO `sys_log` VALUES ('c03d1178d56e4dc2b217662da750b5f4', '1', '---', '1', '2017-03-28 22:17:49', '0:0:0:0:0:0:0:1', 'Mozilla/5.0 (Windows NT 6.1; Win64; x64) AppleWebKit/537.36 (KHTML, like Gecko) Chrome/57.0.2987.110 Safari/537.36', '/jeesite/a/sys/user/list', 'GET', '', '');
INSERT INTO `sys_log` VALUES ('c087209785964a139b64107156d623a8', '1', '---', '1', '2017-05-02 10:29:08', '0:0:0:0:0:0:0:1', 'Mozilla/5.0 (Windows NT 10.0; WOW64) AppleWebKit/537.36 (KHTML, like Gecko) Chrome/57.0.2987.133 Safari/537.36', '/AirMonitor/a/sys/role/save', 'POST', 0x69643D3963623930386565333630643432313261643334376336656365316462656536266F66666963652E69643D3631616561613830363732663463336639643864666566663735633131613132266F66666963652E6E616D653D6868737475266F6C644E616D653D6868737475266E616D653D6868737475266F6C64456E6E616D653D686873747526656E6E616D653D686873747526726F6C65547970653D61737369676E6D656E7426737973446174613D302675736561626C653D31266461746153636F70653D31266D656E754964733D312C32372C32382C32392C33302C322C32643838633931373263613134303639383832316435353461633734376230332C64323134313264353032386534396135626632336339393562356434663135612C3531353761333539373932323437382E2E2E266F66666963654964733D2672656D61726B733D, '');
INSERT INTO `sys_log` VALUES ('c09abbcae18e4346af5e58611892cad3', '1', '--', '1', '2017-05-16 11:16:16', '0:0:0:0:0:0:0:1', 'Mozilla/5.0 (Windows NT 10.0; WOW64) AppleWebKit/537.36 (KHTML, like Gecko) Chrome/58.0.3029.110 Safari/537.36', '/AirMonitor/a/sys/role/', 'GET', '', '');
INSERT INTO `sys_log` VALUES ('c0bcfb83e2de40389397ea3a16e8e21a', '1', '---', '1', '2017-04-30 21:54:45', '0:0:0:0:0:0:0:1', 'Mozilla/5.0 (Windows NT 10.0; WOW64) AppleWebKit/537.36 (KHTML, like Gecko) Chrome/57.0.2987.133 Safari/537.36', '/AirMonitor/a/sys/role/save', 'POST', 0x6F6C64456E6E616D653D6868737475266F66666963652E69643D363161656161383036373266346333663964386466656666373563313161313226726F6C65547970653D61737369676E6D656E74266461746153636F70653D3126737973446174613D3126656E6E616D653D6868737475266F66666963654964733D2675736561626C653D31266F6C644E616D653D6868737475266F66666963652E6E616D653D6868737475266E616D653D68687374752669643D3963623930386565333630643432313261643334376336656365316462656536266D656E754964733D312C32372C32382C32392C33302C32643838633931373263613134303639383832316435353461633734376230332C64323134313264353032386534396135626632336339393562356434663135612C35313537613335393739323234373836612E2E2E2672656D61726B733D, '');
INSERT INTO `sys_log` VALUES ('c0d7382a63004382addce3e4cd2a5546', '1', '', '1', '2017-04-27 08:52:35', '0:0:0:0:0:0:0:1', 'Mozilla/5.0 (Windows NT 10.0; WOW64) AppleWebKit/537.36 (KHTML, like Gecko) Chrome/57.0.2987.133 Safari/537.36', '/AirMonitor/a', 'GET', 0x6C6F67696E3D, '');
INSERT INTO `sys_log` VALUES ('c0dc424a048a40499cdd4dc0ccfdef01', '1', '--', '1', '2017-05-16 11:25:03', '0:0:0:0:0:0:0:1', 'Mozilla/5.0 (Windows NT 10.0; WOW64) AppleWebKit/537.36 (KHTML, like Gecko) Chrome/58.0.3029.110 Safari/537.36', '/AirMonitor/a/sys/menu/', 'GET', '', '');
INSERT INTO `sys_log` VALUES ('c1660148837347ecb7d01f5d116838b4', '1', '---', 'fdbbca469d8441fb855e1018510e32f2', '2017-05-02 13:31:29', '0:0:0:0:0:0:0:1', 'Mozilla/5.0 (Windows NT 10.0; WOW64) AppleWebKit/537.36 (KHTML, like Gecko) Chrome/57.0.2987.133 Safari/537.36', '/AirMonitor/a/sys/user/form', 'GET', '', '');
INSERT INTO `sys_log` VALUES ('c1d99a7a5a0e4e3e8ae87dd832fcee06', '1', '-CO2-CO2', '1', '2017-04-28 10:13:12', '0:0:0:0:0:0:0:1', 'Mozilla/5.0 (Windows NT 10.0; WOW64) AppleWebKit/537.36 (KHTML, like Gecko) Chrome/57.0.2987.133 Safari/537.36', '/AirMonitor/a/air/tbCO2', 'GET', '', '');
INSERT INTO `sys_log` VALUES ('c2187b5078234327b80582ac426111fe', '1', '--', '1', '2017-03-28 22:17:02', '0:0:0:0:0:0:0:1', 'Mozilla/5.0 (Windows NT 6.1; Win64; x64) AppleWebKit/537.36 (KHTML, like Gecko) Chrome/57.0.2987.110 Safari/537.36', '/jeesite/a/sys/role/', 'GET', '', '');
INSERT INTO `sys_log` VALUES ('c29a4bcc346f4b56a22568aac473556c', '1', '--', '1', '2017-05-16 11:35:32', '0:0:0:0:0:0:0:1', 'Mozilla/5.0 (Windows NT 10.0; WOW64) AppleWebKit/537.36 (KHTML, like Gecko) Chrome/58.0.3029.110 Safari/537.36', '/AirMonitor/a/sys/user/index', 'GET', '', '');
INSERT INTO `sys_log` VALUES ('c2ba5cc43ba84eff9ebbd2fbf9445a17', '1', '---', '1', '2017-04-30 21:58:33', '0:0:0:0:0:0:0:1', 'Mozilla/5.0 (Windows NT 10.0; WOW64) AppleWebKit/537.36 (KHTML, like Gecko) Chrome/57.0.2987.133 Safari/537.36', '/AirMonitor/a/sys/role/save', 'POST', 0x6F6C64456E6E616D653D6868737475266F66666963652E69643D363161656161383036373266346333663964386466656666373563313161313226726F6C65547970653D61737369676E6D656E74266461746153636F70653D3126737973446174613D3026656E6E616D653D6868737475266F66666963654964733D2675736561626C653D31266F6C644E616D653D6868737475266F66666963652E6E616D653D6868737475266E616D653D68687374752669643D3963623930386565333630643432313261643334376336656365316462656536266D656E754964733D312C32372C32382C32392C33302C32643838633931373263613134303639383832316435353461633734376230332C64323134313264353032386534396135626632336339393562356434663135612C35313537613335393739323234373836612E2E2E2672656D61726B733D, '');
INSERT INTO `sys_log` VALUES ('c33b850a91cd406ea17332b48d2b1945', '1', '---', '1', '2017-04-30 21:53:14', '0:0:0:0:0:0:0:1', 'Mozilla/5.0 (Windows NT 10.0; WOW64) AppleWebKit/537.36 (KHTML, like Gecko) Chrome/57.0.2987.133 Safari/537.36', '/AirMonitor/a/sys/menu/save', 'POST', 0x706172656E742E6E616D653DE8A792E889B2E7AEA1E79086266E616D653DE8A792E889B2E7AEA1E790862669636F6E3D26706172656E742E69643D3138376637643966393062383462626439313834313864656533623233363761267065726D697373696F6E3D7379733A726F6C653A766965772C7379733A726F6C653A6564697426687265663D2F7379732F726F6C652F2669643D26736F72743D33302672656D61726B733D26697353686F773D31267461726765743D, '');
INSERT INTO `sys_log` VALUES ('c37b0c0fa8794489b4abc80963d030e3', '1', '-', '1', '2017-04-30 21:50:15', '0:0:0:0:0:0:0:1', 'Mozilla/5.0 (Windows NT 10.0; WOW64) AppleWebKit/537.36 (KHTML, like Gecko) Chrome/57.0.2987.133 Safari/537.36', '/AirMonitor/a/cms/none', 'GET', '', '');
INSERT INTO `sys_log` VALUES ('c44610bf953c46e1a1ebefa1daa9184b', '1', '', '1', '2017-04-27 10:22:18', '0:0:0:0:0:0:0:1', 'Mozilla/5.0 (Windows NT 10.0; WOW64) AppleWebKit/537.36 (KHTML, like Gecko) Chrome/57.0.2987.133 Safari/537.36', '/AirMonitor/a', 'GET', 0x6C6F67696E3D, '');
INSERT INTO `sys_log` VALUES ('c4eeac874a2b4b2dba0513fcc3fe1184', '1', '---', '1', '2017-03-28 22:13:50', '0:0:0:0:0:0:0:1', 'Mozilla/5.0 (Windows NT 6.1; Win64; x64) AppleWebKit/537.36 (KHTML, like Gecko) Chrome/57.0.2987.110 Safari/537.36', '/jeesite/a/sys/menu/save', 'POST', 0x69643D26706172656E742E69643D3126706172656E742E6E616D653DE58A9FE883BDE88F9CE58D95266E616D653DE794A8E688B7E7AEA1E7908626687265663D267461726765743D2669636F6E3D26736F72743D3530333026697353686F773D31267065726D697373696F6E3D2672656D61726B733D, '');
INSERT INTO `sys_log` VALUES ('c522e58ba7fa4ed7a4c2f88cd21575a9', '1', '--', 'fdbbca469d8441fb855e1018510e32f2', '2017-05-02 13:15:28', '0:0:0:0:0:0:0:1', 'Mozilla/5.0 (Windows NT 10.0; WOW64) AppleWebKit/537.36 (KHTML, like Gecko) Chrome/57.0.2987.133 Safari/537.36', '/AirMonitor/a/sys/user/info', 'GET', '', '');
INSERT INTO `sys_log` VALUES ('c5611e3717244896b820fb336ef7683a', '1', '-', '1', '2017-03-28 22:04:31', '0:0:0:0:0:0:0:1', 'Mozilla/5.0 (Windows NT 6.1; Win64; x64) AppleWebKit/537.36 (KHTML, like Gecko) Chrome/57.0.2987.110 Safari/537.36', '/jeesite/a/cms/none/', 'GET', 0x63617465676F72792E69643D3234, '');
INSERT INTO `sys_log` VALUES ('c56e21c2ae84447caa4fca11edb5dd46', '1', '---', '1', '2017-03-28 22:16:00', '0:0:0:0:0:0:0:1', 'Mozilla/5.0 (Windows NT 6.1; Win64; x64) AppleWebKit/537.36 (KHTML, like Gecko) Chrome/57.0.2987.110 Safari/537.36', '/jeesite/a/sys/user/list', 'GET', 0x7265706167653D, '');
INSERT INTO `sys_log` VALUES ('c6e51d67a7b54a18a5af748d831c815b', '1', '-CO2-CO2', '1', '2017-04-27 09:53:25', '0:0:0:0:0:0:0:1', 'Mozilla/5.0 (Windows NT 10.0; WOW64) AppleWebKit/537.36 (KHTML, like Gecko) Chrome/57.0.2987.133 Safari/537.36', '/AirMonitor/a/air/tbCO2', 'GET', '', '');
INSERT INTO `sys_log` VALUES ('c717042aae374efd9141eb11b4779e0d', '1', '---', 'fdbbca469d8441fb855e1018510e32f2', '2017-04-30 21:59:33', '0:0:0:0:0:0:0:1', 'Mozilla/5.0 (Windows NT 10.0; WOW64) AppleWebKit/537.36 (KHTML, like Gecko) Chrome/57.0.2987.133 Safari/537.36', '/AirMonitor/a/sys/user/list', 'GET', '', '');
INSERT INTO `sys_log` VALUES ('c74c39b41c4843d0a14c8836b1b66459', '1', '--', '1', '2017-04-27 10:18:53', '0:0:0:0:0:0:0:1', 'Mozilla/5.0 (Windows NT 10.0; WOW64) AppleWebKit/537.36 (KHTML, like Gecko) Chrome/57.0.2987.133 Safari/537.36', '/AirMonitor/a/sys/menu/', 'GET', '', '');
INSERT INTO `sys_log` VALUES ('c77822216c634083934035cda5d365cb', '1', '--', '1', '2017-04-30 21:54:51', '0:0:0:0:0:0:0:1', 'Mozilla/5.0 (Windows NT 10.0; WOW64) AppleWebKit/537.36 (KHTML, like Gecko) Chrome/57.0.2987.133 Safari/537.36', '/AirMonitor/a/sys/user/index', 'GET', '', '');
INSERT INTO `sys_log` VALUES ('c77b854ef95d4f9393c61fb69f4c091c', '1', '---', '1', '2017-04-27 10:18:36', '0:0:0:0:0:0:0:1', 'Mozilla/5.0 (Windows NT 10.0; WOW64) AppleWebKit/537.36 (KHTML, like Gecko) Chrome/57.0.2987.133 Safari/537.36', '/AirMonitor/a/sys/user/list', 'GET', '', '');
INSERT INTO `sys_log` VALUES ('c77be533b6564012b239d386297643d4', '1', '--', '1', '2017-04-30 21:49:42', '0:0:0:0:0:0:0:1', 'Mozilla/5.0 (Windows NT 10.0; WOW64) AppleWebKit/537.36 (KHTML, like Gecko) Chrome/57.0.2987.133 Safari/537.36', '/AirMonitor/a/air/tbAirQuality', 'GET', '', '');
INSERT INTO `sys_log` VALUES ('c7fd875ba3734c99b7806a5916ac2c1a', '1', '-PM2.5-PM2.5', '1', '2017-05-16 11:16:36', '0:0:0:0:0:0:0:1', 'Mozilla/5.0 (Windows NT 10.0; WOW64) AppleWebKit/537.36 (KHTML, like Gecko) Chrome/58.0.3029.110 Safari/537.36', '/AirMonitor/a/air/tbPm25', 'GET', '', '');
INSERT INTO `sys_log` VALUES ('c842bc78463e4eb9aad90ad833b8f7a9', '1', '--', '1', '2017-04-30 16:34:24', '0:0:0:0:0:0:0:1', 'Mozilla/5.0 (Windows NT 10.0; WOW64) AppleWebKit/537.36 (KHTML, like Gecko) Chrome/57.0.2987.133 Safari/537.36', '/AirMonitor/a/air/tbAirQuality', 'GET', '', '');
INSERT INTO `sys_log` VALUES ('c84d90e26964495d840a3e55286e33ae', '1', '---', '1', '2017-05-16 11:38:21', '0:0:0:0:0:0:0:1', 'Mozilla/5.0 (Windows NT 10.0; WOW64) AppleWebKit/537.36 (KHTML, like Gecko) Chrome/58.0.3029.110 Safari/537.36', '/AirMonitor/a/sys/menu/save', 'POST', 0x69643D26706172656E742E69643D636666383566376564383237343665656133323636346263633962386436373726706172656E742E6E616D653DE88A82E782B9E7AEA1E79086266E616D653DE88A82E782B9E7AEA1E7908626687265663D267461726765743D2669636F6E3D26736F72743D333026697353686F773D31267065726D697373696F6E3D2672656D61726B733D, '');
INSERT INTO `sys_log` VALUES ('ca3d9c7b27f6415fae20a1d95eb3862a', '1', '--', '1', '2017-04-28 10:13:01', '0:0:0:0:0:0:0:1', 'Mozilla/5.0 (Windows NT 10.0; WOW64) AppleWebKit/537.36 (KHTML, like Gecko) Chrome/57.0.2987.133 Safari/537.36', '/AirMonitor/a/air/tbAirQuality', 'GET', '', '');
INSERT INTO `sys_log` VALUES ('ca6f7fbd4cc94de68eb48f0e062f1de1', '1', '---', '1', '2017-03-28 22:16:10', '0:0:0:0:0:0:0:1', 'Mozilla/5.0 (Windows NT 6.1; Win64; x64) AppleWebKit/537.36 (KHTML, like Gecko) Chrome/57.0.2987.110 Safari/537.36', '/jeesite/a/sys/user/form', 'GET', 0x69643D31, '');
INSERT INTO `sys_log` VALUES ('ca9e3671e3d94e7b98f2f2d2479eca44', '1', '--', 'fdbbca469d8441fb855e1018510e32f2', '2017-04-30 21:55:31', '0:0:0:0:0:0:0:1', 'Mozilla/5.0 (Windows NT 10.0; WOW64) AppleWebKit/537.36 (KHTML, like Gecko) Chrome/57.0.2987.133 Safari/537.36', '/AirMonitor/a/sys/role/', 'GET', '', '');
INSERT INTO `sys_log` VALUES ('cb02e0e70ab544caa3c8937343360e58', '1', '---', '1', '2017-04-30 21:52:23', '0:0:0:0:0:0:0:1', 'Mozilla/5.0 (Windows NT 10.0; WOW64) AppleWebKit/537.36 (KHTML, like Gecko) Chrome/57.0.2987.133 Safari/537.36', '/AirMonitor/a/sys/menu/form', 'GET', 0x706172656E742E69643D6239393666346531386430633463353939383538366631303535633938323330, '');
INSERT INTO `sys_log` VALUES ('cb1fdc0b39db41aa979c1b49b2c6d148', '1', '--', '1', '2017-04-30 16:40:37', '0:0:0:0:0:0:0:1', 'Mozilla/5.0 (Windows NT 10.0; WOW64) AppleWebKit/537.36 (KHTML, like Gecko) Chrome/57.0.2987.133 Safari/537.36', '/AirMonitor/a/air/tbAirQuality', 'GET', '', '');
INSERT INTO `sys_log` VALUES ('cb254bdee69b416eaa8a23bb278baf51', '1', '', '1', '2017-04-27 09:08:36', '0:0:0:0:0:0:0:1', 'Mozilla/5.0 (Windows NT 10.0; WOW64) AppleWebKit/537.36 (KHTML, like Gecko) Chrome/57.0.2987.133 Safari/537.36', '/AirMonitor/a', 'GET', 0x6C6F67696E3D, '');
INSERT INTO `sys_log` VALUES ('cbfd4498e1674f7292fa278d6861cb6d', '1', '--', '1', '2017-05-16 11:35:25', '0:0:0:0:0:0:0:1', 'Mozilla/5.0 (Windows NT 10.0; WOW64) AppleWebKit/537.36 (KHTML, like Gecko) Chrome/58.0.3029.110 Safari/537.36', '/AirMonitor/a/air/tbCO/listDel', 'GET', '', '');
INSERT INTO `sys_log` VALUES ('cc54a8e0368d4a9aad7e426c19762b28', '1', '--', '1', '2017-04-30 17:28:55', '0:0:0:0:0:0:0:1', 'Mozilla/5.0 (Windows NT 10.0; WOW64) AppleWebKit/537.36 (KHTML, like Gecko) Chrome/57.0.2987.133 Safari/537.36', '/AirMonitor/a/sys/user/info', 'GET', '', '');
INSERT INTO `sys_log` VALUES ('cc71f861aa0f431a8d4daa1c1aca0e17', '1', '--', '1', '2017-03-28 22:09:40', '0:0:0:0:0:0:0:1', 'Mozilla/5.0 (Windows NT 6.1; Win64; x64) AppleWebKit/537.36 (KHTML, like Gecko) Chrome/57.0.2987.110 Safari/537.36', '/jeesite/a/sys/user/index', 'GET', '', '');
INSERT INTO `sys_log` VALUES ('cd3269c736cd4528bdf68f5125cfca16', '1', '--', '1', '2017-04-30 15:58:02', '0:0:0:0:0:0:0:1', 'Mozilla/5.0 (Windows NT 10.0; WOW64) AppleWebKit/537.36 (KHTML, like Gecko) Chrome/57.0.2987.133 Safari/537.36', '/AirMonitor/a/sys/user/info', 'GET', '', '');
INSERT INTO `sys_log` VALUES ('cd452e3f6bd148729cb843e8d326299b', '1', '---', 'fdbbca469d8441fb855e1018510e32f2', '2017-05-16 11:37:47', '0:0:0:0:0:0:0:1', 'Mozilla/5.0 (Windows NT 10.0; WOW64) AppleWebKit/537.36 (KHTML, like Gecko) Chrome/58.0.3029.110 Safari/537.36', '/AirMonitor/a/sys/user/list', 'GET', '', '');
INSERT INTO `sys_log` VALUES ('cd67b37dee8c430eaeb31479774eb89b', '1', '---', '1', '2017-03-28 22:15:46', '0:0:0:0:0:0:0:1', 'Mozilla/5.0 (Windows NT 6.1; Win64; x64) AppleWebKit/537.36 (KHTML, like Gecko) Chrome/57.0.2987.110 Safari/537.36', '/jeesite/a/sys/user/list', 'GET', 0x7265706167653D, '');
INSERT INTO `sys_log` VALUES ('cd74ecf616e94b3a865fcac483e2f022', '1', '--', '1', '2017-05-16 11:35:46', '0:0:0:0:0:0:0:1', 'Mozilla/5.0 (Windows NT 10.0; WOW64) AppleWebKit/537.36 (KHTML, like Gecko) Chrome/58.0.3029.110 Safari/537.36', '/AirMonitor/a/air/tbCO2', 'GET', '', '');
INSERT INTO `sys_log` VALUES ('cdd7ca025ca345689a16c13c0fac76e8', '1', '---', '1', '2017-03-28 22:03:57', '0:0:0:0:0:0:0:1', 'Mozilla/5.0 (Windows NT 6.1; Win64; x64) AppleWebKit/537.36 (KHTML, like Gecko) Chrome/57.0.2987.110 Safari/537.36', '/jeesite/a/sys/user/list', 'GET', '', '');
INSERT INTO `sys_log` VALUES ('ce4a7218d5724c75aed302650ed2c1b8', '1', '--', '1', '2017-04-30 17:20:21', '0:0:0:0:0:0:0:1', 'Mozilla/5.0 (Windows NT 10.0; WOW64) AppleWebKit/537.36 (KHTML, like Gecko) Chrome/57.0.2987.133 Safari/537.36', '/AirMonitor/a/sys/user/info', 'GET', '', '');
INSERT INTO `sys_log` VALUES ('ce843420c2bd4c7bb3a69ed8a5bd881c', '1', '---', '1', '2017-05-16 11:34:09', '0:0:0:0:0:0:0:1', 'Mozilla/5.0 (Windows NT 10.0; WOW64) AppleWebKit/537.36 (KHTML, like Gecko) Chrome/58.0.3029.110 Safari/537.36', '/AirMonitor/a/sys/menu/form', 'GET', 0x706172656E742E69643D6433396530656135633839343430353361306562656231623865396537376163, '');
INSERT INTO `sys_log` VALUES ('ce87fb3da349464bae363479bd3455bf', '1', '--', '1', '2017-04-27 10:19:34', '0:0:0:0:0:0:0:1', 'Mozilla/5.0 (Windows NT 10.0; WOW64) AppleWebKit/537.36 (KHTML, like Gecko) Chrome/57.0.2987.133 Safari/537.36', '/AirMonitor/a/sys/menu/', 'GET', '', '');
INSERT INTO `sys_log` VALUES ('cede21ea55dc4259b62a8e54c7b157d3', '1', '--', '1', '2017-04-30 21:50:02', '0:0:0:0:0:0:0:1', 'Mozilla/5.0 (Windows NT 10.0; WOW64) AppleWebKit/537.36 (KHTML, like Gecko) Chrome/57.0.2987.133 Safari/537.36', '/AirMonitor/a/gen/genTable', 'GET', '', '');
INSERT INTO `sys_log` VALUES ('cfeb3bbd5d27454c85253d2033b2f32a', '1', '--', '1', '2017-03-28 22:13:01', '0:0:0:0:0:0:0:1', 'Mozilla/5.0 (Windows NT 6.1; Win64; x64) AppleWebKit/537.36 (KHTML, like Gecko) Chrome/57.0.2987.110 Safari/537.36', '/jeesite/a/sys/menu/', 'GET', '', '');
INSERT INTO `sys_log` VALUES ('d00453f155294026b9bbe6d7cacd0112', '1', '--', '1', '2017-03-28 22:17:48', '0:0:0:0:0:0:0:1', 'Mozilla/5.0 (Windows NT 6.1; Win64; x64) AppleWebKit/537.36 (KHTML, like Gecko) Chrome/57.0.2987.110 Safari/537.36', '/jeesite/a/sys/office/', 'GET', '', '');
INSERT INTO `sys_log` VALUES ('d0e694e16d4e403bae58e1e548c16095', '1', '---', '1', '2017-05-16 11:27:58', '0:0:0:0:0:0:0:1', 'Mozilla/5.0 (Windows NT 10.0; WOW64) AppleWebKit/537.36 (KHTML, like Gecko) Chrome/58.0.3029.110 Safari/537.36', '/AirMonitor/a/sys/menu/save', 'POST', 0x69643D26706172656E742E69643D323335323538303430623661343437326262336266666635363664626634333326706172656E742E6E616D653DE58E86E58FB2E695B0E68DAEE69FA5E8AFA2266E616D653DE4B880E6B0A7E58C96E7A2B3E69FA5E8AFA226687265663D2F6169722F7462434F267461726765743D2669636F6E3D26736F72743D363026697353686F773D31267065726D697373696F6E3D6169723A7462434F3A766965772C6169723A7462434F3A656469742672656D61726B733D, '');
INSERT INTO `sys_log` VALUES ('d116235630f84a79ad39caf51032fe64', '1', '--', 'fdbbca469d8441fb855e1018510e32f2', '2017-05-02 13:14:37', '0:0:0:0:0:0:0:1', 'Mozilla/5.0 (Windows NT 10.0; WOW64) AppleWebKit/537.36 (KHTML, like Gecko) Chrome/57.0.2987.133 Safari/537.36', '/AirMonitor/a/sys/user/info', 'GET', '', '');
INSERT INTO `sys_log` VALUES ('d12272eb5476497099144368d4163ce5', '1', '--', '1', '2017-04-27 10:18:34', '0:0:0:0:0:0:0:1', 'Mozilla/5.0 (Windows NT 10.0; WOW64) AppleWebKit/537.36 (KHTML, like Gecko) Chrome/57.0.2987.133 Safari/537.36', '/AirMonitor/a/sys/user/index', 'GET', '', '');
INSERT INTO `sys_log` VALUES ('d16f7db62bf24b2993ad187e28d58b30', '1', '--', '1', '2017-05-16 11:30:29', '0:0:0:0:0:0:0:1', 'Mozilla/5.0 (Windows NT 10.0; WOW64) AppleWebKit/537.36 (KHTML, like Gecko) Chrome/58.0.3029.110 Safari/537.36', '/AirMonitor/a/sys/menu/', 'GET', '', '');
INSERT INTO `sys_log` VALUES ('d1b6303ca24c43168b397efb322534d9', '1', '---', '1', '2017-04-30 22:00:08', '0:0:0:0:0:0:0:1', 'Mozilla/5.0 (Windows NT 10.0; WOW64) AppleWebKit/537.36 (KHTML, like Gecko) Chrome/57.0.2987.133 Safari/537.36', '/AirMonitor/a/sys/role/assign', 'GET', 0x69643D3963623930386565333630643432313261643334376336656365316462656536, '');
INSERT INTO `sys_log` VALUES ('d1f728bd7569479986ab3004c6524bfe', '1', '--', '1', '2017-05-16 11:34:03', '0:0:0:0:0:0:0:1', 'Mozilla/5.0 (Windows NT 10.0; WOW64) AppleWebKit/537.36 (KHTML, like Gecko) Chrome/58.0.3029.110 Safari/537.36', '/AirMonitor/a/sys/menu/', 'GET', '', '');
INSERT INTO `sys_log` VALUES ('d1fc5ec4865748709d4418ea4e4732f4', '1', '---', '1', '2017-03-28 22:13:41', '0:0:0:0:0:0:0:1', 'Mozilla/5.0 (Windows NT 6.1; Win64; x64) AppleWebKit/537.36 (KHTML, like Gecko) Chrome/57.0.2987.110 Safari/537.36', '/jeesite/a/sys/menu/form', 'GET', '', '');
INSERT INTO `sys_log` VALUES ('d2505bd38a10431196bd8c5725c7bba6', '1', '--', '1', '2017-05-16 11:38:01', '0:0:0:0:0:0:0:1', 'Mozilla/5.0 (Windows NT 10.0; WOW64) AppleWebKit/537.36 (KHTML, like Gecko) Chrome/58.0.3029.110 Safari/537.36', '/AirMonitor/a/air/tbAirQuality', 'GET', '', '');
INSERT INTO `sys_log` VALUES ('d2d5b337e7a4416c96d185956cd4c05f', '1', '---', '1', '2017-04-27 09:52:01', '0:0:0:0:0:0:0:1', 'Mozilla/5.0 (Windows NT 10.0; WOW64) AppleWebKit/537.36 (KHTML, like Gecko) Chrome/57.0.2987.133 Safari/537.36', '/AirMonitor/a/sys/menu/save', 'POST', 0x69643D26706172656E742E69643D393134663563623731656233343835336232336162356266303232383834373226706172656E742E6E616D653D434F32E79B91E6B58B266E616D653D434F3226687265663D2F6169722F7462434F32267461726765743D2669636F6E3D26736F72743D333026697353686F773D31267065726D697373696F6E3D6169723A7462434F323A766965772C6169723A7462434F323A656469742672656D61726B733D, '');
INSERT INTO `sys_log` VALUES ('d34346f960474ebf944b20edba057699', '1', '--', 'fdbbca469d8441fb855e1018510e32f2', '2017-05-02 14:31:45', '0:0:0:0:0:0:0:1', 'Mozilla/5.0 (Windows NT 10.0; Win64; x64) AppleWebKit/537.36 (KHTML, like Gecko) Chrome/52.0.2743.116 Safari/537.36 Edge/15.15063', '/AirMonitor/a/sys/user/info', 'GET', '', '');
INSERT INTO `sys_log` VALUES ('d3d142078da14bbc82395778d9180acf', '1', '--', '1', '2017-05-16 11:36:50', '0:0:0:0:0:0:0:1', 'Mozilla/5.0 (Windows NT 10.0; WOW64) AppleWebKit/537.36 (KHTML, like Gecko) Chrome/58.0.3029.110 Safari/537.36', '/AirMonitor/a/sys/role/', 'GET', 0x7265706167653D, '');
INSERT INTO `sys_log` VALUES ('d3f9792616014d8cad055d083fa7b409', '1', '', '1', '2017-05-16 11:38:01', '0:0:0:0:0:0:0:1', 'Mozilla/5.0 (Windows NT 10.0; WOW64) AppleWebKit/537.36 (KHTML, like Gecko) Chrome/58.0.3029.110 Safari/537.36', '/AirMonitor/a', 'GET', 0x6C6F67696E3D, '');
INSERT INTO `sys_log` VALUES ('d666754863e34f4f900d07171a6d7fee', '1', '--', 'fdbbca469d8441fb855e1018510e32f2', '2017-05-02 13:31:33', '0:0:0:0:0:0:0:1', 'Mozilla/5.0 (Windows NT 10.0; WOW64) AppleWebKit/537.36 (KHTML, like Gecko) Chrome/57.0.2987.133 Safari/537.36', '/AirMonitor/a/sys/role/', 'GET', '', '');
INSERT INTO `sys_log` VALUES ('d6a2358218bd4c0db21f2dd3bc4bce92', '1', '', '1', '2017-04-30 22:00:00', '0:0:0:0:0:0:0:1', 'Mozilla/5.0 (Windows NT 10.0; WOW64) AppleWebKit/537.36 (KHTML, like Gecko) Chrome/57.0.2987.133 Safari/537.36', '/AirMonitor/a', 'GET', 0x6C6F67696E3D, '');
INSERT INTO `sys_log` VALUES ('d76030141b984ec497770a8af4b87f29', '1', '--', '1', '2017-05-16 11:36:10', '0:0:0:0:0:0:0:1', 'Mozilla/5.0 (Windows NT 10.0; WOW64) AppleWebKit/537.36 (KHTML, like Gecko) Chrome/58.0.3029.110 Safari/537.36', '/AirMonitor/a/sys/user/index', 'GET', '', '');
INSERT INTO `sys_log` VALUES ('d785c6aa15594f709e6be8a05b62f6e0', '1', '--', 'fdbbca469d8441fb855e1018510e32f2', '2017-04-30 22:01:22', '0:0:0:0:0:0:0:1', 'Mozilla/5.0 (Windows NT 10.0; WOW64) AppleWebKit/537.36 (KHTML, like Gecko) Chrome/57.0.2987.133 Safari/537.36', '/AirMonitor/a/sys/role/', 'GET', '', '');
INSERT INTO `sys_log` VALUES ('d7a00dc79fdf4431b99149a416fdab7a', '1', '---', '1', '2017-05-16 11:16:20', '0:0:0:0:0:0:0:1', 'Mozilla/5.0 (Windows NT 10.0; WOW64) AppleWebKit/537.36 (KHTML, like Gecko) Chrome/58.0.3029.110 Safari/537.36', '/AirMonitor/a/sys/user/list', 'GET', '', '');
INSERT INTO `sys_log` VALUES ('d7a61eff3998482dae1e11389bdfef4a', '1', '---', '1', '2017-03-28 22:15:55', '0:0:0:0:0:0:0:1', 'Mozilla/5.0 (Windows NT 6.1; Win64; x64) AppleWebKit/537.36 (KHTML, like Gecko) Chrome/57.0.2987.110 Safari/537.36', '/jeesite/a/sys/user/list', 'GET', 0x7265706167653D, '');
INSERT INTO `sys_log` VALUES ('d7b65a107f2a4714a7231671643545d3', '1', '-CO2-CO2', '1', '2017-04-27 09:57:46', '127.0.0.1', 'Mozilla/5.0 (Windows NT 10.0; WOW64) AppleWebKit/537.36 (KHTML, like Gecko) Chrome/57.0.2987.133 Safari/537.36', '/AirMonitor/a/air/tbCO2', 'GET', '', '');
INSERT INTO `sys_log` VALUES ('d817092dedb244eb9cf09f1233d86af6', '1', '-', '1', '2017-04-30 21:50:15', '0:0:0:0:0:0:0:1', 'Mozilla/5.0 (Windows NT 10.0; WOW64) AppleWebKit/537.36 (KHTML, like Gecko) Chrome/57.0.2987.133 Safari/537.36', '/AirMonitor/a/cms/tree', 'GET', '', '');
INSERT INTO `sys_log` VALUES ('d83c08ab2c6f4f4bb938d97bc658ef0c', '1', '--', '1', '2017-03-28 22:14:33', '0:0:0:0:0:0:0:1', 'Mozilla/5.0 (Windows NT 6.1; Win64; x64) AppleWebKit/537.36 (KHTML, like Gecko) Chrome/57.0.2987.110 Safari/537.36', '/jeesite/a/sys/user/info', 'GET', '', '');
INSERT INTO `sys_log` VALUES ('d83e2a286d4849618faa92ee448ef7a0', '1', '--', '1', '2017-03-28 22:14:11', '0:0:0:0:0:0:0:1', 'Mozilla/5.0 (Windows NT 6.1; Win64; x64) AppleWebKit/537.36 (KHTML, like Gecko) Chrome/57.0.2987.110 Safari/537.36', '/jeesite/a/sys/menu/', 'GET', '', '');
INSERT INTO `sys_log` VALUES ('d8b777d81c634b839412dcc040018600', '1', '--', '1', '2017-04-26 11:09:34', '0:0:0:0:0:0:0:1', 'Mozilla/5.0 (Windows NT 6.1; WOW64) AppleWebKit/537.36 (KHTML, like Gecko) Chrome/56.0.2924.87 Safari/537.36', '/jeesite/a/act/process', 'GET', '', '');
INSERT INTO `sys_log` VALUES ('d8ed70ea8a11426e96cbc4764302b6c7', '1', '--', '1', '2017-05-02 10:29:08', '0:0:0:0:0:0:0:1', 'Mozilla/5.0 (Windows NT 10.0; WOW64) AppleWebKit/537.36 (KHTML, like Gecko) Chrome/57.0.2987.133 Safari/537.36', '/AirMonitor/a/sys/role/', 'GET', 0x7265706167653D, '');
INSERT INTO `sys_log` VALUES ('d8fa290f0bc94eb7adc300573611ac50', '1', '---', '1', '2017-05-16 11:32:37', '0:0:0:0:0:0:0:1', 'Mozilla/5.0 (Windows NT 10.0; WOW64) AppleWebKit/537.36 (KHTML, like Gecko) Chrome/58.0.3029.110 Safari/537.36', '/AirMonitor/a/sys/menu/save', 'POST', 0x69643D26706172656E742E69643D643339653065613563383934343035336130656265623162386539653737616326706172656E742E6E616D653DE58E86E58FB2E695B0E68DAEE588A0E999A4266E616D653DE4B880E6B0A7E58C96E7A2B3E588A0E999A426687265663D2F6169722F7462434F2F6C69737444656C267461726765743D2669636F6E3D26736F72743D363026697353686F773D31267065726D697373696F6E3D6169723A7462434F3A766965772C6169723A7462434F3A656469742672656D61726B733D, '');
INSERT INTO `sys_log` VALUES ('d910905c07d14226bdc10fabed8db3ca', '1', '---', '1', '2017-05-16 11:30:29', '0:0:0:0:0:0:0:1', 'Mozilla/5.0 (Windows NT 10.0; WOW64) AppleWebKit/537.36 (KHTML, like Gecko) Chrome/58.0.3029.110 Safari/537.36', '/AirMonitor/a/sys/menu/save', 'POST', 0x69643D26706172656E742E69643D323335323538303430623661343437326262336266666635363664626634333326706172656E742E6E616D653DE58E86E58FB2E695B0E68DAEE69FA5E8AFA2266E616D653DE6B8A9E6B9BFE5BAA6E69FA5E8AFA226687265663D2F6169722F746254656D7048756D267461726765743D2669636F6E3D26736F72743D31383026697353686F773D31267065726D697373696F6E3D6169723A746254656D7048756D3A766965772C6169723A746254656D7048756D3A656469742672656D61726B733D, '');
INSERT INTO `sys_log` VALUES ('d924fc00ad334dee9a0061219a95ef1e', '1', '--', '1', '2017-04-30 16:56:55', '0:0:0:0:0:0:0:1', 'Mozilla/5.0 (Windows NT 10.0; WOW64) AppleWebKit/537.36 (KHTML, like Gecko) Chrome/57.0.2987.133 Safari/537.36', '/AirMonitor/a/sys/user/info', 'GET', '', '');
INSERT INTO `sys_log` VALUES ('d93596309054421f82113eeae8e92098', '1', '--', '1', '2017-04-30 17:20:26', '0:0:0:0:0:0:0:1', 'Mozilla/5.0 (Windows NT 10.0; WOW64) AppleWebKit/537.36 (KHTML, like Gecko) Chrome/57.0.2987.133 Safari/537.36', '/AirMonitor/a/air/tbAirQuality', 'GET', '', '');
INSERT INTO `sys_log` VALUES ('d973d77227ab49a9be4f03d03649b5a3', '1', '---', '1', '2017-04-30 21:53:52', '0:0:0:0:0:0:0:1', 'Mozilla/5.0 (Windows NT 10.0; WOW64) AppleWebKit/537.36 (KHTML, like Gecko) Chrome/57.0.2987.133 Safari/537.36', '/AirMonitor/a/sys/role/delete', 'GET', 0x69643D35, '');
INSERT INTO `sys_log` VALUES ('d991917363914973b9892fbeba654d49', '1', '--', '1', '2017-04-30 16:48:06', '0:0:0:0:0:0:0:1', 'Mozilla/5.0 (Windows NT 10.0; WOW64) AppleWebKit/537.36 (KHTML, like Gecko) Chrome/57.0.2987.133 Safari/537.36', '/AirMonitor/a/air/tbAirQuality', 'GET', '', '');
INSERT INTO `sys_log` VALUES ('db021e11273c4e99be08d2357cf90e3e', '1', '--', '1', '2017-04-30 17:30:38', '0:0:0:0:0:0:0:1', 'Mozilla/5.0 (Windows NT 10.0; WOW64) AppleWebKit/537.36 (KHTML, like Gecko) Chrome/57.0.2987.133 Safari/537.36', '/AirMonitor/a/sys/user/info', 'GET', '', '');
INSERT INTO `sys_log` VALUES ('db6d94aa1c2b449497b7d9e2d2301af7', '1', '---', '1', '2017-03-28 22:16:57', '0:0:0:0:0:0:0:1', 'Mozilla/5.0 (Windows NT 6.1; Win64; x64) AppleWebKit/537.36 (KHTML, like Gecko) Chrome/57.0.2987.110 Safari/537.36', '/jeesite/a/sys/user/save', 'POST', 0x69643D2670686F746F3D26636F6D70616E792E69643D363161656161383036373266346333663964386466656666373563313161313226636F6D70616E792E6E616D653D6868737475266F66666963652E69643D3631616561613830363732663463336639643864666566663735633131613132266F66666963652E6E616D653D6868737475266E6F3D303031266E616D653D4672616E6B2057616E67266F6C644C6F67696E4E616D653D266C6F67696E4E616D653D6672616E6B266E657750617373776F72643D26636F6E6669726D4E657750617373776F72643D26656D61696C3D3835313532313430374071712E636F6D2670686F6E653D266D6F62696C653D3135353338303532323837266C6F67696E466C61673D312675736572547970653D26726F6C6549644C6973743D31265F726F6C6549644C6973743D6F6E2672656D61726B733D, '');
INSERT INTO `sys_log` VALUES ('dbba9744f23e461d85121c2eade26b97', '1', '---', '1', '2017-04-30 21:54:03', '0:0:0:0:0:0:0:1', 'Mozilla/5.0 (Windows NT 10.0; WOW64) AppleWebKit/537.36 (KHTML, like Gecko) Chrome/57.0.2987.133 Safari/537.36', '/AirMonitor/a/sys/role/form', 'GET', 0x69643D3963623930386565333630643432313261643334376336656365316462656536, '');
INSERT INTO `sys_log` VALUES ('dc0c571f3ef1456d9127c8c1af9dfd23', '1', '---', '1', '2017-05-16 11:31:08', '0:0:0:0:0:0:0:1', 'Mozilla/5.0 (Windows NT 10.0; WOW64) AppleWebKit/537.36 (KHTML, like Gecko) Chrome/58.0.3029.110 Safari/537.36', '/AirMonitor/a/sys/menu/form', 'GET', 0x706172656E742E69643D6433396530656135633839343430353361306562656231623865396537376163, '');
INSERT INTO `sys_log` VALUES ('dc0d23897aa24273a4c24b3a974a0828', '1', '--', '1', '2017-04-27 09:46:43', '0:0:0:0:0:0:0:1', 'Mozilla/5.0 (Windows NT 10.0; WOW64) AppleWebKit/537.36 (KHTML, like Gecko) Chrome/57.0.2987.133 Safari/537.36', '/AirMonitor/a/gen/genTable', 'GET', '', '');
INSERT INTO `sys_log` VALUES ('dcf41c9375d24000848a9e981423ad3b', '1', '---', '1', '2017-04-30 21:53:57', '0:0:0:0:0:0:0:1', 'Mozilla/5.0 (Windows NT 10.0; WOW64) AppleWebKit/537.36 (KHTML, like Gecko) Chrome/57.0.2987.133 Safari/537.36', '/AirMonitor/a/sys/role/delete', 'GET', 0x69643D32, '');
INSERT INTO `sys_log` VALUES ('dd20ed44980b4d0ea2b04f1e46552b44', '1', '', '1', '2017-03-28 22:16:19', '0:0:0:0:0:0:0:1', 'Mozilla/5.0 (Windows NT 6.1; Win64; x64) AppleWebKit/537.36 (KHTML, like Gecko) Chrome/57.0.2987.110 Safari/537.36', '/jeesite/a/sys/user/list', 'GET', 0x7265706167653D, '');
INSERT INTO `sys_log` VALUES ('dd22d076a6d347579bea89de029d0cfb', '1', '--', '1', '2017-04-28 10:13:49', '0:0:0:0:0:0:0:1', 'Mozilla/5.0 (Windows NT 10.0; WOW64) AppleWebKit/537.36 (KHTML, like Gecko) Chrome/57.0.2987.133 Safari/537.36', '/AirMonitor/a/air/tbTempHum', 'GET', '', '');
INSERT INTO `sys_log` VALUES ('dd269c80ae7748088a3ce0429cb07dfa', '1', '--', '1', '2017-04-30 21:53:14', '0:0:0:0:0:0:0:1', 'Mozilla/5.0 (Windows NT 10.0; WOW64) AppleWebKit/537.36 (KHTML, like Gecko) Chrome/57.0.2987.133 Safari/537.36', '/AirMonitor/a/sys/menu/', 'GET', '', '');
INSERT INTO `sys_log` VALUES ('dd72f3b69ea94db2aea039c880b2aafc', '1', '--', '1', '2017-04-27 09:53:14', '0:0:0:0:0:0:0:1', 'Mozilla/5.0 (Windows NT 10.0; WOW64) AppleWebKit/537.36 (KHTML, like Gecko) Chrome/57.0.2987.133 Safari/537.36', '/AirMonitor/a/sys/menu/', 'GET', '', '');
INSERT INTO `sys_log` VALUES ('ddb1aea6e745453dbf91c1c8fe9c2cb1', '1', '--', '1', '2017-04-30 17:04:48', '0:0:0:0:0:0:0:1', 'Mozilla/5.0 (Windows NT 10.0; WOW64) AppleWebKit/537.36 (KHTML, like Gecko) Chrome/57.0.2987.133 Safari/537.36', '/AirMonitor/a/sys/user/info', 'GET', '', '');
INSERT INTO `sys_log` VALUES ('dea3fbede88e40ea994586e9fa6b478c', '1', '', '1', '2017-05-16 11:30:41', '0:0:0:0:0:0:0:1', 'Mozilla/5.0 (Windows NT 10.0; WOW64) AppleWebKit/537.36 (KHTML, like Gecko) Chrome/58.0.3029.110 Safari/537.36', '/AirMonitor/a', 'GET', 0x6C6F67696E3D, '');
INSERT INTO `sys_log` VALUES ('dfd5ec17dfc449ac8f73f01fe1041ea5', '1', '-', '1', '2017-03-28 22:04:09', '0:0:0:0:0:0:0:1', 'Mozilla/5.0 (Windows NT 6.1; Win64; x64) AppleWebKit/537.36 (KHTML, like Gecko) Chrome/57.0.2987.110 Safari/537.36', '/jeesite/a/cms/tree', 'GET', '', '');
INSERT INTO `sys_log` VALUES ('e05f7503141a4d69a680b398ff479f33', '1', '--', '1', '2017-04-27 10:20:13', '0:0:0:0:0:0:0:1', 'Mozilla/5.0 (Windows NT 10.0; WOW64) AppleWebKit/537.36 (KHTML, like Gecko) Chrome/57.0.2987.133 Safari/537.36', '/AirMonitor/a/sys/user/info', 'GET', '', '');
INSERT INTO `sys_log` VALUES ('e0752258e3a8499eb7538312bd1b8c03', '1', '--', 'e8ed1e64be4f44eeb0ccda3532832636', '2017-05-02 10:35:11', '0:0:0:0:0:0:0:1', 'Mozilla/5.0 (Windows NT 10.0; Win64; x64) AppleWebKit/537.36 (KHTML, like Gecko) Chrome/52.0.2743.116 Safari/537.36 Edge/15.15063', '/AirMonitor/a/air/tbAirQuality', 'GET', 0x7461625061676549643D6A65726963686F746162696672616D655F30, '');
INSERT INTO `sys_log` VALUES ('e083c3c89285453e8b5fae75c3393761', '1', '--', '1', '2017-04-28 10:13:39', '0:0:0:0:0:0:0:1', 'Mozilla/5.0 (Windows NT 10.0; WOW64) AppleWebKit/537.36 (KHTML, like Gecko) Chrome/57.0.2987.133 Safari/537.36', '/AirMonitor/a/air/tbTempHum', 'GET', '', '');
INSERT INTO `sys_log` VALUES ('e1607d66785448c1ad5761e48d06e85d', '1', '--', '1', '2017-05-02 10:29:36', '0:0:0:0:0:0:0:1', 'Mozilla/5.0 (Windows NT 10.0; WOW64) AppleWebKit/537.36 (KHTML, like Gecko) Chrome/57.0.2987.133 Safari/537.36', '/AirMonitor/a/sys/role/', 'GET', 0x7265706167653D, '');
INSERT INTO `sys_log` VALUES ('e234aa5ac1714424ac38ea48f0e1a78f', '1', '---', 'fdbbca469d8441fb855e1018510e32f2', '2017-04-30 22:02:36', '0:0:0:0:0:0:0:1', 'Mozilla/5.0 (Windows NT 10.0; WOW64) AppleWebKit/537.36 (KHTML, like Gecko) Chrome/57.0.2987.133 Safari/537.36', '/AirMonitor/a/sys/role/save', 'POST', 0x6F6C64456E6E616D653D266F66666963652E69643D363161656161383036373266346333663964386466656666373563313161313226726F6C65547970653D61737369676E6D656E74266461746153636F70653D3826737973446174613D3026656E6E616D653D6E6F726D616C266F66666963654964733D2675736561626C653D31266F6C644E616D653D266F66666963652E6E616D653D6868737475266E616D653DE699AEE9809AE794A8E688B72669643D266D656E754964733D312C65393635346566666437353634333965396230666335326431373132613534312C65653165313234616562356234663963393436316663336331626231383565382C30306534646632343838316134666330623464363661373437613766392E2E2E2672656D61726B733D, '');
INSERT INTO `sys_log` VALUES ('e2385c7082b243f79b90135dcd5a53e2', '1', '---', 'fdbbca469d8441fb855e1018510e32f2', '2017-04-30 22:02:44', '0:0:0:0:0:0:0:1', 'Mozilla/5.0 (Windows NT 10.0; WOW64) AppleWebKit/537.36 (KHTML, like Gecko) Chrome/57.0.2987.133 Safari/537.36', '/AirMonitor/a/sys/user/form', 'GET', '', '');
INSERT INTO `sys_log` VALUES ('e2550d9313504c4c9eb3007a3189ae93', '1', '---', '1', '2017-05-16 11:38:16', '0:0:0:0:0:0:0:1', 'Mozilla/5.0 (Windows NT 10.0; WOW64) AppleWebKit/537.36 (KHTML, like Gecko) Chrome/58.0.3029.110 Safari/537.36', '/AirMonitor/a/sys/menu/form', 'GET', 0x706172656E742E69643D6366663835663765643832373436656561333236363462636339623864363737, '');
INSERT INTO `sys_log` VALUES ('e286ea5dac0b44b58a6be58b7ee1bf83', '1', '--', 'fdbbca469d8441fb855e1018510e32f2', '2017-04-30 21:55:11', '0:0:0:0:0:0:0:1', 'Mozilla/5.0 (Windows NT 10.0; WOW64) AppleWebKit/537.36 (KHTML, like Gecko) Chrome/57.0.2987.133 Safari/537.36', '/AirMonitor/a/sys/user/index', 'GET', '', '');
INSERT INTO `sys_log` VALUES ('e323f59b897146eebaffa1beed1dec18', '1', '--', '1', '2017-04-30 21:50:49', '0:0:0:0:0:0:0:1', 'Mozilla/5.0 (Windows NT 10.0; WOW64) AppleWebKit/537.36 (KHTML, like Gecko) Chrome/57.0.2987.133 Safari/537.36', '/AirMonitor/a/sys/user/index', 'GET', '', '');
INSERT INTO `sys_log` VALUES ('e379710acc8446559426dd59d3cc3675', '1', '---', 'fdbbca469d8441fb855e1018510e32f2', '2017-04-30 21:57:43', '0:0:0:0:0:0:0:1', 'Mozilla/5.0 (Windows NT 10.0; WOW64) AppleWebKit/537.36 (KHTML, like Gecko) Chrome/57.0.2987.133 Safari/537.36', '/AirMonitor/a/sys/role/save', 'POST', 0x6F6C64456E6E616D653D266F66666963652E69643D363161656161383036373266346333663964386466656666373563313161313226726F6C65547970653D75736572266461746153636F70653D3826737973446174613D3126656E6E616D653D6E6F726D616C266F66666963654964733D2675736561626C653D31266F6C644E616D653D266F66666963652E6E616D653D6868737475266E616D653DE699AEE9809AE794A8E688B72669643D266D656E754964733D312C32372C32382C32392C33302C65393635346566666437353634333965396230666335326431373132613534312C65653165313234616562356234663963393436316663336331626231383565382C30306534646632343838316134666330622E2E2E2672656D61726B733D, '');
INSERT INTO `sys_log` VALUES ('e39c4f98b5c345319b1ab3afaeb6cd10', '1', '---', '1', '2017-05-16 11:36:50', '0:0:0:0:0:0:0:1', 'Mozilla/5.0 (Windows NT 10.0; WOW64) AppleWebKit/537.36 (KHTML, like Gecko) Chrome/58.0.3029.110 Safari/537.36', '/AirMonitor/a/sys/role/save', 'POST', 0x69643D3963623930386565333630643432313261643334376336656365316462656536266F66666963652E69643D3631616561613830363732663463336639643864666566663735633131613132266F66666963652E6E616D653D6868737475266F6C644E616D653D6868737475266E616D653D6868737475266F6C64456E6E616D653D686873747526656E6E616D653D686873747526726F6C65547970653D61737369676E6D656E7426737973446174613D302675736561626C653D31266461746153636F70653D31266D656E754964733D312C65393635346566666437353634333965396230666335326431373132613534312C65653165313234616562356234663963393436316663336331626231383565382C30306534646632343838316134666330623464363661373437613766392E2E2E266F66666963654964733D2672656D61726B733D, '');
INSERT INTO `sys_log` VALUES ('e4998007426c4ea2a601201ff458e6b0', '1', '--', '1', '2017-04-27 09:51:15', '0:0:0:0:0:0:0:1', 'Mozilla/5.0 (Windows NT 10.0; WOW64) AppleWebKit/537.36 (KHTML, like Gecko) Chrome/57.0.2987.133 Safari/537.36', '/AirMonitor/a/sys/menu/', 'GET', '', '');
INSERT INTO `sys_log` VALUES ('e5612efd733a4e7f9e8dea2653e1592c', '1', '---', '1', '2017-05-16 11:25:36', '0:0:0:0:0:0:0:1', 'Mozilla/5.0 (Windows NT 10.0; WOW64) AppleWebKit/537.36 (KHTML, like Gecko) Chrome/58.0.3029.110 Safari/537.36', '/AirMonitor/a/sys/menu/save', 'POST', 0x69643D26706172656E742E69643D313563643061646162373738343936623962346666346137333862386633396426706172656E742E6E616D653DE58E86E58FB2E695B0E68DAEE7BBB4E68AA4266E616D653DE58E86E58FB2E695B0E68DAEE69FA5E8AFA226687265663D267461726765743D2669636F6E3D26736F72743D333026697353686F773D31267065726D697373696F6E3D2672656D61726B733D, '');
INSERT INTO `sys_log` VALUES ('e5a3fcbe0ef74abfb2ffe6171faeb33c', '1', '--', '1', '2017-05-16 11:38:06', '0:0:0:0:0:0:0:1', 'Mozilla/5.0 (Windows NT 10.0; WOW64) AppleWebKit/537.36 (KHTML, like Gecko) Chrome/58.0.3029.110 Safari/537.36', '/AirMonitor/a/sys/dict/', 'GET', '', '');
INSERT INTO `sys_log` VALUES ('e5e4ebb3b4c641258ba042cf4fc71e45', '1', '--', '1', '2017-04-30 21:50:12', '0:0:0:0:0:0:0:1', 'Mozilla/5.0 (Windows NT 10.0; WOW64) AppleWebKit/537.36 (KHTML, like Gecko) Chrome/57.0.2987.133 Safari/537.36', '/AirMonitor/a/gen/genTable', 'GET', '', '');
INSERT INTO `sys_log` VALUES ('e6e948f51bc2416a806a95893602bb54', '1', '--', '1', '2017-04-30 21:49:44', '0:0:0:0:0:0:0:1', 'Mozilla/5.0 (Windows NT 10.0; WOW64) AppleWebKit/537.36 (KHTML, like Gecko) Chrome/57.0.2987.133 Safari/537.36', '/AirMonitor/a/sys/user/index', 'GET', '', '');
INSERT INTO `sys_log` VALUES ('e6f2be50a2184ebd98195decc10ce455', '1', '---', '1', '2017-03-28 22:09:41', '0:0:0:0:0:0:0:1', 'Mozilla/5.0 (Windows NT 6.1; Win64; x64) AppleWebKit/537.36 (KHTML, like Gecko) Chrome/57.0.2987.110 Safari/537.36', '/jeesite/a/sys/user/list', 'GET', '', '');
INSERT INTO `sys_log` VALUES ('e70800aab7b74d54af965afda7845120', '1', '--', 'fdbbca469d8441fb855e1018510e32f2', '2017-04-30 21:57:06', '0:0:0:0:0:0:0:1', 'Mozilla/5.0 (Windows NT 10.0; WOW64) AppleWebKit/537.36 (KHTML, like Gecko) Chrome/57.0.2987.133 Safari/537.36', '/AirMonitor/a/sys/user/index', 'GET', '', '');
INSERT INTO `sys_log` VALUES ('e75509b4df254722871ffda0b32cb92d', '1', '---', '1', '2017-03-28 22:15:58', '0:0:0:0:0:0:0:1', 'Mozilla/5.0 (Windows NT 6.1; Win64; x64) AppleWebKit/537.36 (KHTML, like Gecko) Chrome/57.0.2987.110 Safari/537.36', '/jeesite/a/sys/user/delete', 'GET', 0x69643D3132, '');
INSERT INTO `sys_log` VALUES ('e8c6896e6e7d4bbcb60531909649b0a8', '1', '--', 'fdbbca469d8441fb855e1018510e32f2', '2017-04-30 22:02:10', '0:0:0:0:0:0:0:1', 'Mozilla/5.0 (Windows NT 10.0; WOW64) AppleWebKit/537.36 (KHTML, like Gecko) Chrome/57.0.2987.133 Safari/537.36', '/AirMonitor/a/sys/role/', 'GET', '', '');
INSERT INTO `sys_log` VALUES ('e9191847b014457699d9ca64abe1953b', '1', '---', '1', '2017-04-27 09:50:09', '0:0:0:0:0:0:0:1', 'Mozilla/5.0 (Windows NT 10.0; WOW64) AppleWebKit/537.36 (KHTML, like Gecko) Chrome/57.0.2987.133 Safari/537.36', '/AirMonitor/a/sys/menu/form', 'GET', 0x706172656E742E69643D6539363534656666643735363433396539623066633532643137313261353431, '');
INSERT INTO `sys_log` VALUES ('ea0c74b737254c4aaf40630083ff72b1', '1', '-', '1', '2017-04-30 16:35:29', '0:0:0:0:0:0:0:1', 'Mozilla/5.0 (Windows NT 10.0; WOW64) AppleWebKit/537.36 (KHTML, like Gecko) Chrome/57.0.2987.133 Safari/537.36', '/AirMonitor/a/cms/none', 'GET', '', '');
INSERT INTO `sys_log` VALUES ('ea87099219c6492696361e2aefdef394', '1', '-', '1', '2017-03-28 22:04:09', '0:0:0:0:0:0:0:1', 'Mozilla/5.0 (Windows NT 6.1; Win64; x64) AppleWebKit/537.36 (KHTML, like Gecko) Chrome/57.0.2987.110 Safari/537.36', '/jeesite/a/cms/none', 'GET', '', '');
INSERT INTO `sys_log` VALUES ('eaa7d442a42e4e349b2db7eac73acb08', '1', '--', 'fdbbca469d8441fb855e1018510e32f2', '2017-04-30 21:58:45', '0:0:0:0:0:0:0:1', 'Mozilla/5.0 (Windows NT 10.0; WOW64) AppleWebKit/537.36 (KHTML, like Gecko) Chrome/57.0.2987.133 Safari/537.36', '/AirMonitor/a/sys/user/info', 'GET', '', '');
INSERT INTO `sys_log` VALUES ('eabc98ae3c7d4e8eb2b8382525340fbf', '1', '', 'fdbbca469d8441fb855e1018510e32f2', '2017-04-30 22:01:16', '0:0:0:0:0:0:0:1', 'Mozilla/5.0 (Windows NT 10.0; WOW64) AppleWebKit/537.36 (KHTML, like Gecko) Chrome/57.0.2987.133 Safari/537.36', '/AirMonitor/a', 'GET', 0x6C6F67696E3D, '');
INSERT INTO `sys_log` VALUES ('eac86576582a4b54a0b62079e1f02ea8', '1', '--', 'fdbbca469d8441fb855e1018510e32f2', '2017-05-02 10:27:35', '0:0:0:0:0:0:0:1', 'Mozilla/5.0 (Windows NT 10.0; Win64; x64) AppleWebKit/537.36 (KHTML, like Gecko) Chrome/52.0.2743.116 Safari/537.36 Edge/15.15063', '/AirMonitor/a/sys/user/info', 'GET', '', '');
INSERT INTO `sys_log` VALUES ('eb54a81b1e6d4bc195f9fc05f1ee369b', '1', '--', '1', '2017-04-30 21:50:19', '0:0:0:0:0:0:0:1', 'Mozilla/5.0 (Windows NT 10.0; WOW64) AppleWebKit/537.36 (KHTML, like Gecko) Chrome/57.0.2987.133 Safari/537.36', '/AirMonitor/a/air/tbAirQuality', 'GET', '', '');
INSERT INTO `sys_log` VALUES ('ec9350de23044986868360d608e73767', '1', '--', '1', '2017-04-30 16:55:58', '0:0:0:0:0:0:0:1', 'Mozilla/5.0 (Windows NT 10.0; WOW64) AppleWebKit/537.36 (KHTML, like Gecko) Chrome/57.0.2987.133 Safari/537.36', '/AirMonitor/a/air/tbAirQuality', 'GET', '', '');
INSERT INTO `sys_log` VALUES ('ece7b29ff43a4e5b9968d79affa2433a', '1', '---', '1', '2017-03-28 22:03:37', '0:0:0:0:0:0:0:1', 'Mozilla/5.0 (Windows NT 6.1; Win64; x64) AppleWebKit/537.36 (KHTML, like Gecko) Chrome/57.0.2987.110 Safari/537.36', '/jeesite/a/sys/user/list', 'GET', '', '');
INSERT INTO `sys_log` VALUES ('ed13694cab834444a21c95d609053ebf', '1', '--', '1', '2017-04-30 21:50:06', '0:0:0:0:0:0:0:1', 'Mozilla/5.0 (Windows NT 10.0; WOW64) AppleWebKit/537.36 (KHTML, like Gecko) Chrome/57.0.2987.133 Safari/537.36', '/AirMonitor/a/air/tbAirQuality', 'GET', '', '');
INSERT INTO `sys_log` VALUES ('ed266263c8d44933941f4daea51c1c30', '1', '---', '1', '2017-03-28 22:15:41', '0:0:0:0:0:0:0:1', 'Mozilla/5.0 (Windows NT 6.1; Win64; x64) AppleWebKit/537.36 (KHTML, like Gecko) Chrome/57.0.2987.110 Safari/537.36', '/jeesite/a/sys/user/list', 'GET', 0x7265706167653D, '');
INSERT INTO `sys_log` VALUES ('ed390c1bdaea49aa9ef0d18ac6a7fa83', '1', '---', '1', '2017-05-16 11:25:31', '0:0:0:0:0:0:0:1', 'Mozilla/5.0 (Windows NT 10.0; WOW64) AppleWebKit/537.36 (KHTML, like Gecko) Chrome/58.0.3029.110 Safari/537.36', '/AirMonitor/a/sys/menu/form', 'GET', 0x706172656E742E69643D3135636430616461623737383439366239623466663461373338623866333964, '');
INSERT INTO `sys_log` VALUES ('ed89e892814b492aa40526bdb8ffc1e6', '1', '', 'fdbbca469d8441fb855e1018510e32f2', '2017-05-02 10:29:42', '0:0:0:0:0:0:0:1', 'Mozilla/5.0 (Windows NT 10.0; Win64; x64) AppleWebKit/537.36 (KHTML, like Gecko) Chrome/52.0.2743.116 Safari/537.36 Edge/15.15063', '/AirMonitor/a', 'GET', 0x6C6F67696E3D, '');
INSERT INTO `sys_log` VALUES ('eda57bb2eabc40d0bc234f280d4a6f5e', '1', '--', '1', '2017-04-27 09:49:57', '0:0:0:0:0:0:0:1', 'Mozilla/5.0 (Windows NT 10.0; WOW64) AppleWebKit/537.36 (KHTML, like Gecko) Chrome/57.0.2987.133 Safari/537.36', '/AirMonitor/a/sys/user/index', 'GET', '', '');
INSERT INTO `sys_log` VALUES ('eda68dc9e2f541968b49ba6e68d13618', '1', '---', '1', '2017-05-16 11:30:00', '0:0:0:0:0:0:0:1', 'Mozilla/5.0 (Windows NT 10.0; WOW64) AppleWebKit/537.36 (KHTML, like Gecko) Chrome/58.0.3029.110 Safari/537.36', '/AirMonitor/a/sys/menu/save', 'POST', 0x69643D26706172656E742E69643D323335323538303430623661343437326262336266666635363664626634333326706172656E742E6E616D653DE58E86E58FB2E695B0E68DAEE69FA5E8AFA2266E616D653DE4BA8CE6B0A7E58C96E7A1ABE69FA5E8AFA226687265663D2F6169722F7462534F32267461726765743D2669636F6E3D26736F72743D31353026697353686F773D31267065726D697373696F6E3D6169723A7462534F323A766965772C6169723A7462534F323A656469742672656D61726B733D, '');
INSERT INTO `sys_log` VALUES ('edab65e65605409ea8fd75d86c55e25c', '1', '---', '1', '2017-03-28 22:13:57', '0:0:0:0:0:0:0:1', 'Mozilla/5.0 (Windows NT 6.1; Win64; x64) AppleWebKit/537.36 (KHTML, like Gecko) Chrome/57.0.2987.110 Safari/537.36', '/jeesite/a/sys/menu/save', 'POST', 0x69643D26706172656E742E69643D3126706172656E742E6E616D653DE58A9FE883BDE88F9CE58D95266E616D653DE8A792E889B2E7AEA1E7908626687265663D267461726765743D2669636F6E3D26736F72743D3530363026697353686F773D31267065726D697373696F6E3D2672656D61726B733D, '');
INSERT INTO `sys_log` VALUES ('ede519031d8444ca988a887f498bc60e', '1', '---', '1', '2017-04-30 21:51:41', '0:0:0:0:0:0:0:1', 'Mozilla/5.0 (Windows NT 10.0; WOW64) AppleWebKit/537.36 (KHTML, like Gecko) Chrome/57.0.2987.133 Safari/537.36', '/AirMonitor/a/sys/menu/form', 'GET', 0x706172656E742E69643D6432313431326435303238653439613562663233633939356235643466313561, '');
INSERT INTO `sys_log` VALUES ('ede6467224f04d1f89996ab4bb7ff393', '1', '--', '1', '2017-04-30 16:59:42', '0:0:0:0:0:0:0:1', 'Mozilla/5.0 (Windows NT 10.0; WOW64) AppleWebKit/537.36 (KHTML, like Gecko) Chrome/57.0.2987.133 Safari/537.36', '/AirMonitor/a/air/tbAirQuality', 'GET', '', '');
INSERT INTO `sys_log` VALUES ('ee48f2e649914900873b880bd6096b35', '1', '--', '1', '2017-04-27 10:19:43', '0:0:0:0:0:0:0:1', 'Mozilla/5.0 (Windows NT 10.0; WOW64) AppleWebKit/537.36 (KHTML, like Gecko) Chrome/57.0.2987.133 Safari/537.36', '/AirMonitor/a/air/tbAirQuality', 'GET', '', '');
INSERT INTO `sys_log` VALUES ('ee893d55fd004e0da14215ae0ba715bc', '1', '--', '1', '2017-04-30 17:09:42', '0:0:0:0:0:0:0:1', 'Mozilla/5.0 (Windows NT 10.0; WOW64) AppleWebKit/537.36 (KHTML, like Gecko) Chrome/57.0.2987.133 Safari/537.36', '/AirMonitor/a/air/tbAirQuality', 'GET', '', '');
INSERT INTO `sys_log` VALUES ('eea3b93b02cd483788ef59e155f203d3', '1', '--', '1', '2017-04-26 11:09:30', '0:0:0:0:0:0:0:1', 'Mozilla/5.0 (Windows NT 6.1; WOW64) AppleWebKit/537.36 (KHTML, like Gecko) Chrome/56.0.2924.87 Safari/537.36', '/jeesite/a/act/process', 'GET', '', '');
INSERT INTO `sys_log` VALUES ('eeba9131bcea42d5be84917e3a84533c', '1', '--', '1', '2017-04-30 16:55:43', '0:0:0:0:0:0:0:1', 'Mozilla/5.0 (Windows NT 10.0; WOW64) AppleWebKit/537.36 (KHTML, like Gecko) Chrome/57.0.2987.133 Safari/537.36', '/AirMonitor/a/sys/user/info', 'GET', '', '');
INSERT INTO `sys_log` VALUES ('efd267300db6410aaeb306282d3c4c6c', '1', '--', '1', '2017-04-28 10:13:07', '0:0:0:0:0:0:0:1', 'Mozilla/5.0 (Windows NT 10.0; WOW64) AppleWebKit/537.36 (KHTML, like Gecko) Chrome/57.0.2987.133 Safari/537.36', '/AirMonitor/a/air/tbAirQuality', 'GET', '', '');
INSERT INTO `sys_log` VALUES ('f1523653fc5242d49163d80b7623490f', '1', '---', '1', '2017-03-28 22:14:56', '0:0:0:0:0:0:0:1', 'Mozilla/5.0 (Windows NT 6.1; Win64; x64) AppleWebKit/537.36 (KHTML, like Gecko) Chrome/57.0.2987.110 Safari/537.36', '/jeesite/a/sys/office/list', 'GET', 0x69643D26706172656E744964733D, '');
INSERT INTO `sys_log` VALUES ('f1d92d0f54eb4dbe870956a17525e026', '1', '', '1', '2017-04-30 17:28:54', '0:0:0:0:0:0:0:1', 'Mozilla/5.0 (Windows NT 10.0; WOW64) AppleWebKit/537.36 (KHTML, like Gecko) Chrome/57.0.2987.133 Safari/537.36', '/AirMonitor/a', 'GET', 0x6C6F67696E3D, '');
INSERT INTO `sys_log` VALUES ('f1f6ce309a1a41f29b26e27eda265b8b', '1', '--', '1', '2017-04-30 17:03:25', '0:0:0:0:0:0:0:1', 'Mozilla/5.0 (Windows NT 10.0; WOW64) AppleWebKit/537.36 (KHTML, like Gecko) Chrome/57.0.2987.133 Safari/537.36', '/AirMonitor/a/sys/user/info', 'GET', '', '');
INSERT INTO `sys_log` VALUES ('f271057f752b4ee1a74c3488b101d5ea', '1', '--', '1', '2017-03-28 22:12:45', '0:0:0:0:0:0:0:1', 'Mozilla/5.0 (Windows NT 6.1; Win64; x64) AppleWebKit/537.36 (KHTML, like Gecko) Chrome/57.0.2987.110 Safari/537.36', '/jeesite/a/sys/menu/', 'GET', '', '');
INSERT INTO `sys_log` VALUES ('f388d56617154bddadd60d7ca087bf5e', '1', '--', 'fdbbca469d8441fb855e1018510e32f2', '2017-05-02 13:31:24', '0:0:0:0:0:0:0:1', 'Mozilla/5.0 (Windows NT 10.0; WOW64) AppleWebKit/537.36 (KHTML, like Gecko) Chrome/57.0.2987.133 Safari/537.36', '/AirMonitor/a/sys/role/', 'GET', '', '');
INSERT INTO `sys_log` VALUES ('f3b3b0bd5edd4b8197e607f832f1f0b6', '1', '--', 'fdbbca469d8441fb855e1018510e32f2', '2017-04-30 22:02:13', '0:0:0:0:0:0:0:1', 'Mozilla/5.0 (Windows NT 10.0; WOW64) AppleWebKit/537.36 (KHTML, like Gecko) Chrome/57.0.2987.133 Safari/537.36', '/AirMonitor/a/sys/role/', 'GET', 0x7265706167653D, '');
INSERT INTO `sys_log` VALUES ('f46ab92e4b24429f94fb11b54693ae19', '1', '---', '1', '2017-04-30 21:52:44', '0:0:0:0:0:0:0:1', 'Mozilla/5.0 (Windows NT 10.0; WOW64) AppleWebKit/537.36 (KHTML, like Gecko) Chrome/57.0.2987.133 Safari/537.36', '/AirMonitor/a/sys/menu/form', 'GET', 0x706172656E742E69643D3138376637643966393062383462626439313834313864656533623233363761, '');
INSERT INTO `sys_log` VALUES ('f542cd5cbdbc49429d954cad8a673dc5', '1', '--', '1', '2017-05-16 11:38:48', '0:0:0:0:0:0:0:1', 'Mozilla/5.0 (Windows NT 10.0; WOW64) AppleWebKit/537.36 (KHTML, like Gecko) Chrome/58.0.3029.110 Safari/537.36', '/AirMonitor/a/sys/menu/', 'GET', '', '');
INSERT INTO `sys_log` VALUES ('f57ecedbc3fa4428bf67648c29637f35', '1', '--', '1', '2017-04-30 17:21:02', '0:0:0:0:0:0:0:1', 'Mozilla/5.0 (Windows NT 10.0; WOW64) AppleWebKit/537.36 (KHTML, like Gecko) Chrome/57.0.2987.133 Safari/537.36', '/AirMonitor/a/air/tbAirQuality', 'GET', '', '');
INSERT INTO `sys_log` VALUES ('f59a5abe0a504b7fa86f2cd5b20e9d0d', '1', '---', '1', '2017-04-30 21:50:49', '0:0:0:0:0:0:0:1', 'Mozilla/5.0 (Windows NT 10.0; WOW64) AppleWebKit/537.36 (KHTML, like Gecko) Chrome/57.0.2987.133 Safari/537.36', '/AirMonitor/a/sys/user/list', 'GET', '', '');
INSERT INTO `sys_log` VALUES ('f7927c5528f64a94b8a9ecfc572937f4', '1', '--', 'fdbbca469d8441fb855e1018510e32f2', '2017-04-30 22:01:18', '0:0:0:0:0:0:0:1', 'Mozilla/5.0 (Windows NT 10.0; WOW64) AppleWebKit/537.36 (KHTML, like Gecko) Chrome/57.0.2987.133 Safari/537.36', '/AirMonitor/a/sys/role/', 'GET', '', '');
INSERT INTO `sys_log` VALUES ('f7ab9038585c48199be480e64c03405a', '1', '--', '1', '2017-04-30 17:38:52', '0:0:0:0:0:0:0:1', 'Mozilla/5.0 (Windows NT 10.0; WOW64) AppleWebKit/537.36 (KHTML, like Gecko) Chrome/57.0.2987.133 Safari/537.36', '/AirMonitor/a/air/tbAirQuality', 'GET', '', '');
INSERT INTO `sys_log` VALUES ('f8bbb41278df4e42a818329da3cfd004', '1', '---', '1', '2017-04-30 21:54:01', '0:0:0:0:0:0:0:1', 'Mozilla/5.0 (Windows NT 10.0; WOW64) AppleWebKit/537.36 (KHTML, like Gecko) Chrome/57.0.2987.133 Safari/537.36', '/AirMonitor/a/sys/role/delete', 'GET', 0x69643D36, '');
INSERT INTO `sys_log` VALUES ('f95ca8f2cb6e4730b069f30a66cf9f12', '1', '---', '1', '2017-03-28 22:17:44', '0:0:0:0:0:0:0:1', 'Mozilla/5.0 (Windows NT 6.1; Win64; x64) AppleWebKit/537.36 (KHTML, like Gecko) Chrome/57.0.2987.110 Safari/537.36', '/jeesite/a/sys/role/form', 'GET', 0x69643D3963623930386565333630643432313261643334376336656365316462656536, '');
INSERT INTO `sys_log` VALUES ('fa6eab834bc44caba11d13be3ace850e', '1', '---', 'fdbbca469d8441fb855e1018510e32f2', '2017-04-30 21:59:08', '0:0:0:0:0:0:0:1', 'Mozilla/5.0 (Windows NT 10.0; WOW64) AppleWebKit/537.36 (KHTML, like Gecko) Chrome/57.0.2987.133 Safari/537.36', '/AirMonitor/a/sys/role/save', 'POST', 0x6F6C64456E6E616D653D266F66666963652E69643D363161656161383036373266346333663964386466656666373563313161313226726F6C65547970653D75736572266461746153636F70653D3826737973446174613D3126656E6E616D653D6E6F726D616C266F66666963654964733D2675736561626C653D31266F6C644E616D653D266F66666963652E6E616D653D6868737475266E616D653DE699AEE9809AE794A8E688B72669643D266D656E754964733D2672656D61726B733D, '');
INSERT INTO `sys_log` VALUES ('fbbddfb0d5764ebabb81b00c058852ce', '1', '', 'fdbbca469d8441fb855e1018510e32f2', '2017-04-30 21:55:06', '0:0:0:0:0:0:0:1', 'Mozilla/5.0 (Windows NT 10.0; WOW64) AppleWebKit/537.36 (KHTML, like Gecko) Chrome/57.0.2987.133 Safari/537.36', '/AirMonitor/a', 'GET', 0x6C6F67696E3D, '');
INSERT INTO `sys_log` VALUES ('fc42344904fa4f67accccf171301b088', '1', '--', '1', '2017-04-30 17:20:24', '0:0:0:0:0:0:0:1', 'Mozilla/5.0 (Windows NT 10.0; WOW64) AppleWebKit/537.36 (KHTML, like Gecko) Chrome/57.0.2987.133 Safari/537.36', '/AirMonitor/a/air/tbAirQuality', 'GET', '', '');
INSERT INTO `sys_log` VALUES ('fd03913a2b7a4a648d5fc52eb7c15901', '1', '--', '1', '2017-05-16 11:30:59', '0:0:0:0:0:0:0:1', 'Mozilla/5.0 (Windows NT 10.0; WOW64) AppleWebKit/537.36 (KHTML, like Gecko) Chrome/58.0.3029.110 Safari/537.36', '/AirMonitor/a/sys/role/', 'GET', '', '');
INSERT INTO `sys_log` VALUES ('fdff080c0ba644edb8cf1149d446cb4d', '1', '---', '1', '2017-04-27 09:52:41', '0:0:0:0:0:0:0:1', 'Mozilla/5.0 (Windows NT 10.0; WOW64) AppleWebKit/537.36 (KHTML, like Gecko) Chrome/57.0.2987.133 Safari/537.36', '/AirMonitor/a/sys/menu/save', 'POST', 0x69643D26706172656E742E69643D373435336239616438353961346233623831366161336430646137373064636126706172656E742E6E616D653D504D322E35E79B91E6B58B266E616D653D504D322E3526687265663D2F6169722F7462506D3235267461726765743D2669636F6E3D26736F72743D333026697353686F773D31267065726D697373696F6E3D6169723A7462506D32353A766965772C6169723A7462506D32353A656469742672656D61726B733D, '');
INSERT INTO `sys_log` VALUES ('fe2fe479d0054ddfb36d0aef7e27caa9', '1', '--', '1', '2017-04-30 17:36:07', '0:0:0:0:0:0:0:1', 'Mozilla/5.0 (Windows NT 10.0; WOW64) AppleWebKit/537.36 (KHTML, like Gecko) Chrome/57.0.2987.133 Safari/537.36', '/AirMonitor/a/sys/user/info', 'GET', '', '');
INSERT INTO `sys_log` VALUES ('fe4188d0ab45451a97bf24ac9d175116', '1', '', 'e8ed1e64be4f44eeb0ccda3532832636', '2017-04-30 22:03:38', '0:0:0:0:0:0:0:1', 'Mozilla/5.0 (Windows NT 10.0; Win64; x64) AppleWebKit/537.36 (KHTML, like Gecko) Chrome/52.0.2743.116 Safari/537.36 Edge/15.15063', '/AirMonitor/a', 'GET', 0x6C6F67696E3D, '');
INSERT INTO `sys_log` VALUES ('fe4fda0fe8634a419b3ff53697302e80', '1', '--', '1', '2017-03-28 22:09:41', '0:0:0:0:0:0:0:1', 'Mozilla/5.0 (Windows NT 6.1; Win64; x64) AppleWebKit/537.36 (KHTML, like Gecko) Chrome/57.0.2987.110 Safari/537.36', '/jeesite/a/gen/genTable', 'GET', '', '');
INSERT INTO `sys_log` VALUES ('fed6dfdf26d2417c8a17fa4fa01dbf91', '1', '--', '1', '2017-04-30 21:53:31', '0:0:0:0:0:0:0:1', 'Mozilla/5.0 (Windows NT 10.0; WOW64) AppleWebKit/537.36 (KHTML, like Gecko) Chrome/57.0.2987.133 Safari/537.36', '/AirMonitor/a/sys/role/', 'GET', '', '');
INSERT INTO `sys_log` VALUES ('ffb27534705e44dda4cb396d19d356a7', '1', '--', 'fdbbca469d8441fb855e1018510e32f2', '2017-04-30 21:55:06', '0:0:0:0:0:0:0:1', 'Mozilla/5.0 (Windows NT 10.0; WOW64) AppleWebKit/537.36 (KHTML, like Gecko) Chrome/57.0.2987.133 Safari/537.36', '/AirMonitor/a/sys/user/info', 'GET', '', '');

-- ----------------------------
-- Table structure for sys_mdict
-- ----------------------------
DROP TABLE IF EXISTS `sys_mdict`;
CREATE TABLE `sys_mdict` (
  `id` varchar(64) COLLATE utf8_bin NOT NULL COMMENT '',
  `parent_id` varchar(64) COLLATE utf8_bin NOT NULL COMMENT '',
  `parent_ids` varchar(2000) COLLATE utf8_bin NOT NULL COMMENT '',
  `name` varchar(100) COLLATE utf8_bin NOT NULL COMMENT '',
  `sort` decimal(10,0) NOT NULL COMMENT '',
  `description` varchar(100) COLLATE utf8_bin DEFAULT NULL COMMENT '',
  `create_by` varchar(64) COLLATE utf8_bin NOT NULL COMMENT '',
  `create_date` datetime NOT NULL COMMENT '',
  `update_by` varchar(64) COLLATE utf8_bin NOT NULL COMMENT '',
  `update_date` datetime NOT NULL COMMENT '',
  `remarks` varchar(255) COLLATE utf8_bin DEFAULT NULL COMMENT '',
  `del_flag` char(1) COLLATE utf8_bin NOT NULL DEFAULT '0' COMMENT '',
  PRIMARY KEY (`id`),
  KEY `sys_mdict_parent_id` (`parent_id`),
  KEY `sys_mdict_del_flag` (`del_flag`)
) ENGINE=InnoDB DEFAULT CHARSET=utf8 COLLATE=utf8_bin COMMENT='';

-- ----------------------------
-- Records of sys_mdict
-- ----------------------------

-- ----------------------------
-- Table structure for sys_menu
-- ----------------------------
DROP TABLE IF EXISTS `sys_menu`;
CREATE TABLE `sys_menu` (
  `id` varchar(64) COLLATE utf8_bin NOT NULL COMMENT '',
  `parent_id` varchar(64) COLLATE utf8_bin NOT NULL COMMENT '',
  `parent_ids` varchar(2000) COLLATE utf8_bin NOT NULL COMMENT '',
  `name` varchar(100) COLLATE utf8_bin NOT NULL COMMENT '',
  `sort` decimal(10,0) NOT NULL COMMENT '',
  `href` varchar(2000) COLLATE utf8_bin DEFAULT NULL COMMENT '',
  `target` varchar(20) COLLATE utf8_bin DEFAULT NULL COMMENT '',
  `icon` varchar(100) COLLATE utf8_bin DEFAULT NULL COMMENT '',
  `is_show` char(1) COLLATE utf8_bin NOT NULL COMMENT '',
  `permission` varchar(200) COLLATE utf8_bin DEFAULT NULL COMMENT '',
  `create_by` varchar(64) COLLATE utf8_bin NOT NULL COMMENT '',
  `create_date` datetime NOT NULL COMMENT '',
  `update_by` varchar(64) COLLATE utf8_bin NOT NULL COMMENT '',
  `update_date` datetime NOT NULL COMMENT '',
  `remarks` varchar(255) COLLATE utf8_bin DEFAULT NULL COMMENT '',
  `del_flag` char(1) COLLATE utf8_bin NOT NULL DEFAULT '0' COMMENT '',
  PRIMARY KEY (`id`),
  KEY `sys_menu_parent_id` (`parent_id`),
  KEY `sys_menu_del_flag` (`del_flag`)
) ENGINE=InnoDB DEFAULT CHARSET=utf8 COLLATE=utf8_bin COMMENT='';

-- ----------------------------
-- Records of sys_menu
-- ----------------------------
INSERT INTO `sys_menu` VALUES ('00e4df24881a4fc0b4d66a747a7f96d2', 'ee1e124aeb5b4f9c9461fc3c1bb185e8', '0,1,e9654effd756439e9b0fc52d1712a541,ee1e124aeb5b4f9c9461fc3c1bb185e8,', '', '30', '/air/tbAirQuality', '', '', '1', 'air:tbAirQuality:view,air:tbAirQuality:edit', '1', '2017-04-27 10:19:34', '1', '2017-04-27 10:19:34', '', '0');
INSERT INTO `sys_menu` VALUES ('06e0fd0f69484e1594d67632929f794c', '235258040b6a4472bb3bfff566dbf433', '0,1,15cd0adab778496b9b4ff4a738b8f39d,235258040b6a4472bb3bfff566dbf433,', '', '90', '/air/tbHCHO', '', '', '1', 'air:tbHCHO:view,air:tbHCHO:edit', '1', '2017-05-16 11:28:25', '1', '2017-05-16 11:28:25', '', '0');
INSERT INTO `sys_menu` VALUES ('0b2ebd4d639e4c2b83c2dd0764522f24', 'ba8092291b40482db8fe7fc006ea3d76', '0,1,79,3c92c17886944d0687e73e286cada573,ba8092291b40482db8fe7fc006ea3d76,', '', '60', '', '', '', '0', 'test:testData:edit', '1', '2013-08-12 13:10:05', '1', '2013-08-12 13:10:05', '', '0');
INSERT INTO `sys_menu` VALUES ('0ca004d6b1bf4bcab9670a5060d82a55', '3c92c17886944d0687e73e286cada573', '0,1,79,3c92c17886944d0687e73e286cada573,', '', '90', '/test/testTree', '', '', '1', '', '1', '2013-08-12 13:10:05', '1', '2013-08-12 13:10:05', '', '0');
INSERT INTO `sys_menu` VALUES ('1', '0', '0,', '', '0', null, null, null, '1', null, '1', '2013-05-27 08:00:00', '1', '2013-05-27 08:00:00', null, '0');
INSERT INTO `sys_menu` VALUES ('10', '3', '0,1,2,3,', '', '60', '/sys/dict/', null, 'th-list', '1', null, '1', '2013-05-27 08:00:00', '1', '2013-05-27 08:00:00', null, '0');
INSERT INTO `sys_menu` VALUES ('11', '10', '0,1,2,3,10,', '', '30', null, null, null, '0', 'sys:dict:view', '1', '2013-05-27 08:00:00', '1', '2013-05-27 08:00:00', null, '0');
INSERT INTO `sys_menu` VALUES ('12', '10', '0,1,2,3,10,', '', '40', null, null, null, '0', 'sys:dict:edit', '1', '2013-05-27 08:00:00', '1', '2013-05-27 08:00:00', null, '0');
INSERT INTO `sys_menu` VALUES ('13', '2', '0,1,2,', '', '970', null, null, null, '1', null, '1', '2013-05-27 08:00:00', '1', '2013-05-27 08:00:00', null, '0');
INSERT INTO `sys_menu` VALUES ('14', '13', '0,1,2,13,', '', '50', '/sys/area/', null, 'th', '1', null, '1', '2013-05-27 08:00:00', '1', '2013-05-27 08:00:00', null, '0');
INSERT INTO `sys_menu` VALUES ('15', '14', '0,1,2,13,14,', '', '30', null, null, null, '0', 'sys:area:view', '1', '2013-05-27 08:00:00', '1', '2013-05-27 08:00:00', null, '0');
INSERT INTO `sys_menu` VALUES ('15cd0adab778496b9b4ff4a738b8f39d', '1', '0,1,', '', '5120', '', '', '', '1', '', '1', '2017-03-28 22:14:20', '1', '2017-05-16 11:25:28', '', '0');
INSERT INTO `sys_menu` VALUES ('16', '14', '0,1,2,13,14,', '', '40', null, null, null, '0', 'sys:area:edit', '1', '2013-05-27 08:00:00', '1', '2013-05-27 08:00:00', null, '0');
INSERT INTO `sys_menu` VALUES ('17', '13', '0,1,2,13,', '', '40', '/sys/office/', null, 'th-large', '1', null, '1', '2013-05-27 08:00:00', '1', '2013-05-27 08:00:00', null, '0');
INSERT INTO `sys_menu` VALUES ('18', '17', '0,1,2,13,17,', '', '30', null, null, null, '0', 'sys:office:view', '1', '2013-05-27 08:00:00', '1', '2013-05-27 08:00:00', null, '0');
INSERT INTO `sys_menu` VALUES ('187f7d9f90b84bbd918418dee3b2367a', 'b996f4e18d0c4c5998586f1055c98230', '0,1,b996f4e18d0c4c5998586f1055c98230,', '', '30', '', '', '', '1', '', '1', '2017-04-30 21:52:29', '1', '2017-04-30 21:52:29', '', '0');
INSERT INTO `sys_menu` VALUES ('19', '17', '0,1,2,13,17,', '', '40', null, null, null, '0', 'sys:office:edit', '1', '2013-05-27 08:00:00', '1', '2013-05-27 08:00:00', null, '0');
INSERT INTO `sys_menu` VALUES ('2', '1', '0,1,', '', '900', null, null, null, '1', null, '1', '2013-05-27 08:00:00', '1', '2013-05-27 08:00:00', null, '0');
INSERT INTO `sys_menu` VALUES ('20', '13', '0,1,2,13,', '', '30', '/sys/user/index', null, 'user', '1', null, '1', '2013-05-27 08:00:00', '1', '2013-05-27 08:00:00', null, '0');
INSERT INTO `sys_menu` VALUES ('21', '20', '0,1,2,13,20,', '', '30', null, null, null, '0', 'sys:user:view', '1', '2013-05-27 08:00:00', '1', '2013-05-27 08:00:00', null, '0');
INSERT INTO `sys_menu` VALUES ('22', '20', '0,1,2,13,20,', '', '40', null, null, null, '0', 'sys:user:edit', '1', '2013-05-27 08:00:00', '1', '2013-05-27 08:00:00', null, '0');
INSERT INTO `sys_menu` VALUES ('23', '2', '0,1,2,', '', '990', null, null, null, '0', null, '1', '2013-05-27 08:00:00', '1', '2013-05-27 08:00:00', null, '0');
INSERT INTO `sys_menu` VALUES ('235258040b6a4472bb3bfff566dbf433', '15cd0adab778496b9b4ff4a738b8f39d', '0,1,15cd0adab778496b9b4ff4a738b8f39d,', '', '30', '', '', '', '1', '', '1', '2017-05-16 11:25:36', '1', '2017-05-16 11:25:36', '', '0');
INSERT INTO `sys_menu` VALUES ('23f248167e5d4b1aabdf27c06096c2d1', '235258040b6a4472bb3bfff566dbf433', '0,1,15cd0adab778496b9b4ff4a738b8f39d,235258040b6a4472bb3bfff566dbf433,', '', '60', '/air/tbCO', '', '', '1', 'air:tbCO:view,air:tbCO:edit', '1', '2017-05-16 11:27:57', '1', '2017-05-16 11:27:57', '', '0');
INSERT INTO `sys_menu` VALUES ('24', '23', '0,1,2,23', '', '30', 'http://jeesite.com', '_blank', null, '0', null, '1', '2013-05-27 08:00:00', '1', '2013-05-27 08:00:00', null, '0');
INSERT INTO `sys_menu` VALUES ('25', '23', '0,1,2,23', '', '50', 'http://jeesite.com/donation.html', '_blank', null, '0', null, '1', '2013-05-27 08:00:00', '1', '2013-05-27 08:00:00', null, '1');
INSERT INTO `sys_menu` VALUES ('26', '23', '0,1,2,23', '', '80', 'http://bbs.jeesite.com', '_blank', null, '0', null, '1', '2013-05-27 08:00:00', '1', '2013-05-27 08:00:00', null, '1');
INSERT INTO `sys_menu` VALUES ('27', '1', '0,1,', '', '5090', '', '', '', '1', '', '1', '2013-05-27 08:00:00', '1', '2017-03-28 22:13:01', '', '0');
INSERT INTO `sys_menu` VALUES ('28', '27', '0,1,27,', '', '30', null, null, null, '1', null, '1', '2013-05-27 08:00:00', '1', '2013-05-27 08:00:00', null, '0');
INSERT INTO `sys_menu` VALUES ('2814c1f03c9444fda4f93c21fc46222b', '235258040b6a4472bb3bfff566dbf433', '0,1,15cd0adab778496b9b4ff4a738b8f39d,235258040b6a4472bb3bfff566dbf433,', '', '180', '/air/tbTempHum', '', '', '1', 'air:tbTempHum:view,air:tbTempHum:edit', '1', '2017-05-16 11:30:29', '1', '2017-05-16 11:30:29', '', '0');
INSERT INTO `sys_menu` VALUES ('29', '28', '0,1,27,28,', '', '30', '/sys/user/info', null, 'user', '1', null, '1', '2013-05-27 08:00:00', '1', '2013-05-27 08:00:00', null, '0');
INSERT INTO `sys_menu` VALUES ('2d88c9172ca140698821d554ac747b03', '1', '0,1,', '', '5030', '', '', '', '1', '', '1', '2017-03-28 22:13:50', '1', '2017-03-28 22:13:50', '', '0');
INSERT INTO `sys_menu` VALUES ('3', '2', '0,1,2,', '', '980', null, null, null, '1', null, '1', '2013-05-27 08:00:00', '1', '2013-05-27 08:00:00', null, '0');
INSERT INTO `sys_menu` VALUES ('30', '28', '0,1,27,28,', '', '40', '/sys/user/modifyPwd', null, 'lock', '1', null, '1', '2013-05-27 08:00:00', '1', '2013-05-27 08:00:00', null, '0');
INSERT INTO `sys_menu` VALUES ('31', '1', '0,1,', '', '500', null, null, null, '1', null, '1', '2013-05-27 08:00:00', '1', '2013-05-27 08:00:00', null, '0');
INSERT INTO `sys_menu` VALUES ('32', '31', '0,1,31,', '', '990', null, null, null, '1', null, '1', '2013-05-27 08:00:00', '1', '2013-05-27 08:00:00', null, '0');
INSERT INTO `sys_menu` VALUES ('33', '32', '0,1,31,32', '', '30', '/cms/category/', null, 'align-justify', '1', null, '1', '2013-05-27 08:00:00', '1', '2013-05-27 08:00:00', null, '0');
INSERT INTO `sys_menu` VALUES ('34', '33', '0,1,31,32,33,', '', '30', null, null, null, '0', 'cms:category:view', '1', '2013-05-27 08:00:00', '1', '2013-05-27 08:00:00', null, '0');
INSERT INTO `sys_menu` VALUES ('35', '33', '0,1,31,32,33,', '', '40', null, null, null, '0', 'cms:category:edit', '1', '2013-05-27 08:00:00', '1', '2013-05-27 08:00:00', null, '0');
INSERT INTO `sys_menu` VALUES ('36', '32', '0,1,31,32', '', '40', '/cms/site/', null, 'certificate', '1', null, '1', '2013-05-27 08:00:00', '1', '2013-05-27 08:00:00', null, '0');
INSERT INTO `sys_menu` VALUES ('37', '36', '0,1,31,32,36,', '', '30', null, null, null, '0', 'cms:site:view', '1', '2013-05-27 08:00:00', '1', '2013-05-27 08:00:00', null, '0');
INSERT INTO `sys_menu` VALUES ('38', '36', '0,1,31,32,36,', '', '40', null, null, null, '0', 'cms:site:edit', '1', '2013-05-27 08:00:00', '1', '2013-05-27 08:00:00', null, '0');
INSERT INTO `sys_menu` VALUES ('39', '32', '0,1,31,32', '', '50', '/cms/site/select', null, 'retweet', '1', 'cms:site:select', '1', '2013-05-27 08:00:00', '1', '2013-05-27 08:00:00', null, '0');
INSERT INTO `sys_menu` VALUES ('3c92c17886944d0687e73e286cada573', '79', '0,1,79,', '', '120', '', '', '', '1', '', '1', '2013-08-12 13:10:05', '1', '2013-08-12 13:10:05', '', '0');
INSERT INTO `sys_menu` VALUES ('4', '3', '0,1,2,3,', '', '30', '/sys/menu/', null, 'list-alt', '1', null, '1', '2013-05-27 08:00:00', '1', '2013-05-27 08:00:00', null, '0');
INSERT INTO `sys_menu` VALUES ('40', '31', '0,1,31,', '', '500', null, null, null, '1', 'cms:view', '1', '2013-05-27 08:00:00', '1', '2013-05-27 08:00:00', null, '0');
INSERT INTO `sys_menu` VALUES ('41', '40', '0,1,31,40,', '', '30', '/cms/', null, 'briefcase', '1', null, '1', '2013-05-27 08:00:00', '1', '2013-05-27 08:00:00', null, '0');
INSERT INTO `sys_menu` VALUES ('42', '41', '0,1,31,40,41,', '', '40', '/cms/article/', null, 'file', '0', null, '1', '2013-05-27 08:00:00', '1', '2013-05-27 08:00:00', null, '0');
INSERT INTO `sys_menu` VALUES ('43', '42', '0,1,31,40,41,42,', '', '30', null, null, null, '0', 'cms:article:view', '1', '2013-05-27 08:00:00', '1', '2013-05-27 08:00:00', null, '0');
INSERT INTO `sys_menu` VALUES ('44', '42', '0,1,31,40,41,42,', '', '40', null, null, null, '0', 'cms:article:edit', '1', '2013-05-27 08:00:00', '1', '2013-05-27 08:00:00', null, '0');
INSERT INTO `sys_menu` VALUES ('45', '42', '0,1,31,40,41,42,', '', '50', null, null, null, '0', 'cms:article:audit', '1', '2013-05-27 08:00:00', '1', '2013-05-27 08:00:00', null, '0');
INSERT INTO `sys_menu` VALUES ('46', '41', '0,1,31,40,41,', '', '60', '/cms/link/', null, 'random', '0', null, '1', '2013-05-27 08:00:00', '1', '2013-05-27 08:00:00', null, '0');
INSERT INTO `sys_menu` VALUES ('47', '46', '0,1,31,40,41,46,', '', '30', null, null, null, '0', 'cms:link:view', '1', '2013-05-27 08:00:00', '1', '2013-05-27 08:00:00', null, '0');
INSERT INTO `sys_menu` VALUES ('48', '46', '0,1,31,40,41,46,', '', '40', null, null, null, '0', 'cms:link:edit', '1', '2013-05-27 08:00:00', '1', '2013-05-27 08:00:00', null, '0');
INSERT INTO `sys_menu` VALUES ('4855cf3b25c244fb8500a380db189d97', 'b1f6d1b86ba24365bae7fd86c5082317', '0,1,79,3c92c17886944d0687e73e286cada573,b1f6d1b86ba24365bae7fd86c5082317,', '', '30', '', '', '', '0', 'test:testDataMain:view', '1', '2013-08-12 13:10:05', '1', '2013-08-12 13:10:05', '', '0');
INSERT INTO `sys_menu` VALUES ('49', '46', '0,1,31,40,41,46,', '', '50', null, null, null, '0', 'cms:link:audit', '1', '2013-05-27 08:00:00', '1', '2013-05-27 08:00:00', null, '0');
INSERT INTO `sys_menu` VALUES ('4ccad291e90947cfa8329401e910776a', '914f5cb71eb34853b23ab5bf02288472', '0,1,e9654effd756439e9b0fc52d1712a541,914f5cb71eb34853b23ab5bf02288472,', 'CO2', '30', '/air/tbCO2', '', '', '1', 'air:tbCO2:view,air:tbCO2:edit', '1', '2017-04-27 09:52:01', '1', '2017-04-27 09:52:01', '', '1');
INSERT INTO `sys_menu` VALUES ('5', '4', '0,1,2,3,4,', '', '30', null, null, null, '0', 'sys:menu:view', '1', '2013-05-27 08:00:00', '1', '2013-05-27 08:00:00', null, '0');
INSERT INTO `sys_menu` VALUES ('50', '40', '0,1,31,40,', '', '40', '/cms/comment/?status=2', null, 'comment', '1', null, '1', '2013-05-27 08:00:00', '1', '2013-05-27 08:00:00', null, '0');
INSERT INTO `sys_menu` VALUES ('51', '50', '0,1,31,40,50,', '', '30', null, null, null, '0', 'cms:comment:view', '1', '2013-05-27 08:00:00', '1', '2013-05-27 08:00:00', null, '0');
INSERT INTO `sys_menu` VALUES ('5157a35979224786a22bec2af1a74006', 'd21412d5028e49a5bf23c995b5d4f15a', '0,1,2d88c9172ca140698821d554ac747b03,d21412d5028e49a5bf23c995b5d4f15a,', '', '30', '/sys/user/index', '', '', '1', 'sys:user:view,sys:user:edit', '1', '2017-04-30 21:52:14', '1', '2017-04-30 21:52:14', '', '0');
INSERT INTO `sys_menu` VALUES ('52', '50', '0,1,31,40,50,', '', '40', null, null, null, '0', 'cms:comment:edit', '1', '2013-05-27 08:00:00', '1', '2013-05-27 08:00:00', null, '0');
INSERT INTO `sys_menu` VALUES ('53', '40', '0,1,31,40,', '', '80', '/cms/guestbook/?status=2', null, 'glass', '1', null, '1', '2013-05-27 08:00:00', '1', '2013-05-27 08:00:00', null, '0');
INSERT INTO `sys_menu` VALUES ('54', '53', '0,1,31,40,53,', '', '30', null, null, null, '0', 'cms:guestbook:view', '1', '2013-05-27 08:00:00', '1', '2013-05-27 08:00:00', null, '0');
INSERT INTO `sys_menu` VALUES ('55', '53', '0,1,31,40,53,', '', '40', null, null, null, '0', 'cms:guestbook:edit', '1', '2013-05-27 08:00:00', '1', '2013-05-27 08:00:00', null, '0');
INSERT INTO `sys_menu` VALUES ('56', '71', '0,1,27,71,', '', '90', '/../static/ckfinder/ckfinder.html', null, 'folder-open', '1', null, '1', '2013-05-27 08:00:00', '1', '2013-05-27 08:00:00', null, '0');
INSERT INTO `sys_menu` VALUES ('57', '56', '0,1,27,40,56,', '', '30', null, null, null, '0', 'cms:ckfinder:view', '1', '2013-05-27 08:00:00', '1', '2013-05-27 08:00:00', null, '0');
INSERT INTO `sys_menu` VALUES ('58', '56', '0,1,27,40,56,', '', '40', null, null, null, '0', 'cms:ckfinder:upload', '1', '2013-05-27 08:00:00', '1', '2013-05-27 08:00:00', null, '0');
INSERT INTO `sys_menu` VALUES ('59', '56', '0,1,27,40,56,', '', '50', null, null, null, '0', 'cms:ckfinder:edit', '1', '2013-05-27 08:00:00', '1', '2013-05-27 08:00:00', null, '0');
INSERT INTO `sys_menu` VALUES ('6', '4', '0,1,2,3,4,', '', '40', null, null, null, '0', 'sys:menu:edit', '1', '2013-05-27 08:00:00', '1', '2013-05-27 08:00:00', null, '0');
INSERT INTO `sys_menu` VALUES ('60', '31', '0,1,31,', '', '600', null, null, null, '1', null, '1', '2013-05-27 08:00:00', '1', '2013-05-27 08:00:00', null, '0');
INSERT INTO `sys_menu` VALUES ('61', '60', '0,1,31,60,', '', '30', '/cms/stats/article', null, 'tasks', '1', 'cms:stats:article', '1', '2013-05-27 08:00:00', '1', '2013-05-27 08:00:00', null, '0');
INSERT INTO `sys_menu` VALUES ('62', '1', '0,1,', '', '200', null, null, null, '1', null, '1', '2013-05-27 08:00:00', '1', '2013-05-27 08:00:00', null, '0');
INSERT INTO `sys_menu` VALUES ('63', '62', '0,1,62,', '', '30', null, null, null, '1', null, '1', '2013-05-27 08:00:00', '1', '2013-05-27 08:00:00', null, '0');
INSERT INTO `sys_menu` VALUES ('64', '63', '0,1,62,63,', '', '300', '/oa/leave', null, 'leaf', '0', null, '1', '2013-05-27 08:00:00', '1', '2013-05-27 08:00:00', null, '0');
INSERT INTO `sys_menu` VALUES ('65', '64', '0,1,62,63,64,', '', '30', null, null, null, '0', 'oa:leave:view', '1', '2013-05-27 08:00:00', '1', '2013-05-27 08:00:00', null, '0');
INSERT INTO `sys_menu` VALUES ('66', '64', '0,1,62,63,64,', '', '40', null, null, null, '0', 'oa:leave:edit', '1', '2013-05-27 08:00:00', '1', '2013-05-27 08:00:00', null, '0');
INSERT INTO `sys_menu` VALUES ('67', '2', '0,1,2,', '', '985', null, null, null, '1', null, '1', '2013-06-03 08:00:00', '1', '2013-06-03 08:00:00', null, '0');
INSERT INTO `sys_menu` VALUES ('68', '67', '0,1,2,67,', '', '30', '/sys/log', null, 'pencil', '1', 'sys:log:view', '1', '2013-06-03 08:00:00', '1', '2013-06-03 08:00:00', null, '0');
INSERT INTO `sys_menu` VALUES ('69', '62', '0,1,62,', '', '300', null, null, null, '1', null, '1', '2013-05-27 08:00:00', '1', '2013-05-27 08:00:00', null, '0');
INSERT INTO `sys_menu` VALUES ('7', '3', '0,1,2,3,', '', '50', '/sys/role/', null, 'lock', '1', null, '1', '2013-05-27 08:00:00', '1', '2013-05-27 08:00:00', null, '0');
INSERT INTO `sys_menu` VALUES ('70', '69', '0,1,62,69,', '', '50', '/act/process', null, 'road', '1', 'act:process:edit', '1', '2013-05-27 08:00:00', '1', '2013-05-27 08:00:00', null, '0');
INSERT INTO `sys_menu` VALUES ('71', '27', '0,1,27,', '', '90', null, null, null, '1', null, '1', '2013-05-27 08:00:00', '1', '2013-05-27 08:00:00', null, '0');
INSERT INTO `sys_menu` VALUES ('72', '69', '0,1,62,69,', '', '100', '/act/model', null, 'road', '1', 'act:model:edit', '1', '2013-09-20 08:00:00', '1', '2013-09-20 08:00:00', null, '0');
INSERT INTO `sys_menu` VALUES ('73', '63', '0,1,62,63,', '', '50', '/act/task/todo/', null, 'tasks', '1', null, '1', '2013-09-24 08:00:00', '1', '2013-09-24 08:00:00', null, '0');
INSERT INTO `sys_menu` VALUES ('74', '63', '0,1,62,63,', '', '100', '/oa/testAudit', null, null, '1', 'oa:testAudit:view,oa:testAudit:edit', '1', '2013-09-24 08:00:00', '1', '2013-09-24 08:00:00', null, '0');
INSERT INTO `sys_menu` VALUES ('7453b9ad859a4b3b816aa3d0da770dca', 'e9654effd756439e9b0fc52d1712a541', '0,1,e9654effd756439e9b0fc52d1712a541,', 'PM2.5', '90', '', '', '', '1', '', '1', '2017-04-27 09:51:03', '1', '2017-04-27 09:51:03', '', '1');
INSERT INTO `sys_menu` VALUES ('75', '1', '0,1,', '', '3000', null, null, null, '1', null, '1', '2013-10-08 08:00:00', '1', '2013-10-08 08:00:00', null, '1');
INSERT INTO `sys_menu` VALUES ('79', '1', '0,1,', '', '5000', null, null, null, '1', null, '1', '2013-10-16 08:00:00', '1', '2013-10-16 08:00:00', null, '0');
INSERT INTO `sys_menu` VALUES ('7a3f96c1f8fb4f5495bee84f90ba20df', '7453b9ad859a4b3b816aa3d0da770dca', '0,1,e9654effd756439e9b0fc52d1712a541,7453b9ad859a4b3b816aa3d0da770dca,', 'PM2.5', '30', '/air/tbPm25', '', '', '1', 'air:tbPm25:view,air:tbPm25:edit', '1', '2017-04-27 09:52:41', '1', '2017-04-27 09:52:41', '', '1');
INSERT INTO `sys_menu` VALUES ('8', '7', '0,1,2,3,7,', '', '30', null, null, null, '0', 'sys:role:view', '1', '2013-05-27 08:00:00', '1', '2013-05-27 08:00:00', null, '0');
INSERT INTO `sys_menu` VALUES ('80', '79', '0,1,79,', '', '50', null, null, null, '1', null, '1', '2013-10-16 08:00:00', '1', '2013-10-16 08:00:00', null, '0');
INSERT INTO `sys_menu` VALUES ('81', '80', '0,1,79,80,', '', '30', '/gen/genScheme', null, null, '1', 'gen:genScheme:view,gen:genScheme:edit', '1', '2013-10-16 08:00:00', '1', '2013-10-16 08:00:00', null, '0');
INSERT INTO `sys_menu` VALUES ('82', '80', '0,1,79,80,', '', '20', '/gen/genTable', null, null, '1', 'gen:genTable:view,gen:genTable:edit,gen:genTableColumn:view,gen:genTableColumn:edit', '1', '2013-10-16 08:00:00', '1', '2013-10-16 08:00:00', null, '0');
INSERT INTO `sys_menu` VALUES ('83', '80', '0,1,79,80,', '', '90', '/gen/genTemplate', null, null, '1', 'gen:genTemplate:view,gen:genTemplate:edit', '1', '2013-10-16 08:00:00', '1', '2013-10-16 08:00:00', null, '1');
INSERT INTO `sys_menu` VALUES ('83b397b40cd842cfaf1f9317f1383c69', 'd39e0ea5c8944053a0ebeb1b8e9e77ac', '0,1,15cd0adab778496b9b4ff4a738b8f39d,d39e0ea5c8944053a0ebeb1b8e9e77ac,', '', '90', '/air/tbHCHO/listDel', '', '', '1', 'air:tbHCHO:view,air:tbHCHO:edit', '1', '2017-05-16 11:33:16', '1', '2017-05-16 11:33:16', '', '0');
INSERT INTO `sys_menu` VALUES ('84', '67', '0,1,2,67,', '', '40', '/../druid', null, null, '1', null, '1', '2013-10-18 08:00:00', '1', '2013-10-18 08:00:00', null, '0');
INSERT INTO `sys_menu` VALUES ('84ce019647c14ab9b8901516ff58c8ba', 'd39e0ea5c8944053a0ebeb1b8e9e77ac', '0,1,15cd0adab778496b9b4ff4a738b8f39d,d39e0ea5c8944053a0ebeb1b8e9e77ac,', '', '180', '/air/tbTempHum/listDel', '', '', '1', 'air:tbTempHum:view,air:tbTempHum:edit', '1', '2017-05-16 11:35:18', '1', '2017-05-16 11:35:18', '', '0');
INSERT INTO `sys_menu` VALUES ('85', '76', '0,1,75,76,', '', '80', '/../static/map/map-city.html', null, null, '1', null, '1', '2013-10-22 08:00:00', '1', '2013-10-22 08:00:00', null, '0');
INSERT INTO `sys_menu` VALUES ('86', '75', '0,1,75,', '', '50', null, null, null, '1', null, '1', '2013-10-22 08:00:00', '1', '2013-10-22 08:00:00', null, '1');
INSERT INTO `sys_menu` VALUES ('87', '86', '0,1,75,86,', '', '30', '/test/test/form', null, null, '1', 'test:test:view,test:test:edit', '1', '2013-10-22 08:00:00', '1', '2013-10-22 08:00:00', null, '1');
INSERT INTO `sys_menu` VALUES ('87c214b1bac8466ebd2fd6144f26543a', 'd39e0ea5c8944053a0ebeb1b8e9e77ac', '0,1,15cd0adab778496b9b4ff4a738b8f39d,d39e0ea5c8944053a0ebeb1b8e9e77ac,', '', '30', '/air/tbCO2/listDel', '', '', '1', 'air:tbCO2:view,air:tbCO2:edit', '1', '2017-05-16 11:31:51', '1', '2017-05-16 11:35:45', '', '0');
INSERT INTO `sys_menu` VALUES ('88', '62', '0,1,62,', '', '20', '', '', '', '1', '', '1', '2013-11-08 08:00:00', '1', '2013-11-08 08:00:00', null, '0');
INSERT INTO `sys_menu` VALUES ('89', '88', '0,1,62,88,', '', '30', '/oa/oaNotify/self', '', '', '1', '', '1', '2013-11-08 08:00:00', '1', '2013-11-08 08:00:00', null, '0');
INSERT INTO `sys_menu` VALUES ('8b25d5f931bd48919c77a30070d518b7', 'e9654effd756439e9b0fc52d1712a541', '0,1,e9654effd756439e9b0fc52d1712a541,', '', '120', '', '', '', '1', '', '1', '2017-04-27 09:51:15', '1', '2017-04-27 09:51:15', '', '1');
INSERT INTO `sys_menu` VALUES ('9', '7', '0,1,2,3,7,', '', '40', null, null, null, '0', 'sys:role:edit', '1', '2013-05-27 08:00:00', '1', '2013-05-27 08:00:00', null, '0');
INSERT INTO `sys_menu` VALUES ('90', '88', '0,1,62,88,', '', '50', '/oa/oaNotify', '', '', '1', 'oa:oaNotify:view,oa:oaNotify:edit', '1', '2013-11-08 08:00:00', '1', '2013-11-08 08:00:00', null, '0');
INSERT INTO `sys_menu` VALUES ('914f5cb71eb34853b23ab5bf02288472', 'e9654effd756439e9b0fc52d1712a541', '0,1,e9654effd756439e9b0fc52d1712a541,', 'CO2', '60', '', '', '', '1', '', '1', '2017-04-27 09:50:47', '1', '2017-04-27 09:50:47', '', '1');
INSERT INTO `sys_menu` VALUES ('a57918ef0ff247ff82263e024b38265e', 'cff85f7ed82746eea32664bcc9b8d677', '0,1,cff85f7ed82746eea32664bcc9b8d677,', '', '30', '', '', '', '1', '', '1', '2017-05-16 11:38:21', '1', '2017-05-16 11:38:21', '', '0');
INSERT INTO `sys_menu` VALUES ('ab97fe38af8945e2bb20d1e074fb4e42', '187f7d9f90b84bbd918418dee3b2367a', '0,1,b996f4e18d0c4c5998586f1055c98230,187f7d9f90b84bbd918418dee3b2367a,', '', '30', '/sys/role/', '', '', '1', 'sys:role:view,sys:role:edit', '1', '2017-04-30 21:53:14', '1', '2017-04-30 21:53:14', '', '0');
INSERT INTO `sys_menu` VALUES ('afab2db430e2457f9cf3a11feaa8b869', '0ca004d6b1bf4bcab9670a5060d82a55', '0,1,79,3c92c17886944d0687e73e286cada573,0ca004d6b1bf4bcab9670a5060d82a55,', '', '60', '', '', '', '0', 'test:testTree:edit', '1', '2013-08-12 13:10:05', '1', '2013-08-12 13:10:05', '', '0');
INSERT INTO `sys_menu` VALUES ('b1f6d1b86ba24365bae7fd86c5082317', '3c92c17886944d0687e73e286cada573', '0,1,79,3c92c17886944d0687e73e286cada573,', '', '60', '/test/testDataMain', '', '', '1', '', '1', '2013-08-12 13:10:05', '1', '2013-08-12 13:10:05', '', '0');
INSERT INTO `sys_menu` VALUES ('b996f4e18d0c4c5998586f1055c98230', '1', '0,1,', '', '5060', '', '', '', '1', '', '1', '2017-03-28 22:13:57', '1', '2017-03-28 22:13:57', '', '0');
INSERT INTO `sys_menu` VALUES ('ba8092291b40482db8fe7fc006ea3d76', '3c92c17886944d0687e73e286cada573', '0,1,79,3c92c17886944d0687e73e286cada573,', '', '30', '/test/testData', '', '', '1', '', '1', '2013-08-12 13:10:05', '1', '2013-08-12 13:10:05', '', '0');
INSERT INTO `sys_menu` VALUES ('bd14f7ed12ef4a1d963a50e61f5a6fba', '235258040b6a4472bb3bfff566dbf433', '0,1,15cd0adab778496b9b4ff4a738b8f39d,235258040b6a4472bb3bfff566dbf433,', '', '30', '/air/tbCO2', '', '', '1', 'air:tbCO2:view,air:tbCO2:edit', '1', '2017-05-16 11:27:29', '1', '2017-05-16 11:27:29', '', '0');
INSERT INTO `sys_menu` VALUES ('c2e4d9082a0b4386884a0b203afe2c5c', '0ca004d6b1bf4bcab9670a5060d82a55', '0,1,79,3c92c17886944d0687e73e286cada573,0ca004d6b1bf4bcab9670a5060d82a55,', '', '30', '', '', '', '0', 'test:testTree:view', '1', '2013-08-12 13:10:05', '1', '2013-08-12 13:10:05', '', '0');
INSERT INTO `sys_menu` VALUES ('c4145d6f93b848bf987cdd40056fca55', 'd39e0ea5c8944053a0ebeb1b8e9e77ac', '0,1,15cd0adab778496b9b4ff4a738b8f39d,d39e0ea5c8944053a0ebeb1b8e9e77ac,', 'PM10', '120', '/air/tbHCHO/listDel', '', '', '1', 'air:tbHCHO:view,air:tbHCHO:edit', '1', '2017-05-16 11:34:03', '1', '2017-05-16 11:34:03', '', '0');
INSERT INTO `sys_menu` VALUES ('cb1acf1e176f4b0895f6aea1ee97b797', '235258040b6a4472bb3bfff566dbf433', '0,1,15cd0adab778496b9b4ff4a738b8f39d,235258040b6a4472bb3bfff566dbf433,', '', '150', '/air/tbSO2', '', '', '1', 'air:tbSO2:view,air:tbSO2:edit', '1', '2017-05-16 11:30:00', '1', '2017-05-16 11:30:00', '', '0');
INSERT INTO `sys_menu` VALUES ('cddee98caf8c45ccaa5b3f2fcbed4d63', 'd39e0ea5c8944053a0ebeb1b8e9e77ac', '0,1,15cd0adab778496b9b4ff4a738b8f39d,d39e0ea5c8944053a0ebeb1b8e9e77ac,', '', '60', '/air/tbCO/listDel', '', '', '1', 'air:tbCO:view,air:tbCO:edit', '1', '2017-05-16 11:32:36', '1', '2017-05-16 11:32:36', '', '0');
INSERT INTO `sys_menu` VALUES ('cff85f7ed82746eea32664bcc9b8d677', '1', '0,1,', '', '5150', '', '', '', '1', '', '1', '2017-05-16 11:38:13', '1', '2017-05-16 11:38:13', '', '0');
INSERT INTO `sys_menu` VALUES ('d15ec45a4c5449c3bbd7a61d5f9dd1d2', 'b1f6d1b86ba24365bae7fd86c5082317', '0,1,79,3c92c17886944d0687e73e286cada573,b1f6d1b86ba24365bae7fd86c5082317,', '', '60', '', '', '', '0', 'test:testDataMain:edit', '1', '2013-08-12 13:10:05', '1', '2013-08-12 13:10:05', '', '0');
INSERT INTO `sys_menu` VALUES ('d21412d5028e49a5bf23c995b5d4f15a', '2d88c9172ca140698821d554ac747b03', '0,1,2d88c9172ca140698821d554ac747b03,', '', '30', '', '', '', '1', '', '1', '2017-04-30 21:51:20', '1', '2017-04-30 21:51:20', '', '0');
INSERT INTO `sys_menu` VALUES ('d39e0ea5c8944053a0ebeb1b8e9e77ac', '15cd0adab778496b9b4ff4a738b8f39d', '0,1,15cd0adab778496b9b4ff4a738b8f39d,', '', '60', '', '', '', '1', '', '1', '2017-05-16 11:25:47', '1', '2017-05-16 11:25:47', '', '0');
INSERT INTO `sys_menu` VALUES ('db2b02e95fa141e0960f8cdd46a1481e', '235258040b6a4472bb3bfff566dbf433', '0,1,15cd0adab778496b9b4ff4a738b8f39d,235258040b6a4472bb3bfff566dbf433,', 'PM10', '120', '/air/tbPM10', '', '', '1', 'air:tbPM10:view,air:tbPM10:edit', '1', '2017-05-16 11:29:20', '1', '2017-05-16 11:29:20', '', '0');
INSERT INTO `sys_menu` VALUES ('df7ce823c5b24ff9bada43d992f373e2', 'ba8092291b40482db8fe7fc006ea3d76', '0,1,79,3c92c17886944d0687e73e286cada573,ba8092291b40482db8fe7fc006ea3d76,', '', '30', '', '', '', '0', 'test:testData:view', '1', '2013-08-12 13:10:05', '1', '2013-08-12 13:10:05', '', '0');
INSERT INTO `sys_menu` VALUES ('e7973ac093204f428e1c2a49f7a06087', 'd39e0ea5c8944053a0ebeb1b8e9e77ac', '0,1,15cd0adab778496b9b4ff4a738b8f39d,d39e0ea5c8944053a0ebeb1b8e9e77ac,', '', '150', '/air/tbSO2/listDel', '', '', '1', 'air:tbSO2:view,air:tbSO2:edit', '1', '2017-05-16 11:34:45', '1', '2017-05-16 11:34:45', '', '0');
INSERT INTO `sys_menu` VALUES ('e9654effd756439e9b0fc52d1712a541', '1', '0,1,', '', '100', '', '', '', '1', '', '1', '2017-03-28 22:14:11', '1', '2017-03-28 22:14:11', '', '0');
INSERT INTO `sys_menu` VALUES ('edc29fbc350d4ed69b5c85c389f3a485', 'a57918ef0ff247ff82263e024b38265e', '0,1,cff85f7ed82746eea32664bcc9b8d677,a57918ef0ff247ff82263e024b38265e,', '', '30', '/air/tbNode', '', '', '1', 'air:tbNode:view,air:tbNode:edit', '1', '2017-05-16 11:38:48', '1', '2017-05-16 11:38:48', '', '0');
INSERT INTO `sys_menu` VALUES ('ee1e124aeb5b4f9c9461fc3c1bb185e8', 'e9654effd756439e9b0fc52d1712a541', '0,1,e9654effd756439e9b0fc52d1712a541,', '', '30', '', '', '', '1', '', '1', '2017-04-27 09:50:34', '1', '2017-04-27 09:50:34', '', '0');
INSERT INTO `sys_menu` VALUES ('fe9a5da8f8024a1bb139201940242d14', '8b25d5f931bd48919c77a30070d518b7', '0,1,e9654effd756439e9b0fc52d1712a541,8b25d5f931bd48919c77a30070d518b7,', '', '30', '/air/tbTempHum', '', '', '1', 'air:tbTempHum:view,air:tbTempHum:edit', '1', '2017-04-27 09:53:14', '1', '2017-04-27 09:53:14', '', '1');

-- ----------------------------
-- Table structure for sys_office
-- ----------------------------
DROP TABLE IF EXISTS `sys_office`;
CREATE TABLE `sys_office` (
  `id` varchar(64) COLLATE utf8_bin NOT NULL COMMENT '',
  `parent_id` varchar(64) COLLATE utf8_bin NOT NULL COMMENT '',
  `parent_ids` varchar(2000) COLLATE utf8_bin NOT NULL COMMENT '',
  `name` varchar(100) COLLATE utf8_bin NOT NULL COMMENT '',
  `sort` decimal(10,0) NOT NULL COMMENT '',
  `area_id` varchar(64) COLLATE utf8_bin NOT NULL COMMENT '',
  `code` varchar(100) COLLATE utf8_bin DEFAULT NULL COMMENT '',
  `type` char(1) COLLATE utf8_bin NOT NULL COMMENT '',
  `grade` char(1) COLLATE utf8_bin NOT NULL COMMENT '',
  `address` varchar(255) COLLATE utf8_bin DEFAULT NULL COMMENT '',
  `zip_code` varchar(100) COLLATE utf8_bin DEFAULT NULL COMMENT '',
  `master` varchar(100) COLLATE utf8_bin DEFAULT NULL COMMENT '',
  `phone` varchar(200) COLLATE utf8_bin DEFAULT NULL COMMENT '',
  `fax` varchar(200) COLLATE utf8_bin DEFAULT NULL COMMENT '',
  `email` varchar(200) COLLATE utf8_bin DEFAULT NULL COMMENT '',
  `USEABLE` varchar(64) COLLATE utf8_bin DEFAULT NULL COMMENT '',
  `PRIMARY_PERSON` varchar(64) COLLATE utf8_bin DEFAULT NULL COMMENT '',
  `DEPUTY_PERSON` varchar(64) COLLATE utf8_bin DEFAULT NULL COMMENT '',
  `create_by` varchar(64) COLLATE utf8_bin NOT NULL COMMENT '',
  `create_date` datetime NOT NULL COMMENT '',
  `update_by` varchar(64) COLLATE utf8_bin NOT NULL COMMENT '',
  `update_date` datetime NOT NULL COMMENT '',
  `remarks` varchar(255) COLLATE utf8_bin DEFAULT NULL COMMENT '',
  `del_flag` char(1) COLLATE utf8_bin NOT NULL DEFAULT '0' COMMENT '',
  PRIMARY KEY (`id`),
  KEY `sys_office_parent_id` (`parent_id`),
  KEY `sys_office_del_flag` (`del_flag`),
  KEY `sys_office_type` (`type`)
) ENGINE=InnoDB DEFAULT CHARSET=utf8 COLLATE=utf8_bin COMMENT='';

-- ----------------------------
-- Records of sys_office
-- ----------------------------
INSERT INTO `sys_office` VALUES ('1', '0', '0,', '', '10', '2', '100000', '1', '1', null, null, null, null, null, null, '1', null, null, '1', '2013-05-27 08:00:00', '1', '2013-05-27 08:00:00', null, '1');
INSERT INTO `sys_office` VALUES ('10', '7', '0,1,7,', '', '30', '3', '200003', '2', '2', null, null, null, null, null, null, '1', null, null, '1', '2013-05-27 08:00:00', '1', '2013-05-27 08:00:00', null, '1');
INSERT INTO `sys_office` VALUES ('11', '7', '0,1,7,', '', '40', '3', '200004', '2', '2', null, null, null, null, null, null, '1', null, null, '1', '2013-05-27 08:00:00', '1', '2013-05-27 08:00:00', null, '1');
INSERT INTO `sys_office` VALUES ('12', '7', '0,1,7,', '', '0', '4', '201000', '1', '3', null, null, null, null, null, null, '1', null, null, '1', '2013-05-27 08:00:00', '1', '2013-05-27 08:00:00', null, '1');
INSERT INTO `sys_office` VALUES ('13', '12', '0,1,7,12,', '', '10', '4', '201001', '2', '3', null, null, null, null, null, null, '1', null, null, '1', '2013-05-27 08:00:00', '1', '2013-05-27 08:00:00', null, '1');
INSERT INTO `sys_office` VALUES ('14', '12', '0,1,7,12,', '', '20', '4', '201002', '2', '3', null, null, null, null, null, null, '1', null, null, '1', '2013-05-27 08:00:00', '1', '2013-05-27 08:00:00', null, '1');
INSERT INTO `sys_office` VALUES ('15', '12', '0,1,7,12,', '', '30', '4', '201003', '2', '3', null, null, null, null, null, null, '1', null, null, '1', '2013-05-27 08:00:00', '1', '2013-05-27 08:00:00', null, '1');
INSERT INTO `sys_office` VALUES ('16', '12', '0,1,7,12,', '', '40', '4', '201004', '2', '3', null, null, null, null, null, null, '1', null, null, '1', '2013-05-27 08:00:00', '1', '2013-05-27 08:00:00', null, '1');
INSERT INTO `sys_office` VALUES ('17', '7', '0,1,7,', '', '40', '5', '201010', '1', '3', null, null, null, null, null, null, '1', null, null, '1', '2013-05-27 08:00:00', '1', '2013-05-27 08:00:00', null, '1');
INSERT INTO `sys_office` VALUES ('18', '17', '0,1,7,17,', '', '10', '5', '201011', '2', '3', null, null, null, null, null, null, '1', null, null, '1', '2013-05-27 08:00:00', '1', '2013-05-27 08:00:00', null, '1');
INSERT INTO `sys_office` VALUES ('19', '17', '0,1,7,17,', '', '20', '5', '201012', '2', '3', null, null, null, null, null, null, '1', null, null, '1', '2013-05-27 08:00:00', '1', '2013-05-27 08:00:00', null, '1');
INSERT INTO `sys_office` VALUES ('2', '1', '0,1,', '', '10', '2', '100001', '2', '1', null, null, null, null, null, null, '1', null, null, '1', '2013-05-27 08:00:00', '1', '2013-05-27 08:00:00', null, '1');
INSERT INTO `sys_office` VALUES ('20', '17', '0,1,7,17,', '', '30', '5', '201013', '2', '3', null, null, null, null, null, null, '1', null, null, '1', '2013-05-27 08:00:00', '1', '2013-05-27 08:00:00', null, '1');
INSERT INTO `sys_office` VALUES ('21', '17', '0,1,7,17,', '', '40', '5', '201014', '2', '3', null, null, null, null, null, null, '1', null, null, '1', '2013-05-27 08:00:00', '1', '2013-05-27 08:00:00', null, '1');
INSERT INTO `sys_office` VALUES ('22', '7', '0,1,7,', '', '50', '6', '201010', '1', '3', null, null, null, null, null, null, '1', null, null, '1', '2013-05-27 08:00:00', '1', '2013-05-27 08:00:00', null, '1');
INSERT INTO `sys_office` VALUES ('23', '22', '0,1,7,22,', '', '10', '6', '201011', '2', '3', null, null, null, null, null, null, '1', null, null, '1', '2013-05-27 08:00:00', '1', '2013-05-27 08:00:00', null, '1');
INSERT INTO `sys_office` VALUES ('24', '22', '0,1,7,22,', '', '20', '6', '201012', '2', '3', null, null, null, null, null, null, '1', null, null, '1', '2013-05-27 08:00:00', '1', '2013-05-27 08:00:00', null, '1');
INSERT INTO `sys_office` VALUES ('25', '22', '0,1,7,22,', '', '30', '6', '201013', '2', '3', null, null, null, null, null, null, '1', null, null, '1', '2013-05-27 08:00:00', '1', '2013-05-27 08:00:00', null, '1');
INSERT INTO `sys_office` VALUES ('26', '22', '0,1,7,22,', '', '40', '6', '201014', '2', '3', null, null, null, null, null, null, '1', null, null, '1', '2013-05-27 08:00:00', '1', '2013-05-27 08:00:00', null, '1');
INSERT INTO `sys_office` VALUES ('3', '1', '0,1,', '', '20', '2', '100002', '2', '1', null, null, null, null, null, null, '1', null, null, '1', '2013-05-27 08:00:00', '1', '2013-05-27 08:00:00', null, '1');
INSERT INTO `sys_office` VALUES ('4', '1', '0,1,', '', '30', '2', '100003', '2', '1', null, null, null, null, null, null, '1', null, null, '1', '2013-05-27 08:00:00', '1', '2013-05-27 08:00:00', null, '1');
INSERT INTO `sys_office` VALUES ('5', '1', '0,1,', '', '40', '2', '100004', '2', '1', null, null, null, null, null, null, '1', null, null, '1', '2013-05-27 08:00:00', '1', '2013-05-27 08:00:00', null, '1');
INSERT INTO `sys_office` VALUES ('6', '1', '0,1,', '', '50', '2', '100005', '2', '1', null, null, null, null, null, null, '1', null, null, '1', '2013-05-27 08:00:00', '1', '2013-05-27 08:00:00', null, '1');
INSERT INTO `sys_office` VALUES ('61aeaa80672f4c3f9d8dfeff75c11a12', '0', '0,', 'hhstu', '30', '1', 'hhstu', '1', '1', '', '', '', '', '', '', '1', '', '', '1', '2017-03-28 22:15:31', '1', '2017-03-28 22:15:31', '', '0');
INSERT INTO `sys_office` VALUES ('7', '1', '0,1,', '', '20', '3', '200000', '1', '2', null, null, null, null, null, null, '1', null, null, '1', '2013-05-27 08:00:00', '1', '2013-05-27 08:00:00', null, '1');
INSERT INTO `sys_office` VALUES ('8', '7', '0,1,7,', '', '10', '3', '200001', '2', '2', null, null, null, null, null, null, '1', null, null, '1', '2013-05-27 08:00:00', '1', '2013-05-27 08:00:00', null, '1');
INSERT INTO `sys_office` VALUES ('9', '7', '0,1,7,', '', '20', '3', '200002', '2', '2', null, null, null, null, null, null, '1', null, null, '1', '2013-05-27 08:00:00', '1', '2013-05-27 08:00:00', null, '1');

-- ----------------------------
-- Table structure for sys_role
-- ----------------------------
DROP TABLE IF EXISTS `sys_role`;
CREATE TABLE `sys_role` (
  `id` varchar(64) COLLATE utf8_bin NOT NULL COMMENT '',
  `office_id` varchar(64) COLLATE utf8_bin DEFAULT NULL COMMENT '',
  `name` varchar(100) COLLATE utf8_bin NOT NULL COMMENT '',
  `enname` varchar(255) COLLATE utf8_bin DEFAULT NULL COMMENT '',
  `role_type` varchar(255) COLLATE utf8_bin DEFAULT NULL COMMENT '',
  `data_scope` char(1) COLLATE utf8_bin DEFAULT NULL COMMENT '',
  `is_sys` varchar(64) COLLATE utf8_bin DEFAULT NULL COMMENT '',
  `useable` varchar(64) COLLATE utf8_bin DEFAULT NULL COMMENT '',
  `create_by` varchar(64) COLLATE utf8_bin NOT NULL COMMENT '',
  `create_date` datetime NOT NULL COMMENT '',
  `update_by` varchar(64) COLLATE utf8_bin NOT NULL COMMENT '',
  `update_date` datetime NOT NULL COMMENT '',
  `remarks` varchar(255) COLLATE utf8_bin DEFAULT NULL COMMENT '',
  `del_flag` char(1) COLLATE utf8_bin NOT NULL DEFAULT '0' COMMENT '',
  PRIMARY KEY (`id`),
  KEY `sys_role_del_flag` (`del_flag`),
  KEY `sys_role_enname` (`enname`)
) ENGINE=InnoDB DEFAULT CHARSET=utf8 COLLATE=utf8_bin COMMENT='';

-- ----------------------------
-- Records of sys_role
-- ----------------------------
INSERT INTO `sys_role` VALUES ('1', '1', '', 'dept', 'assignment', '1', null, '1', '1', '2013-05-27 08:00:00', '1', '2013-05-27 08:00:00', null, '0');
INSERT INTO `sys_role` VALUES ('2', '1', '', 'hr', 'assignment', '2', null, '1', '1', '2013-05-27 08:00:00', '1', '2013-05-27 08:00:00', null, '1');
INSERT INTO `sys_role` VALUES ('3', '1', '', 'a', 'assignment', '3', null, '1', '1', '2013-05-27 08:00:00', '1', '2013-05-27 08:00:00', null, '1');
INSERT INTO `sys_role` VALUES ('4', '1', '', 'b', 'assignment', '4', null, '1', '1', '2013-05-27 08:00:00', '1', '2013-05-27 08:00:00', null, '1');
INSERT INTO `sys_role` VALUES ('415fc154d55e4a6288c9d95a8619c6ca', '61aeaa80672f4c3f9d8dfeff75c11a12', '', 'normal', 'user', '8', '0', '1', 'fdbbca469d8441fb855e1018510e32f2', '2017-04-30 22:01:53', 'fdbbca469d8441fb855e1018510e32f2', '2017-04-30 22:01:53', '', '1');
INSERT INTO `sys_role` VALUES ('47ef3fb6a007464c9597cef3839b796b', '61aeaa80672f4c3f9d8dfeff75c11a12', '', 'normal', 'assignment', '8', '0', '1', 'fdbbca469d8441fb855e1018510e32f2', '2017-04-30 22:02:36', '1', '2017-05-16 11:36:29', '', '0');
INSERT INTO `sys_role` VALUES ('5', '1', '', 'c', 'assignment', '5', null, '1', '1', '2013-05-27 08:00:00', '1', '2013-05-27 08:00:00', null, '1');
INSERT INTO `sys_role` VALUES ('6', '1', '', 'd', 'assignment', '8', null, '1', '1', '2013-05-27 08:00:00', '1', '2013-05-27 08:00:00', null, '1');
INSERT INTO `sys_role` VALUES ('7', '7', '', 'e', 'assignment', '9', null, '1', '1', '2013-05-27 08:00:00', '1', '2013-05-27 08:00:00', null, '1');
INSERT INTO `sys_role` VALUES ('9cb908ee360d4212ad347c6ece1dbee6', '61aeaa80672f4c3f9d8dfeff75c11a12', 'hhstu', 'hhstu', 'assignment', '1', '0', '1', '1', '2017-03-28 22:17:28', '1', '2017-05-16 11:36:50', '', '0');

-- ----------------------------
-- Table structure for sys_role_menu
-- ----------------------------
DROP TABLE IF EXISTS `sys_role_menu`;
CREATE TABLE `sys_role_menu` (
  `role_id` varchar(64) COLLATE utf8_bin NOT NULL COMMENT '',
  `menu_id` varchar(64) COLLATE utf8_bin NOT NULL COMMENT '',
  PRIMARY KEY (`role_id`,`menu_id`)
) ENGINE=InnoDB DEFAULT CHARSET=utf8 COLLATE=utf8_bin COMMENT='-';

-- ----------------------------
-- Records of sys_role_menu
-- ----------------------------
INSERT INTO `sys_role_menu` VALUES ('1', '1');
INSERT INTO `sys_role_menu` VALUES ('1', '10');
INSERT INTO `sys_role_menu` VALUES ('1', '11');
INSERT INTO `sys_role_menu` VALUES ('1', '12');
INSERT INTO `sys_role_menu` VALUES ('1', '13');
INSERT INTO `sys_role_menu` VALUES ('1', '14');
INSERT INTO `sys_role_menu` VALUES ('1', '15');
INSERT INTO `sys_role_menu` VALUES ('1', '16');
INSERT INTO `sys_role_menu` VALUES ('1', '17');
INSERT INTO `sys_role_menu` VALUES ('1', '18');
INSERT INTO `sys_role_menu` VALUES ('1', '19');
INSERT INTO `sys_role_menu` VALUES ('1', '2');
INSERT INTO `sys_role_menu` VALUES ('1', '20');
INSERT INTO `sys_role_menu` VALUES ('1', '21');
INSERT INTO `sys_role_menu` VALUES ('1', '22');
INSERT INTO `sys_role_menu` VALUES ('1', '23');
INSERT INTO `sys_role_menu` VALUES ('1', '24');
INSERT INTO `sys_role_menu` VALUES ('1', '25');
INSERT INTO `sys_role_menu` VALUES ('1', '26');
INSERT INTO `sys_role_menu` VALUES ('1', '27');
INSERT INTO `sys_role_menu` VALUES ('1', '28');
INSERT INTO `sys_role_menu` VALUES ('1', '29');
INSERT INTO `sys_role_menu` VALUES ('1', '3');
INSERT INTO `sys_role_menu` VALUES ('1', '30');
INSERT INTO `sys_role_menu` VALUES ('1', '31');
INSERT INTO `sys_role_menu` VALUES ('1', '32');
INSERT INTO `sys_role_menu` VALUES ('1', '33');
INSERT INTO `sys_role_menu` VALUES ('1', '34');
INSERT INTO `sys_role_menu` VALUES ('1', '35');
INSERT INTO `sys_role_menu` VALUES ('1', '36');
INSERT INTO `sys_role_menu` VALUES ('1', '37');
INSERT INTO `sys_role_menu` VALUES ('1', '38');
INSERT INTO `sys_role_menu` VALUES ('1', '39');
INSERT INTO `sys_role_menu` VALUES ('1', '4');
INSERT INTO `sys_role_menu` VALUES ('1', '40');
INSERT INTO `sys_role_menu` VALUES ('1', '41');
INSERT INTO `sys_role_menu` VALUES ('1', '42');
INSERT INTO `sys_role_menu` VALUES ('1', '43');
INSERT INTO `sys_role_menu` VALUES ('1', '44');
INSERT INTO `sys_role_menu` VALUES ('1', '45');
INSERT INTO `sys_role_menu` VALUES ('1', '46');
INSERT INTO `sys_role_menu` VALUES ('1', '47');
INSERT INTO `sys_role_menu` VALUES ('1', '48');
INSERT INTO `sys_role_menu` VALUES ('1', '49');
INSERT INTO `sys_role_menu` VALUES ('1', '5');
INSERT INTO `sys_role_menu` VALUES ('1', '50');
INSERT INTO `sys_role_menu` VALUES ('1', '51');
INSERT INTO `sys_role_menu` VALUES ('1', '52');
INSERT INTO `sys_role_menu` VALUES ('1', '53');
INSERT INTO `sys_role_menu` VALUES ('1', '54');
INSERT INTO `sys_role_menu` VALUES ('1', '55');
INSERT INTO `sys_role_menu` VALUES ('1', '56');
INSERT INTO `sys_role_menu` VALUES ('1', '57');
INSERT INTO `sys_role_menu` VALUES ('1', '58');
INSERT INTO `sys_role_menu` VALUES ('1', '59');
INSERT INTO `sys_role_menu` VALUES ('1', '6');
INSERT INTO `sys_role_menu` VALUES ('1', '60');
INSERT INTO `sys_role_menu` VALUES ('1', '61');
INSERT INTO `sys_role_menu` VALUES ('1', '62');
INSERT INTO `sys_role_menu` VALUES ('1', '63');
INSERT INTO `sys_role_menu` VALUES ('1', '64');
INSERT INTO `sys_role_menu` VALUES ('1', '65');
INSERT INTO `sys_role_menu` VALUES ('1', '66');
INSERT INTO `sys_role_menu` VALUES ('1', '67');
INSERT INTO `sys_role_menu` VALUES ('1', '68');
INSERT INTO `sys_role_menu` VALUES ('1', '69');
INSERT INTO `sys_role_menu` VALUES ('1', '7');
INSERT INTO `sys_role_menu` VALUES ('1', '70');
INSERT INTO `sys_role_menu` VALUES ('1', '71');
INSERT INTO `sys_role_menu` VALUES ('1', '72');
INSERT INTO `sys_role_menu` VALUES ('1', '73');
INSERT INTO `sys_role_menu` VALUES ('1', '74');
INSERT INTO `sys_role_menu` VALUES ('1', '75');
INSERT INTO `sys_role_menu` VALUES ('1', '76');
INSERT INTO `sys_role_menu` VALUES ('1', '77');
INSERT INTO `sys_role_menu` VALUES ('1', '78');
INSERT INTO `sys_role_menu` VALUES ('1', '79');
INSERT INTO `sys_role_menu` VALUES ('1', '8');
INSERT INTO `sys_role_menu` VALUES ('1', '80');
INSERT INTO `sys_role_menu` VALUES ('1', '81');
INSERT INTO `sys_role_menu` VALUES ('1', '82');
INSERT INTO `sys_role_menu` VALUES ('1', '83');
INSERT INTO `sys_role_menu` VALUES ('1', '84');
INSERT INTO `sys_role_menu` VALUES ('1', '85');
INSERT INTO `sys_role_menu` VALUES ('1', '86');
INSERT INTO `sys_role_menu` VALUES ('1', '87');
INSERT INTO `sys_role_menu` VALUES ('1', '88');
INSERT INTO `sys_role_menu` VALUES ('1', '89');
INSERT INTO `sys_role_menu` VALUES ('1', '9');
INSERT INTO `sys_role_menu` VALUES ('1', '90');
INSERT INTO `sys_role_menu` VALUES ('2', '1');
INSERT INTO `sys_role_menu` VALUES ('2', '10');
INSERT INTO `sys_role_menu` VALUES ('2', '11');
INSERT INTO `sys_role_menu` VALUES ('2', '12');
INSERT INTO `sys_role_menu` VALUES ('2', '13');
INSERT INTO `sys_role_menu` VALUES ('2', '14');
INSERT INTO `sys_role_menu` VALUES ('2', '15');
INSERT INTO `sys_role_menu` VALUES ('2', '16');
INSERT INTO `sys_role_menu` VALUES ('2', '17');
INSERT INTO `sys_role_menu` VALUES ('2', '18');
INSERT INTO `sys_role_menu` VALUES ('2', '19');
INSERT INTO `sys_role_menu` VALUES ('2', '2');
INSERT INTO `sys_role_menu` VALUES ('2', '20');
INSERT INTO `sys_role_menu` VALUES ('2', '21');
INSERT INTO `sys_role_menu` VALUES ('2', '22');
INSERT INTO `sys_role_menu` VALUES ('2', '23');
INSERT INTO `sys_role_menu` VALUES ('2', '24');
INSERT INTO `sys_role_menu` VALUES ('2', '25');
INSERT INTO `sys_role_menu` VALUES ('2', '26');
INSERT INTO `sys_role_menu` VALUES ('2', '27');
INSERT INTO `sys_role_menu` VALUES ('2', '28');
INSERT INTO `sys_role_menu` VALUES ('2', '29');
INSERT INTO `sys_role_menu` VALUES ('2', '3');
INSERT INTO `sys_role_menu` VALUES ('2', '30');
INSERT INTO `sys_role_menu` VALUES ('2', '31');
INSERT INTO `sys_role_menu` VALUES ('2', '32');
INSERT INTO `sys_role_menu` VALUES ('2', '33');
INSERT INTO `sys_role_menu` VALUES ('2', '34');
INSERT INTO `sys_role_menu` VALUES ('2', '35');
INSERT INTO `sys_role_menu` VALUES ('2', '36');
INSERT INTO `sys_role_menu` VALUES ('2', '37');
INSERT INTO `sys_role_menu` VALUES ('2', '38');
INSERT INTO `sys_role_menu` VALUES ('2', '39');
INSERT INTO `sys_role_menu` VALUES ('2', '4');
INSERT INTO `sys_role_menu` VALUES ('2', '40');
INSERT INTO `sys_role_menu` VALUES ('2', '41');
INSERT INTO `sys_role_menu` VALUES ('2', '42');
INSERT INTO `sys_role_menu` VALUES ('2', '43');
INSERT INTO `sys_role_menu` VALUES ('2', '44');
INSERT INTO `sys_role_menu` VALUES ('2', '45');
INSERT INTO `sys_role_menu` VALUES ('2', '46');
INSERT INTO `sys_role_menu` VALUES ('2', '47');
INSERT INTO `sys_role_menu` VALUES ('2', '48');
INSERT INTO `sys_role_menu` VALUES ('2', '49');
INSERT INTO `sys_role_menu` VALUES ('2', '5');
INSERT INTO `sys_role_menu` VALUES ('2', '50');
INSERT INTO `sys_role_menu` VALUES ('2', '51');
INSERT INTO `sys_role_menu` VALUES ('2', '52');
INSERT INTO `sys_role_menu` VALUES ('2', '53');
INSERT INTO `sys_role_menu` VALUES ('2', '54');
INSERT INTO `sys_role_menu` VALUES ('2', '55');
INSERT INTO `sys_role_menu` VALUES ('2', '56');
INSERT INTO `sys_role_menu` VALUES ('2', '57');
INSERT INTO `sys_role_menu` VALUES ('2', '58');
INSERT INTO `sys_role_menu` VALUES ('2', '59');
INSERT INTO `sys_role_menu` VALUES ('2', '6');
INSERT INTO `sys_role_menu` VALUES ('2', '60');
INSERT INTO `sys_role_menu` VALUES ('2', '61');
INSERT INTO `sys_role_menu` VALUES ('2', '62');
INSERT INTO `sys_role_menu` VALUES ('2', '63');
INSERT INTO `sys_role_menu` VALUES ('2', '64');
INSERT INTO `sys_role_menu` VALUES ('2', '65');
INSERT INTO `sys_role_menu` VALUES ('2', '66');
INSERT INTO `sys_role_menu` VALUES ('2', '67');
INSERT INTO `sys_role_menu` VALUES ('2', '68');
INSERT INTO `sys_role_menu` VALUES ('2', '69');
INSERT INTO `sys_role_menu` VALUES ('2', '7');
INSERT INTO `sys_role_menu` VALUES ('2', '70');
INSERT INTO `sys_role_menu` VALUES ('2', '71');
INSERT INTO `sys_role_menu` VALUES ('2', '72');
INSERT INTO `sys_role_menu` VALUES ('2', '73');
INSERT INTO `sys_role_menu` VALUES ('2', '74');
INSERT INTO `sys_role_menu` VALUES ('2', '75');
INSERT INTO `sys_role_menu` VALUES ('2', '76');
INSERT INTO `sys_role_menu` VALUES ('2', '77');
INSERT INTO `sys_role_menu` VALUES ('2', '78');
INSERT INTO `sys_role_menu` VALUES ('2', '79');
INSERT INTO `sys_role_menu` VALUES ('2', '8');
INSERT INTO `sys_role_menu` VALUES ('2', '80');
INSERT INTO `sys_role_menu` VALUES ('2', '81');
INSERT INTO `sys_role_menu` VALUES ('2', '82');
INSERT INTO `sys_role_menu` VALUES ('2', '83');
INSERT INTO `sys_role_menu` VALUES ('2', '84');
INSERT INTO `sys_role_menu` VALUES ('2', '85');
INSERT INTO `sys_role_menu` VALUES ('2', '86');
INSERT INTO `sys_role_menu` VALUES ('2', '87');
INSERT INTO `sys_role_menu` VALUES ('2', '88');
INSERT INTO `sys_role_menu` VALUES ('2', '89');
INSERT INTO `sys_role_menu` VALUES ('2', '9');
INSERT INTO `sys_role_menu` VALUES ('2', '90');
INSERT INTO `sys_role_menu` VALUES ('3', '1');
INSERT INTO `sys_role_menu` VALUES ('3', '10');
INSERT INTO `sys_role_menu` VALUES ('3', '11');
INSERT INTO `sys_role_menu` VALUES ('3', '12');
INSERT INTO `sys_role_menu` VALUES ('3', '13');
INSERT INTO `sys_role_menu` VALUES ('3', '14');
INSERT INTO `sys_role_menu` VALUES ('3', '15');
INSERT INTO `sys_role_menu` VALUES ('3', '16');
INSERT INTO `sys_role_menu` VALUES ('3', '17');
INSERT INTO `sys_role_menu` VALUES ('3', '18');
INSERT INTO `sys_role_menu` VALUES ('3', '19');
INSERT INTO `sys_role_menu` VALUES ('3', '2');
INSERT INTO `sys_role_menu` VALUES ('3', '20');
INSERT INTO `sys_role_menu` VALUES ('3', '21');
INSERT INTO `sys_role_menu` VALUES ('3', '22');
INSERT INTO `sys_role_menu` VALUES ('3', '23');
INSERT INTO `sys_role_menu` VALUES ('3', '24');
INSERT INTO `sys_role_menu` VALUES ('3', '25');
INSERT INTO `sys_role_menu` VALUES ('3', '26');
INSERT INTO `sys_role_menu` VALUES ('3', '27');
INSERT INTO `sys_role_menu` VALUES ('3', '28');
INSERT INTO `sys_role_menu` VALUES ('3', '29');
INSERT INTO `sys_role_menu` VALUES ('3', '3');
INSERT INTO `sys_role_menu` VALUES ('3', '30');
INSERT INTO `sys_role_menu` VALUES ('3', '31');
INSERT INTO `sys_role_menu` VALUES ('3', '32');
INSERT INTO `sys_role_menu` VALUES ('3', '33');
INSERT INTO `sys_role_menu` VALUES ('3', '34');
INSERT INTO `sys_role_menu` VALUES ('3', '35');
INSERT INTO `sys_role_menu` VALUES ('3', '36');
INSERT INTO `sys_role_menu` VALUES ('3', '37');
INSERT INTO `sys_role_menu` VALUES ('3', '38');
INSERT INTO `sys_role_menu` VALUES ('3', '39');
INSERT INTO `sys_role_menu` VALUES ('3', '4');
INSERT INTO `sys_role_menu` VALUES ('3', '40');
INSERT INTO `sys_role_menu` VALUES ('3', '41');
INSERT INTO `sys_role_menu` VALUES ('3', '42');
INSERT INTO `sys_role_menu` VALUES ('3', '43');
INSERT INTO `sys_role_menu` VALUES ('3', '44');
INSERT INTO `sys_role_menu` VALUES ('3', '45');
INSERT INTO `sys_role_menu` VALUES ('3', '46');
INSERT INTO `sys_role_menu` VALUES ('3', '47');
INSERT INTO `sys_role_menu` VALUES ('3', '48');
INSERT INTO `sys_role_menu` VALUES ('3', '49');
INSERT INTO `sys_role_menu` VALUES ('3', '5');
INSERT INTO `sys_role_menu` VALUES ('3', '50');
INSERT INTO `sys_role_menu` VALUES ('3', '51');
INSERT INTO `sys_role_menu` VALUES ('3', '52');
INSERT INTO `sys_role_menu` VALUES ('3', '53');
INSERT INTO `sys_role_menu` VALUES ('3', '54');
INSERT INTO `sys_role_menu` VALUES ('3', '55');
INSERT INTO `sys_role_menu` VALUES ('3', '56');
INSERT INTO `sys_role_menu` VALUES ('3', '57');
INSERT INTO `sys_role_menu` VALUES ('3', '58');
INSERT INTO `sys_role_menu` VALUES ('3', '59');
INSERT INTO `sys_role_menu` VALUES ('3', '6');
INSERT INTO `sys_role_menu` VALUES ('3', '60');
INSERT INTO `sys_role_menu` VALUES ('3', '61');
INSERT INTO `sys_role_menu` VALUES ('3', '62');
INSERT INTO `sys_role_menu` VALUES ('3', '63');
INSERT INTO `sys_role_menu` VALUES ('3', '64');
INSERT INTO `sys_role_menu` VALUES ('3', '65');
INSERT INTO `sys_role_menu` VALUES ('3', '66');
INSERT INTO `sys_role_menu` VALUES ('3', '67');
INSERT INTO `sys_role_menu` VALUES ('3', '68');
INSERT INTO `sys_role_menu` VALUES ('3', '69');
INSERT INTO `sys_role_menu` VALUES ('3', '7');
INSERT INTO `sys_role_menu` VALUES ('3', '70');
INSERT INTO `sys_role_menu` VALUES ('3', '71');
INSERT INTO `sys_role_menu` VALUES ('3', '72');
INSERT INTO `sys_role_menu` VALUES ('3', '73');
INSERT INTO `sys_role_menu` VALUES ('3', '74');
INSERT INTO `sys_role_menu` VALUES ('3', '75');
INSERT INTO `sys_role_menu` VALUES ('3', '76');
INSERT INTO `sys_role_menu` VALUES ('3', '77');
INSERT INTO `sys_role_menu` VALUES ('3', '78');
INSERT INTO `sys_role_menu` VALUES ('3', '79');
INSERT INTO `sys_role_menu` VALUES ('3', '8');
INSERT INTO `sys_role_menu` VALUES ('3', '80');
INSERT INTO `sys_role_menu` VALUES ('3', '81');
INSERT INTO `sys_role_menu` VALUES ('3', '82');
INSERT INTO `sys_role_menu` VALUES ('3', '83');
INSERT INTO `sys_role_menu` VALUES ('3', '84');
INSERT INTO `sys_role_menu` VALUES ('3', '85');
INSERT INTO `sys_role_menu` VALUES ('3', '86');
INSERT INTO `sys_role_menu` VALUES ('3', '87');
INSERT INTO `sys_role_menu` VALUES ('3', '88');
INSERT INTO `sys_role_menu` VALUES ('3', '89');
INSERT INTO `sys_role_menu` VALUES ('3', '9');
INSERT INTO `sys_role_menu` VALUES ('3', '90');
INSERT INTO `sys_role_menu` VALUES ('415fc154d55e4a6288c9d95a8619c6ca', '00e4df24881a4fc0b4d66a747a7f96d2');
INSERT INTO `sys_role_menu` VALUES ('415fc154d55e4a6288c9d95a8619c6ca', '1');
INSERT INTO `sys_role_menu` VALUES ('415fc154d55e4a6288c9d95a8619c6ca', 'e9654effd756439e9b0fc52d1712a541');
INSERT INTO `sys_role_menu` VALUES ('415fc154d55e4a6288c9d95a8619c6ca', 'ee1e124aeb5b4f9c9461fc3c1bb185e8');
INSERT INTO `sys_role_menu` VALUES ('47ef3fb6a007464c9597cef3839b796b', '00e4df24881a4fc0b4d66a747a7f96d2');
INSERT INTO `sys_role_menu` VALUES ('47ef3fb6a007464c9597cef3839b796b', '06e0fd0f69484e1594d67632929f794c');
INSERT INTO `sys_role_menu` VALUES ('47ef3fb6a007464c9597cef3839b796b', '1');
INSERT INTO `sys_role_menu` VALUES ('47ef3fb6a007464c9597cef3839b796b', '15cd0adab778496b9b4ff4a738b8f39d');
INSERT INTO `sys_role_menu` VALUES ('47ef3fb6a007464c9597cef3839b796b', '235258040b6a4472bb3bfff566dbf433');
INSERT INTO `sys_role_menu` VALUES ('47ef3fb6a007464c9597cef3839b796b', '23f248167e5d4b1aabdf27c06096c2d1');
INSERT INTO `sys_role_menu` VALUES ('47ef3fb6a007464c9597cef3839b796b', '2814c1f03c9444fda4f93c21fc46222b');
INSERT INTO `sys_role_menu` VALUES ('47ef3fb6a007464c9597cef3839b796b', 'bd14f7ed12ef4a1d963a50e61f5a6fba');
INSERT INTO `sys_role_menu` VALUES ('47ef3fb6a007464c9597cef3839b796b', 'cb1acf1e176f4b0895f6aea1ee97b797');
INSERT INTO `sys_role_menu` VALUES ('47ef3fb6a007464c9597cef3839b796b', 'db2b02e95fa141e0960f8cdd46a1481e');
INSERT INTO `sys_role_menu` VALUES ('47ef3fb6a007464c9597cef3839b796b', 'e9654effd756439e9b0fc52d1712a541');
INSERT INTO `sys_role_menu` VALUES ('47ef3fb6a007464c9597cef3839b796b', 'ee1e124aeb5b4f9c9461fc3c1bb185e8');
INSERT INTO `sys_role_menu` VALUES ('9cb908ee360d4212ad347c6ece1dbee6', '00e4df24881a4fc0b4d66a747a7f96d2');
INSERT INTO `sys_role_menu` VALUES ('9cb908ee360d4212ad347c6ece1dbee6', '06e0fd0f69484e1594d67632929f794c');
INSERT INTO `sys_role_menu` VALUES ('9cb908ee360d4212ad347c6ece1dbee6', '1');
INSERT INTO `sys_role_menu` VALUES ('9cb908ee360d4212ad347c6ece1dbee6', '15cd0adab778496b9b4ff4a738b8f39d');
INSERT INTO `sys_role_menu` VALUES ('9cb908ee360d4212ad347c6ece1dbee6', '187f7d9f90b84bbd918418dee3b2367a');
INSERT INTO `sys_role_menu` VALUES ('9cb908ee360d4212ad347c6ece1dbee6', '235258040b6a4472bb3bfff566dbf433');
INSERT INTO `sys_role_menu` VALUES ('9cb908ee360d4212ad347c6ece1dbee6', '23f248167e5d4b1aabdf27c06096c2d1');
INSERT INTO `sys_role_menu` VALUES ('9cb908ee360d4212ad347c6ece1dbee6', '27');
INSERT INTO `sys_role_menu` VALUES ('9cb908ee360d4212ad347c6ece1dbee6', '28');
INSERT INTO `sys_role_menu` VALUES ('9cb908ee360d4212ad347c6ece1dbee6', '2814c1f03c9444fda4f93c21fc46222b');
INSERT INTO `sys_role_menu` VALUES ('9cb908ee360d4212ad347c6ece1dbee6', '29');
INSERT INTO `sys_role_menu` VALUES ('9cb908ee360d4212ad347c6ece1dbee6', '2d88c9172ca140698821d554ac747b03');
INSERT INTO `sys_role_menu` VALUES ('9cb908ee360d4212ad347c6ece1dbee6', '30');
INSERT INTO `sys_role_menu` VALUES ('9cb908ee360d4212ad347c6ece1dbee6', '5157a35979224786a22bec2af1a74006');
INSERT INTO `sys_role_menu` VALUES ('9cb908ee360d4212ad347c6ece1dbee6', '83b397b40cd842cfaf1f9317f1383c69');
INSERT INTO `sys_role_menu` VALUES ('9cb908ee360d4212ad347c6ece1dbee6', '84ce019647c14ab9b8901516ff58c8ba');
INSERT INTO `sys_role_menu` VALUES ('9cb908ee360d4212ad347c6ece1dbee6', '87c214b1bac8466ebd2fd6144f26543a');
INSERT INTO `sys_role_menu` VALUES ('9cb908ee360d4212ad347c6ece1dbee6', 'ab97fe38af8945e2bb20d1e074fb4e42');
INSERT INTO `sys_role_menu` VALUES ('9cb908ee360d4212ad347c6ece1dbee6', 'b996f4e18d0c4c5998586f1055c98230');
INSERT INTO `sys_role_menu` VALUES ('9cb908ee360d4212ad347c6ece1dbee6', 'bd14f7ed12ef4a1d963a50e61f5a6fba');
INSERT INTO `sys_role_menu` VALUES ('9cb908ee360d4212ad347c6ece1dbee6', 'c4145d6f93b848bf987cdd40056fca55');
INSERT INTO `sys_role_menu` VALUES ('9cb908ee360d4212ad347c6ece1dbee6', 'cb1acf1e176f4b0895f6aea1ee97b797');
INSERT INTO `sys_role_menu` VALUES ('9cb908ee360d4212ad347c6ece1dbee6', 'cddee98caf8c45ccaa5b3f2fcbed4d63');
INSERT INTO `sys_role_menu` VALUES ('9cb908ee360d4212ad347c6ece1dbee6', 'd21412d5028e49a5bf23c995b5d4f15a');
INSERT INTO `sys_role_menu` VALUES ('9cb908ee360d4212ad347c6ece1dbee6', 'd39e0ea5c8944053a0ebeb1b8e9e77ac');
INSERT INTO `sys_role_menu` VALUES ('9cb908ee360d4212ad347c6ece1dbee6', 'db2b02e95fa141e0960f8cdd46a1481e');
INSERT INTO `sys_role_menu` VALUES ('9cb908ee360d4212ad347c6ece1dbee6', 'e7973ac093204f428e1c2a49f7a06087');
INSERT INTO `sys_role_menu` VALUES ('9cb908ee360d4212ad347c6ece1dbee6', 'e9654effd756439e9b0fc52d1712a541');
INSERT INTO `sys_role_menu` VALUES ('9cb908ee360d4212ad347c6ece1dbee6', 'ee1e124aeb5b4f9c9461fc3c1bb185e8');

-- ----------------------------
-- Table structure for sys_role_office
-- ----------------------------
DROP TABLE IF EXISTS `sys_role_office`;
CREATE TABLE `sys_role_office` (
  `role_id` varchar(64) COLLATE utf8_bin NOT NULL COMMENT '',
  `office_id` varchar(64) COLLATE utf8_bin NOT NULL COMMENT '',
  PRIMARY KEY (`role_id`,`office_id`)
) ENGINE=InnoDB DEFAULT CHARSET=utf8 COLLATE=utf8_bin COMMENT='-';

-- ----------------------------
-- Records of sys_role_office
-- ----------------------------
INSERT INTO `sys_role_office` VALUES ('7', '10');
INSERT INTO `sys_role_office` VALUES ('7', '11');
INSERT INTO `sys_role_office` VALUES ('7', '12');
INSERT INTO `sys_role_office` VALUES ('7', '13');
INSERT INTO `sys_role_office` VALUES ('7', '14');
INSERT INTO `sys_role_office` VALUES ('7', '15');
INSERT INTO `sys_role_office` VALUES ('7', '16');
INSERT INTO `sys_role_office` VALUES ('7', '17');
INSERT INTO `sys_role_office` VALUES ('7', '18');
INSERT INTO `sys_role_office` VALUES ('7', '19');
INSERT INTO `sys_role_office` VALUES ('7', '20');
INSERT INTO `sys_role_office` VALUES ('7', '21');
INSERT INTO `sys_role_office` VALUES ('7', '22');
INSERT INTO `sys_role_office` VALUES ('7', '23');
INSERT INTO `sys_role_office` VALUES ('7', '24');
INSERT INTO `sys_role_office` VALUES ('7', '25');
INSERT INTO `sys_role_office` VALUES ('7', '26');
INSERT INTO `sys_role_office` VALUES ('7', '7');
INSERT INTO `sys_role_office` VALUES ('7', '8');
INSERT INTO `sys_role_office` VALUES ('7', '9');

-- ----------------------------
-- Table structure for sys_user
-- ----------------------------
DROP TABLE IF EXISTS `sys_user`;
CREATE TABLE `sys_user` (
  `id` varchar(64) COLLATE utf8_bin NOT NULL COMMENT '',
  `company_id` varchar(64) COLLATE utf8_bin NOT NULL COMMENT '',
  `office_id` varchar(64) COLLATE utf8_bin NOT NULL COMMENT '',
  `login_name` varchar(100) COLLATE utf8_bin NOT NULL COMMENT '',
  `password` varchar(100) COLLATE utf8_bin NOT NULL COMMENT '',
  `no` varchar(100) COLLATE utf8_bin DEFAULT NULL COMMENT '',
  `name` varchar(100) COLLATE utf8_bin NOT NULL COMMENT '',
  `email` varchar(200) COLLATE utf8_bin DEFAULT NULL COMMENT '',
  `phone` varchar(200) COLLATE utf8_bin DEFAULT NULL COMMENT '',
  `mobile` varchar(200) COLLATE utf8_bin DEFAULT NULL COMMENT '',
  `user_type` char(1) COLLATE utf8_bin DEFAULT NULL COMMENT '',
  `photo` varchar(1000) COLLATE utf8_bin DEFAULT NULL COMMENT '',
  `login_ip` varchar(100) COLLATE utf8_bin DEFAULT NULL COMMENT 'IP',
  `login_date` datetime DEFAULT NULL COMMENT '',
  `login_flag` varchar(64) COLLATE utf8_bin DEFAULT NULL COMMENT '',
  `create_by` varchar(64) COLLATE utf8_bin NOT NULL COMMENT '',
  `create_date` datetime NOT NULL COMMENT '',
  `update_by` varchar(64) COLLATE utf8_bin NOT NULL COMMENT '',
  `update_date` datetime NOT NULL COMMENT '',
  `remarks` varchar(255) COLLATE utf8_bin DEFAULT NULL COMMENT '',
  `del_flag` char(1) COLLATE utf8_bin NOT NULL DEFAULT '0' COMMENT '',
  PRIMARY KEY (`id`),
  KEY `sys_user_office_id` (`office_id`),
  KEY `sys_user_login_name` (`login_name`),
  KEY `sys_user_company_id` (`company_id`),
  KEY `sys_user_update_date` (`update_date`),
  KEY `sys_user_del_flag` (`del_flag`)
) ENGINE=InnoDB DEFAULT CHARSET=utf8 COLLATE=utf8_bin COMMENT='';

-- ----------------------------
-- Records of sys_user
-- ----------------------------
INSERT INTO `sys_user` VALUES ('1', '61aeaa80672f4c3f9d8dfeff75c11a12', '61aeaa80672f4c3f9d8dfeff75c11a12', 'thinkgem', '02a3f0772fcca9f415adc990734b45c6f059c7d33ee28362c4852032', '0001', '', 'thinkgem@163.com', '8675', '8675', '', '', '0:0:0:0:0:0:0:1', '2017-05-16 11:38:55', '1', '1', '2013-05-27 08:00:00', '1', '2017-03-28 22:16:19', '', '0');
INSERT INTO `sys_user` VALUES ('10', '7', '11', 'jn_jsb', '02a3f0772fcca9f415adc990734b45c6f059c7d33ee28362c4852032', '0010', '', null, null, null, null, null, null, null, '1', '1', '2013-05-27 08:00:00', '1', '2013-05-27 08:00:00', null, '1');
INSERT INTO `sys_user` VALUES ('11', '12', '13', 'lc_admin', '02a3f0772fcca9f415adc990734b45c6f059c7d33ee28362c4852032', '0011', '', null, null, null, null, null, null, null, '1', '1', '2013-05-27 08:00:00', '1', '2013-05-27 08:00:00', null, '1');
INSERT INTO `sys_user` VALUES ('12', '12', '18', 'lx_admin', '02a3f0772fcca9f415adc990734b45c6f059c7d33ee28362c4852032', '0012', '', null, null, null, null, null, null, null, '1', '1', '2013-05-27 08:00:00', '1', '2013-05-27 08:00:00', null, '1');
INSERT INTO `sys_user` VALUES ('13', '22', '23', 'gx_admin', '02a3f0772fcca9f415adc990734b45c6f059c7d33ee28362c4852032', '0013', '', null, null, null, null, null, null, null, '1', '1', '2013-05-27 08:00:00', '1', '2013-05-27 08:00:00', null, '1');
INSERT INTO `sys_user` VALUES ('2', '1', '2', 'sd_admin', '02a3f0772fcca9f415adc990734b45c6f059c7d33ee28362c4852032', '0002', '', null, null, null, null, null, null, null, '1', '1', '2013-05-27 08:00:00', '1', '2013-05-27 08:00:00', null, '1');
INSERT INTO `sys_user` VALUES ('3', '1', '3', 'sd_zhb', '02a3f0772fcca9f415adc990734b45c6f059c7d33ee28362c4852032', '0003', '', null, null, null, null, null, null, null, '1', '1', '2013-05-27 08:00:00', '1', '2013-05-27 08:00:00', null, '1');
INSERT INTO `sys_user` VALUES ('4', '1', '4', 'sd_scb', '02a3f0772fcca9f415adc990734b45c6f059c7d33ee28362c4852032', '0004', '', null, null, null, null, null, null, null, '1', '1', '2013-05-27 08:00:00', '1', '2013-05-27 08:00:00', null, '1');
INSERT INTO `sys_user` VALUES ('5', '1', '5', 'sd_jsb', '02a3f0772fcca9f415adc990734b45c6f059c7d33ee28362c4852032', '0005', '', null, null, null, null, null, null, null, '1', '1', '2013-05-27 08:00:00', '1', '2013-05-27 08:00:00', null, '1');
INSERT INTO `sys_user` VALUES ('6', '1', '6', 'sd_yfb', '02a3f0772fcca9f415adc990734b45c6f059c7d33ee28362c4852032', '0006', '', null, null, null, null, null, null, null, '1', '1', '2013-05-27 08:00:00', '1', '2013-05-27 08:00:00', null, '1');
INSERT INTO `sys_user` VALUES ('7', '7', '8', 'jn_admin', '02a3f0772fcca9f415adc990734b45c6f059c7d33ee28362c4852032', '0007', '', null, null, null, null, null, null, null, '1', '1', '2013-05-27 08:00:00', '1', '2013-05-27 08:00:00', null, '1');
INSERT INTO `sys_user` VALUES ('8', '7', '9', 'jn_zhb', '02a3f0772fcca9f415adc990734b45c6f059c7d33ee28362c4852032', '0008', '', null, null, null, null, null, null, null, '1', '1', '2013-05-27 08:00:00', '1', '2013-05-27 08:00:00', null, '1');
INSERT INTO `sys_user` VALUES ('9', '7', '10', 'jn_scb', '02a3f0772fcca9f415adc990734b45c6f059c7d33ee28362c4852032', '0009', '', null, null, null, null, null, null, null, '1', '1', '2013-05-27 08:00:00', '1', '2013-05-27 08:00:00', null, '1');
INSERT INTO `sys_user` VALUES ('e8ed1e64be4f44eeb0ccda3532832636', '61aeaa80672f4c3f9d8dfeff75c11a12', '61aeaa80672f4c3f9d8dfeff75c11a12', 'test001', '04a3c2fe336d907b3bc84fae23fd0f64225656adbfb34d5074c27b77', '001', '1', '', '', '', '3', '', '0:0:0:0:0:0:0:1', '2017-05-02 10:35:11', '1', 'fdbbca469d8441fb855e1018510e32f2', '2017-04-30 22:03:15', 'fdbbca469d8441fb855e1018510e32f2', '2017-04-30 22:03:15', '', '0');
INSERT INTO `sys_user` VALUES ('fdbbca469d8441fb855e1018510e32f2', '61aeaa80672f4c3f9d8dfeff75c11a12', '61aeaa80672f4c3f9d8dfeff75c11a12', 'frank', '3b992bc0b9df074c9af43be439354539660851649e625b37f4610581', '001', 'Frank Wang', '851521407@qq.com', '', '15538052287', '', '/AirMonitor/userfiles/fdbbca469d8441fb855e1018510e32f2/images/photo/2017/05/hdImg_48fc93cb2abd7685f3208506b13d4f6714937021725.jpg', '0:0:0:0:0:0:0:1', '2017-05-16 11:37:42', '1', '1', '2017-03-28 22:16:57', 'fdbbca469d8441fb855e1018510e32f2', '2017-05-02 13:16:50', '', '0');

-- ----------------------------
-- Table structure for sys_user_role
-- ----------------------------
DROP TABLE IF EXISTS `sys_user_role`;
CREATE TABLE `sys_user_role` (
  `user_id` varchar(64) COLLATE utf8_bin NOT NULL COMMENT '',
  `role_id` varchar(64) COLLATE utf8_bin NOT NULL COMMENT '',
  PRIMARY KEY (`user_id`,`role_id`)
) ENGINE=InnoDB DEFAULT CHARSET=utf8 COLLATE=utf8_bin COMMENT='-';

-- ----------------------------
-- Records of sys_user_role
-- ----------------------------
INSERT INTO `sys_user_role` VALUES ('1', '1');
INSERT INTO `sys_user_role` VALUES ('1', '2');
INSERT INTO `sys_user_role` VALUES ('10', '2');
INSERT INTO `sys_user_role` VALUES ('11', '3');
INSERT INTO `sys_user_role` VALUES ('12', '4');
INSERT INTO `sys_user_role` VALUES ('13', '5');
INSERT INTO `sys_user_role` VALUES ('14', '6');
INSERT INTO `sys_user_role` VALUES ('2', '1');
INSERT INTO `sys_user_role` VALUES ('3', '2');
INSERT INTO `sys_user_role` VALUES ('4', '3');
INSERT INTO `sys_user_role` VALUES ('5', '4');
INSERT INTO `sys_user_role` VALUES ('6', '5');
INSERT INTO `sys_user_role` VALUES ('7', '2');
INSERT INTO `sys_user_role` VALUES ('7', '7');
INSERT INTO `sys_user_role` VALUES ('8', '2');
INSERT INTO `sys_user_role` VALUES ('9', '1');
INSERT INTO `sys_user_role` VALUES ('e8ed1e64be4f44eeb0ccda3532832636', '47ef3fb6a007464c9597cef3839b796b');
INSERT INTO `sys_user_role` VALUES ('fdbbca469d8441fb855e1018510e32f2', '9cb908ee360d4212ad347c6ece1dbee6');

-- ----------------------------
-- Table structure for tb_air_quality
-- ----------------------------
DROP TABLE IF EXISTS `tb_air_quality`;
CREATE TABLE `tb_air_quality` (
  `temp_hum` varchar(64) DEFAULT NULL,
  `PM25` varchar(64) DEFAULT NULL,
  `CO2` varchar(64) DEFAULT NULL
) ENGINE=InnoDB DEFAULT CHARSET=utf8 COMMENT='';

-- ----------------------------
-- Records of tb_air_quality
-- ----------------------------

-- ----------------------------
-- Table structure for tb_co
-- ----------------------------
DROP TABLE IF EXISTS `tb_co`;
CREATE TABLE `tb_co` (
  `id` varchar(64) NOT NULL COMMENT 'id',
  `CO` float DEFAULT NULL COMMENT '',
  `create_by` varchar(64) DEFAULT NULL COMMENT '',
  `create_date` datetime DEFAULT NULL COMMENT '',
  `update_by` varchar(64) DEFAULT NULL COMMENT '',
  `update_date` datetime DEFAULT NULL COMMENT '',
  `del_flag` char(1) DEFAULT NULL COMMENT '',
  PRIMARY KEY (`id`)
) ENGINE=InnoDB DEFAULT CHARSET=utf8 COMMENT='';

-- ----------------------------
-- Records of tb_co
-- ----------------------------
INSERT INTO `tb_co` VALUES ('01691c16597a48c890bab1f2ce0d2479', '4.6', '1', '2017-05-16 11:16:28', '1', '2017-05-16 11:16:28', '0');
INSERT INTO `tb_co` VALUES ('0d31e3b239524f16a05646c7b90a37d6', '3.39', '1', '2017-05-16 11:15:52', '1', '2017-05-16 11:15:52', '0');
INSERT INTO `tb_co` VALUES ('1130dbd17e1743ddac278d1c9109c07b', '3.48', '1', '2017-05-16 11:37:09', '1', '2017-05-16 11:37:09', '0');
INSERT INTO `tb_co` VALUES ('16ab40d41346498ca08c18a87f479cc3', '5.46', '1', '2017-05-16 11:16:00', '1', '2017-05-16 11:16:00', '0');
INSERT INTO `tb_co` VALUES ('2b99dc5bf9164d65884594d411c81c54', '3.51', '1', '2017-05-16 11:37:07', '1', '2017-05-16 11:37:07', '0');
INSERT INTO `tb_co` VALUES ('2f24ed84d36342918522e1aed19b1489', '3.8', '1', '2017-05-16 11:37:12', '1', '2017-05-16 11:37:12', '0');
INSERT INTO `tb_co` VALUES ('5b33e7f9672d40578e64b998ea673cf9', '3.61', '1', '2017-05-16 11:16:26', '1', '2017-05-16 11:16:26', '0');
INSERT INTO `tb_co` VALUES ('66c00281f593490a910ddb224e621be5', '5.75', '1', '2017-05-16 11:16:31', '1', '2017-05-16 11:16:31', '0');
INSERT INTO `tb_co` VALUES ('7385d735d1524f8fba65614baeffdd8d', '5.21', '1', '2017-05-16 11:16:33', '1', '2017-05-16 11:16:33', '0');
INSERT INTO `tb_co` VALUES ('8081c20be406483487c055416f05ec7e', '5.45', '1', '2017-05-16 11:37:17', '1', '2017-05-16 11:37:17', '0');
INSERT INTO `tb_co` VALUES ('8356b9e8af8d4885950e4f622787f3e2', '3.61', '1', '2017-05-16 11:37:19', '1', '2017-05-16 11:37:19', '0');
INSERT INTO `tb_co` VALUES ('a1246da6326a4118bd0b6288d8de60f1', '3.94', '1', '2017-05-16 11:15:48', '1', '2017-05-16 11:15:48', '0');
INSERT INTO `tb_co` VALUES ('b30f6119bb9e45f1877a76cce9b18d75', '6.35', '1', '2017-05-16 11:15:55', '1', '2017-05-16 11:15:55', '0');
INSERT INTO `tb_co` VALUES ('d8d62cb8ab164a0a988462caba793b47', '6.28', 'fdbbca469d8441fb855e1018510e32f2', '2017-05-16 11:37:45', 'fdbbca469d8441fb855e1018510e32f2', '2017-05-16 11:37:45', '0');
INSERT INTO `tb_co` VALUES ('eb49fad94d1d488a9836707cff5cab9a', '5.49', '1', '2017-05-16 11:15:50', '1', '2017-05-16 11:15:50', '0');
INSERT INTO `tb_co` VALUES ('f073d3d7d3ab45a0beefa5c4223c8545', '5.39', '1', '2017-05-16 11:37:14', '1', '2017-05-16 11:37:14', '0');

-- ----------------------------
-- Table structure for tb_co2
-- ----------------------------
DROP TABLE IF EXISTS `tb_co2`;
CREATE TABLE `tb_co2` (
  `id` varchar(64) NOT NULL COMMENT 'id',
  `CO2` float DEFAULT NULL COMMENT 'CO2',
  `create_by` varchar(64) DEFAULT NULL COMMENT '',
  `create_date` datetime DEFAULT NULL COMMENT '',
  `update_by` varchar(64) DEFAULT NULL COMMENT '',
  `update_date` datetime DEFAULT NULL COMMENT '',
  `del_flag` char(1) DEFAULT NULL COMMENT '',
  PRIMARY KEY (`id`)
) ENGINE=InnoDB DEFAULT CHARSET=utf8 COMMENT='CO2';

-- ----------------------------
-- Records of tb_co2
-- ----------------------------
INSERT INTO `tb_co2` VALUES ('02bff604541b448aa2a0be04ca2dc237', '0.06', '1', '2017-05-16 11:15:52', '1', '2017-05-16 11:15:52', '0');
INSERT INTO `tb_co2` VALUES ('1e52b2312242462d8a503cb672c28e7b', '0.08', '1', '2017-05-16 11:16:26', '1', '2017-05-16 11:16:26', '0');
INSERT INTO `tb_co2` VALUES ('22df991d756049e8835b39eea3d69b58', '0.09', '1', '2017-05-16 11:15:50', '1', '2017-05-16 11:15:50', '0');
INSERT INTO `tb_co2` VALUES ('2ab58ba3160647439a732b29f2aef90d', '0.04', '1', '2017-05-16 11:37:17', '1', '2017-05-16 11:37:17', '0');
INSERT INTO `tb_co2` VALUES ('4ec77d40dead4cc09067b694b4ec12da', '0.07', '1', '2017-05-16 11:37:07', '1', '2017-05-16 11:37:07', '0');
INSERT INTO `tb_co2` VALUES ('66952702fb45408c84b6baa67f16a803', '0.09', '1', '2017-05-16 11:15:55', '1', '2017-05-16 11:15:55', '0');
INSERT INTO `tb_co2` VALUES ('688162eeec1e4346b8c8e2ad950ffc13', '0.06', '1', '2017-05-16 11:16:00', '1', '2017-05-16 11:16:00', '0');
INSERT INTO `tb_co2` VALUES ('717e98639faa44a98e3dd4beb5d29b9d', '0.08', '1', '2017-05-16 11:37:14', '1', '2017-05-16 11:37:14', '0');
INSERT INTO `tb_co2` VALUES ('841d85c09ba8430399036939b3143f35', '0.06', '1', '2017-05-16 11:37:12', '1', '2017-05-16 11:37:12', '0');
INSERT INTO `tb_co2` VALUES ('9e63a09f44414f18bb04eb234efa7459', '0.06', '1', '2017-05-16 11:37:09', '1', '2017-05-16 11:37:09', '0');
INSERT INTO `tb_co2` VALUES ('a02f4dfd72bb4e60b58e7c06941a19ab', '0.05', '1', '2017-05-16 11:37:19', '1', '2017-05-16 11:37:19', '0');
INSERT INTO `tb_co2` VALUES ('a398c93577714b7593d4e431f16deba4', '0.04', '1', '2017-05-16 11:15:47', '1', '2017-05-16 11:15:47', '0');
INSERT INTO `tb_co2` VALUES ('c9cc2e123b8c4646b0d98620adc36090', '0.07', '1', '2017-05-16 11:16:33', '1', '2017-05-16 11:16:33', '0');
INSERT INTO `tb_co2` VALUES ('da2a569c8d7143edab7f67fd244ad70b', '0.04', '1', '2017-05-16 11:16:31', '1', '2017-05-16 11:16:31', '0');
INSERT INTO `tb_co2` VALUES ('e4f0c986d74146559f51050eda40fbf1', '0.11', 'fdbbca469d8441fb855e1018510e32f2', '2017-05-16 11:37:45', 'fdbbca469d8441fb855e1018510e32f2', '2017-05-16 11:37:45', '0');
INSERT INTO `tb_co2` VALUES ('eeb06ef3ac9b42aaababf8352907985c', '0.06', '1', '2017-05-16 11:16:28', '1', '2017-05-16 11:16:28', '0');

-- ----------------------------
-- Table structure for tb_hcho
-- ----------------------------
DROP TABLE IF EXISTS `tb_hcho`;
CREATE TABLE `tb_hcho` (
  `id` varchar(64) NOT NULL COMMENT 'id',
  `HCHO` float DEFAULT NULL COMMENT 'HCHO',
  `create_by` varchar(64) DEFAULT NULL COMMENT '',
  `create_date` datetime DEFAULT NULL COMMENT '',
  `update_by` varchar(64) DEFAULT NULL COMMENT '',
  `update_date` datetime DEFAULT NULL COMMENT '',
  `del_flag` char(1) DEFAULT NULL COMMENT '',
  PRIMARY KEY (`id`)
) ENGINE=InnoDB DEFAULT CHARSET=utf8 COMMENT='';

-- ----------------------------
-- Records of tb_hcho
-- ----------------------------
INSERT INTO `tb_hcho` VALUES ('08548ad2f5f847e3aac73c2951edcc29', '0.03', '1', '2017-05-16 11:15:52', '1', '2017-05-16 11:15:52', '0');
INSERT INTO `tb_hcho` VALUES ('1c27b1920686468aa13b0fb3cf04c63e', '0.06', '1', '2017-05-16 11:37:12', '1', '2017-05-16 11:37:12', '0');
INSERT INTO `tb_hcho` VALUES ('32baa1b7aa574831b4f8cdb5a05901fd', '0.05', '1', '2017-05-16 11:16:26', '1', '2017-05-16 11:16:26', '0');
INSERT INTO `tb_hcho` VALUES ('33eac46176b84d869d36de8b9eb36d29', '0.09', '1', '2017-05-16 11:15:48', '1', '2017-05-16 11:15:48', '0');
INSERT INTO `tb_hcho` VALUES ('7322faffad6743379a3866d49b898643', '0.06', '1', '2017-05-16 11:37:19', '1', '2017-05-16 11:37:19', '0');
INSERT INTO `tb_hcho` VALUES ('7bdab03052ef4b0ebdcff056d10c3690', '0.01', '1', '2017-05-16 11:16:33', '1', '2017-05-16 11:16:33', '0');
INSERT INTO `tb_hcho` VALUES ('825e7f9827c94caab920db6a002f7637', '0.01', '1', '2017-05-16 11:37:09', '1', '2017-05-16 11:37:09', '0');
INSERT INTO `tb_hcho` VALUES ('9242bb6c7f064aaa89ca037cc4dd2497', '0.07', '1', '2017-05-16 11:37:14', '1', '2017-05-16 11:37:14', '0');
INSERT INTO `tb_hcho` VALUES ('c49a5140d2194fb7a31921b65dff6e33', '0.08', '1', '2017-05-16 11:16:28', '1', '2017-05-16 11:16:28', '0');
INSERT INTO `tb_hcho` VALUES ('c93af08f735f4e5eb72413888df037e6', '0.05', '1', '2017-05-16 11:37:17', '1', '2017-05-16 11:37:17', '0');
INSERT INTO `tb_hcho` VALUES ('d004e3dfa0664532b05dd302ca50506c', '0.05', 'fdbbca469d8441fb855e1018510e32f2', '2017-05-16 11:37:45', 'fdbbca469d8441fb855e1018510e32f2', '2017-05-16 11:37:45', '0');
INSERT INTO `tb_hcho` VALUES ('d9afc8f4f12242098d3e31096add818f', '0.03', '1', '2017-05-16 11:16:00', '1', '2017-05-16 11:16:00', '0');
INSERT INTO `tb_hcho` VALUES ('e90a46b767154ae5ad65b9f3d3417c07', '0.02', '1', '2017-05-16 11:16:31', '1', '2017-05-16 11:16:31', '0');
INSERT INTO `tb_hcho` VALUES ('f9e2a74652434af0af7793e1cff9738e', '0.04', '1', '2017-05-16 11:15:55', '1', '2017-05-16 11:15:55', '0');
INSERT INTO `tb_hcho` VALUES ('fc0eefc9c3024c1ba62c39b3cac30194', '0.02', '1', '2017-05-16 11:15:50', '1', '2017-05-16 11:15:50', '0');
INSERT INTO `tb_hcho` VALUES ('fda16a023f2c4de89c3c0a77d71b5afd', '0.09', '1', '2017-05-16 11:37:07', '1', '2017-05-16 11:37:07', '0');

-- ----------------------------
-- Table structure for tb_node
-- ----------------------------
DROP TABLE IF EXISTS `tb_node`;
CREATE TABLE `tb_node` (
  `id` varchar(64) NOT NULL COMMENT 'id',
  `name` varchar(64) DEFAULT NULL COMMENT '',
  `power` int(11) DEFAULT NULL COMMENT '',
  `create_by` varchar(64) DEFAULT NULL COMMENT '',
  `create_date` datetime DEFAULT NULL COMMENT '',
  `update_by` varchar(64) DEFAULT NULL COMMENT '',
  `update_date` datetime DEFAULT NULL COMMENT '',
  `del_flag` char(1) DEFAULT NULL COMMENT '',
  PRIMARY KEY (`id`)
) ENGINE=InnoDB DEFAULT CHARSET=utf8 COMMENT=' ';

-- ----------------------------
-- Records of tb_node
-- ----------------------------

-- ----------------------------
-- Table structure for tb_pm10
-- ----------------------------
DROP TABLE IF EXISTS `tb_pm10`;
CREATE TABLE `tb_pm10` (
  `id` varchar(64) NOT NULL COMMENT 'id',
  `PM10` float DEFAULT NULL COMMENT 'pm10',
  `create_by` varchar(64) DEFAULT NULL COMMENT '',
  `create_date` datetime DEFAULT NULL COMMENT '',
  `update_by` varchar(64) DEFAULT NULL COMMENT '',
  `update_date` datetime DEFAULT NULL COMMENT '',
  `del_flag` char(1) DEFAULT NULL COMMENT '',
  PRIMARY KEY (`id`)
) ENGINE=InnoDB DEFAULT CHARSET=utf8 COMMENT='PM2.5';

-- ----------------------------
-- Records of tb_pm10
-- ----------------------------
INSERT INTO `tb_pm10` VALUES ('0cc30ff477304eda8502dfd92da1beed', '0.1', '1', '2017-05-16 11:37:12', '1', '2017-05-16 11:37:12', '0');
INSERT INTO `tb_pm10` VALUES ('3ad4f29ee68e4881b67517b815f23b0a', '0.09', '1', '2017-05-16 11:37:09', '1', '2017-05-16 11:37:09', '0');
INSERT INTO `tb_pm10` VALUES ('3c020f5a0c804a5dad0e57372ed6b732', '0.08', '1', '2017-05-16 11:16:00', '1', '2017-05-16 11:16:00', '0');
INSERT INTO `tb_pm10` VALUES ('4a7ea686a64e4439afa417146812c2e4', '0.04', '1', '2017-05-16 11:16:33', '1', '2017-05-16 11:16:33', '0');
INSERT INTO `tb_pm10` VALUES ('51b8dd071a004c93b945fd14ef7a3f46', '0.05', '1', '2017-05-16 11:37:14', '1', '2017-05-16 11:37:14', '0');
INSERT INTO `tb_pm10` VALUES ('87f34a9f631f447885865bc606eff6f8', '0.1', '1', '2017-05-16 11:15:47', '1', '2017-05-16 11:15:47', '0');
INSERT INTO `tb_pm10` VALUES ('944f38dd39eb449e90d32ef670802921', '0.06', '1', '2017-05-16 11:16:31', '1', '2017-05-16 11:16:31', '0');
INSERT INTO `tb_pm10` VALUES ('9987963eb98047f2884ccc9df0c260c9', '0.08', '1', '2017-05-16 11:15:52', '1', '2017-05-16 11:15:52', '0');
INSERT INTO `tb_pm10` VALUES ('a2e8a71cdd7648c6849034b1036f1224', '0.14', '1', '2017-05-16 11:37:19', '1', '2017-05-16 11:37:19', '0');
INSERT INTO `tb_pm10` VALUES ('b778576f11fc42bb9d17229aad1a6f13', '0.05', '1', '2017-05-16 11:15:50', '1', '2017-05-16 11:15:50', '0');
INSERT INTO `tb_pm10` VALUES ('bbef7740e85140be8179128cdafbaf7b', '0.04', '1', '2017-05-16 11:15:55', '1', '2017-05-16 11:15:55', '0');
INSERT INTO `tb_pm10` VALUES ('bc4608e2cc5444eda4e04f5a185d06ad', '0.14', '1', '2017-05-16 11:16:28', '1', '2017-05-16 11:16:28', '0');
INSERT INTO `tb_pm10` VALUES ('be2a641430c14b47afbef1c8e5cc83c2', '0.09', '1', '2017-05-16 11:37:17', '1', '2017-05-16 11:37:17', '0');
INSERT INTO `tb_pm10` VALUES ('ca58f7805674424da4f364a7339f514d', '0.05', '1', '2017-05-16 11:37:07', '1', '2017-05-16 11:37:07', '0');
INSERT INTO `tb_pm10` VALUES ('cd174297305c422b87a1ecc7789e6a37', '0.14', '1', '2017-05-16 11:16:26', '1', '2017-05-16 11:16:26', '0');
INSERT INTO `tb_pm10` VALUES ('fc9a966eb75d421fa0991f91c3c3d119', '0.03', 'fdbbca469d8441fb855e1018510e32f2', '2017-05-16 11:37:45', 'fdbbca469d8441fb855e1018510e32f2', '2017-05-16 11:37:45', '0');

-- ----------------------------
-- Table structure for tb_so2
-- ----------------------------
DROP TABLE IF EXISTS `tb_so2`;
CREATE TABLE `tb_so2` (
  `id` varchar(64) NOT NULL COMMENT 'id',
  `SO2` float DEFAULT NULL COMMENT 'SO2',
  `create_by` varchar(64) DEFAULT NULL COMMENT '',
  `create_date` datetime DEFAULT NULL COMMENT '',
  `update_by` varchar(64) DEFAULT NULL COMMENT '',
  `update_date` datetime DEFAULT NULL COMMENT '',
  `del_flag` char(1) DEFAULT NULL COMMENT '',
  PRIMARY KEY (`id`)
) ENGINE=InnoDB DEFAULT CHARSET=utf8 COMMENT='';

-- ----------------------------
-- Records of tb_so2
-- ----------------------------
INSERT INTO `tb_so2` VALUES ('1b1c835c012d497aa4a7621dc339b12c', '0.3', '1', '2017-05-16 11:16:28', '1', '2017-05-16 11:16:28', '0');
INSERT INTO `tb_so2` VALUES ('223d49f61e534f4d8403f6e6e97e7aaa', '0.59', '1', '2017-05-16 11:37:09', '1', '2017-05-16 11:37:09', '0');
INSERT INTO `tb_so2` VALUES ('26283e5b3bf149989d1f4235450c1cfc', '0.31', '1', '2017-05-16 11:37:07', '1', '2017-05-16 11:37:07', '0');
INSERT INTO `tb_so2` VALUES ('2fceea90e6f74d8bb520fd58c2fb4078', '0.53', '1', '2017-05-16 11:37:12', '1', '2017-05-16 11:37:12', '0');
INSERT INTO `tb_so2` VALUES ('4842892f40034309a6fed75b66f7d5b3', '0.59', '1', '2017-05-16 11:37:19', '1', '2017-05-16 11:37:19', '0');
INSERT INTO `tb_so2` VALUES ('645b836bf05f497d99d9ddf9be926c7b', '0.34', '1', '2017-05-16 11:15:47', '1', '2017-05-16 11:15:47', '0');
INSERT INTO `tb_so2` VALUES ('74268a83e0f142dbbe4513fb39c2a1ef', '0.55', '1', '2017-05-16 11:16:00', '1', '2017-05-16 11:16:00', '0');
INSERT INTO `tb_so2` VALUES ('973a2d48d99b4c1199a0cdd5579e6ce7', '0.51', 'fdbbca469d8441fb855e1018510e32f2', '2017-05-16 11:37:45', 'fdbbca469d8441fb855e1018510e32f2', '2017-05-16 11:37:45', '0');
INSERT INTO `tb_so2` VALUES ('ac3c1dca02e34c3bbdc1197d4a2c8151', '0.47', '1', '2017-05-16 11:15:55', '1', '2017-05-16 11:15:55', '0');
INSERT INTO `tb_so2` VALUES ('c07b5585775943eabca15e898ebbb2aa', '0.29', '1', '2017-05-16 11:15:52', '1', '2017-05-16 11:15:52', '0');
INSERT INTO `tb_so2` VALUES ('c0d1a024cc8548498c21ff2705f29bdc', '0.23', '1', '2017-05-16 11:37:17', '1', '2017-05-16 11:37:17', '0');
INSERT INTO `tb_so2` VALUES ('cd0940fb5b1b416b96b8140bbe223263', '0.6', '1', '2017-05-16 11:37:14', '1', '2017-05-16 11:37:14', '0');
INSERT INTO `tb_so2` VALUES ('cf77cbaca35b43e1ba4e103674a37cc0', '0.29', '1', '2017-05-16 11:16:26', '1', '2017-05-16 11:16:26', '0');
INSERT INTO `tb_so2` VALUES ('f57dbb4295c34c81a2285cc97f61e35e', '0.27', '1', '2017-05-16 11:16:33', '1', '2017-05-16 11:16:33', '0');
INSERT INTO `tb_so2` VALUES ('f9f7c9e302334827bfb550195d0382c9', '0.59', '1', '2017-05-16 11:15:50', '1', '2017-05-16 11:15:50', '0');
INSERT INTO `tb_so2` VALUES ('fed4e939cb5f454281082c8141a630c9', '0.38', '1', '2017-05-16 11:16:31', '1', '2017-05-16 11:16:31', '0');

-- ----------------------------
-- Table structure for tb_temp_hum
-- ----------------------------
DROP TABLE IF EXISTS `tb_temp_hum`;
CREATE TABLE `tb_temp_hum` (
  `id` varchar(64) NOT NULL COMMENT 'id',
  `temp` float DEFAULT NULL COMMENT '',
  `hum` float DEFAULT NULL COMMENT '',
  `create_by` varchar(64) DEFAULT NULL COMMENT '',
  `create_date` datetime DEFAULT NULL COMMENT '',
  `update_by` varchar(64) DEFAULT NULL COMMENT '',
  `update_date` datetime DEFAULT NULL COMMENT '',
  `del_flag` char(1) DEFAULT NULL COMMENT '',
  PRIMARY KEY (`id`)
) ENGINE=InnoDB DEFAULT CHARSET=utf8 COMMENT='';

-- ----------------------------
-- Records of tb_temp_hum
-- ----------------------------
INSERT INTO `tb_temp_hum` VALUES ('0248656ce1db4950b456bcc443431f40', '24.55', '73.36', '1', '2017-05-16 11:15:50', '1', '2017-05-16 11:15:50', '0');
INSERT INTO `tb_temp_hum` VALUES ('14404f63af59433d8da73abedf513d0e', '22.63', '45.02', '1', '2017-05-16 11:16:26', '1', '2017-05-16 11:16:26', '0');
INSERT INTO `tb_temp_hum` VALUES ('2bf6c63c68c44123aba147939f6b5263', '22.56', '77.44', 'fdbbca469d8441fb855e1018510e32f2', '2017-05-16 11:37:45', 'fdbbca469d8441fb855e1018510e32f2', '2017-05-16 11:37:45', '0');
INSERT INTO `tb_temp_hum` VALUES ('318a060043364e78a02655a6030051f0', '25.24', '54.89', '1', '2017-05-16 11:15:52', '1', '2017-05-16 11:15:52', '0');
INSERT INTO `tb_temp_hum` VALUES ('34cd702eb687410f8355686b728bccbc', '23.89', '44.31', '1', '2017-05-16 11:37:07', '1', '2017-05-16 11:37:07', '0');
INSERT INTO `tb_temp_hum` VALUES ('3b2dff26180347ea8f4a59a2eec6a270', '24.05', '41.85', '1', '2017-05-16 11:16:31', '1', '2017-05-16 11:16:31', '0');
INSERT INTO `tb_temp_hum` VALUES ('4e33881736fa44a6b91795bab0362e83', '23.18', '77.56', '1', '2017-05-16 11:37:09', '1', '2017-05-16 11:37:09', '0');
INSERT INTO `tb_temp_hum` VALUES ('517441778edc44b180129ab9a2501e9d', '25.73', '40.89', '1', '2017-05-16 11:15:47', '1', '2017-05-16 11:15:47', '0');
INSERT INTO `tb_temp_hum` VALUES ('7b2a5c5c368146559e9041b4dd6822a0', '22.67', '40.82', '1', '2017-05-16 11:37:12', '1', '2017-05-16 11:37:12', '0');
INSERT INTO `tb_temp_hum` VALUES ('814574208c894136a6ae88ba5c2c4959', '23.65', '60.93', '1', '2017-05-16 11:16:33', '1', '2017-05-16 11:16:33', '0');
INSERT INTO `tb_temp_hum` VALUES ('957aa665f9554699b5974efae9816cb6', '22.84', '78.21', '1', '2017-05-16 11:37:14', '1', '2017-05-16 11:37:14', '0');
INSERT INTO `tb_temp_hum` VALUES ('98f44e3dfc454fdc9a226bbb47626750', '27.38', '77.66', '1', '2017-05-16 11:16:00', '1', '2017-05-16 11:16:00', '0');
INSERT INTO `tb_temp_hum` VALUES ('c04ed03c927a4ec8a1cb7d891a3a09cf', '27.63', '46.75', '1', '2017-05-16 11:15:55', '1', '2017-05-16 11:15:55', '0');
INSERT INTO `tb_temp_hum` VALUES ('c592db6fcda248c183a28172bc11467f', '25.7', '60.01', '1', '2017-05-16 11:37:17', '1', '2017-05-16 11:37:17', '0');
INSERT INTO `tb_temp_hum` VALUES ('d92ff5af46da46d39deba8ef6bf2e7fa', '22.78', '71.55', '1', '2017-05-16 11:16:28', '1', '2017-05-16 11:16:28', '0');
INSERT INTO `tb_temp_hum` VALUES ('ddf0f87ea14c44a4851c76a17df6844b', '27.59', '76.84', '1', '2017-05-16 11:37:19', '1', '2017-05-16 11:37:19', '0');

-- ----------------------------
-- Table structure for test_data
-- ----------------------------
DROP TABLE IF EXISTS `test_data`;
CREATE TABLE `test_data` (
  `id` varchar(64) COLLATE utf8_bin NOT NULL COMMENT '',
  `user_id` varchar(64) COLLATE utf8_bin DEFAULT NULL COMMENT '',
  `office_id` varchar(64) COLLATE utf8_bin DEFAULT NULL COMMENT '',
  `area_id` varchar(64) COLLATE utf8_bin DEFAULT NULL COMMENT '',
  `name` varchar(100) COLLATE utf8_bin DEFAULT NULL COMMENT '',
  `sex` char(1) COLLATE utf8_bin DEFAULT NULL COMMENT '',
  `in_date` date DEFAULT NULL COMMENT '',
  `create_by` varchar(64) COLLATE utf8_bin NOT NULL COMMENT '',
  `create_date` datetime NOT NULL COMMENT '',
  `update_by` varchar(64) COLLATE utf8_bin NOT NULL COMMENT '',
  `update_date` datetime NOT NULL COMMENT '',
  `remarks` varchar(255) COLLATE utf8_bin DEFAULT NULL COMMENT '',
  `del_flag` char(1) COLLATE utf8_bin NOT NULL DEFAULT '0' COMMENT '',
  PRIMARY KEY (`id`),
  KEY `test_data_del_flag` (`del_flag`)
) ENGINE=InnoDB DEFAULT CHARSET=utf8 COLLATE=utf8_bin COMMENT='';

-- ----------------------------
-- Records of test_data
-- ----------------------------

-- ----------------------------
-- Table structure for test_data_child
-- ----------------------------
DROP TABLE IF EXISTS `test_data_child`;
CREATE TABLE `test_data_child` (
  `id` varchar(64) COLLATE utf8_bin NOT NULL COMMENT '',
  `test_data_main_id` varchar(64) COLLATE utf8_bin DEFAULT NULL COMMENT 'ID',
  `name` varchar(100) COLLATE utf8_bin DEFAULT NULL COMMENT '',
  `create_by` varchar(64) COLLATE utf8_bin NOT NULL COMMENT '',
  `create_date` datetime NOT NULL COMMENT '',
  `update_by` varchar(64) COLLATE utf8_bin NOT NULL COMMENT '',
  `update_date` datetime NOT NULL COMMENT '',
  `remarks` varchar(255) COLLATE utf8_bin DEFAULT NULL COMMENT '',
  `del_flag` char(1) COLLATE utf8_bin NOT NULL DEFAULT '0' COMMENT '',
  PRIMARY KEY (`id`),
  KEY `test_data_child_del_flag` (`del_flag`)
) ENGINE=InnoDB DEFAULT CHARSET=utf8 COLLATE=utf8_bin COMMENT='';

-- ----------------------------
-- Records of test_data_child
-- ----------------------------

-- ----------------------------
-- Table structure for test_data_main
-- ----------------------------
DROP TABLE IF EXISTS `test_data_main`;
CREATE TABLE `test_data_main` (
  `id` varchar(64) COLLATE utf8_bin NOT NULL COMMENT '',
  `user_id` varchar(64) COLLATE utf8_bin DEFAULT NULL COMMENT '',
  `office_id` varchar(64) COLLATE utf8_bin DEFAULT NULL COMMENT '',
  `area_id` varchar(64) COLLATE utf8_bin DEFAULT NULL COMMENT '',
  `name` varchar(100) COLLATE utf8_bin DEFAULT NULL COMMENT '',
  `sex` char(1) COLLATE utf8_bin DEFAULT NULL COMMENT '',
  `in_date` date DEFAULT NULL COMMENT '',
  `create_by` varchar(64) COLLATE utf8_bin NOT NULL COMMENT '',
  `create_date` datetime NOT NULL COMMENT '',
  `update_by` varchar(64) COLLATE utf8_bin NOT NULL COMMENT '',
  `update_date` datetime NOT NULL COMMENT '',
  `remarks` varchar(255) COLLATE utf8_bin DEFAULT NULL COMMENT '',
  `del_flag` char(1) COLLATE utf8_bin NOT NULL DEFAULT '0' COMMENT '',
  PRIMARY KEY (`id`),
  KEY `test_data_main_del_flag` (`del_flag`)
) ENGINE=InnoDB DEFAULT CHARSET=utf8 COLLATE=utf8_bin COMMENT='';

-- ----------------------------
-- Records of test_data_main
-- ----------------------------

-- ----------------------------
-- Table structure for test_tree
-- ----------------------------
DROP TABLE IF EXISTS `test_tree`;
CREATE TABLE `test_tree` (
  `id` varchar(64) COLLATE utf8_bin NOT NULL COMMENT '',
  `parent_id` varchar(64) COLLATE utf8_bin NOT NULL COMMENT '',
  `parent_ids` varchar(2000) COLLATE utf8_bin NOT NULL COMMENT '',
  `name` varchar(100) COLLATE utf8_bin NOT NULL COMMENT '',
  `sort` decimal(10,0) NOT NULL COMMENT '',
  `create_by` varchar(64) COLLATE utf8_bin NOT NULL COMMENT '',
  `create_date` datetime NOT NULL COMMENT '',
  `update_by` varchar(64) COLLATE utf8_bin NOT NULL COMMENT '',
  `update_date` datetime NOT NULL COMMENT '',
  `remarks` varchar(255) COLLATE utf8_bin DEFAULT NULL COMMENT '',
  `del_flag` char(1) COLLATE utf8_bin NOT NULL DEFAULT '0' COMMENT '',
  PRIMARY KEY (`id`),
  KEY `test_tree_del_flag` (`del_flag`),
  KEY `test_data_parent_id` (`parent_id`)
) ENGINE=InnoDB DEFAULT CHARSET=utf8 COLLATE=utf8_bin COMMENT='';

-- ----------------------------
-- Records of test_tree
-- ----------------------------
